id_client,score_credit,age,anciennete,solde,nb_produits,carte_credit,membre_actif,salaire_estime,pays,genre,churn
1,452,71,7,210647.09,2,0,1,127809.06,Allemagne,Femme,0
2,785,30,4,201375.78,2,1,1,117649.4,France,Homme,1
3,698,36,5,182768.97,2,0,0,141257.0,France,Femme,0
4,620,46,6,115807.41,4,1,1,68520.92,Allemagne,Femme,0
5,456,20,3,80984.78,2,1,1,24974.34,Allemagne,Homme,1
6,421,43,13,152182.62,1,1,0,61446.89,Espagne,Homme,0
7,538,57,13,219055.82,4,1,1,47605.73,Allemagne,Femme,0
8,370,76,5,220944.36,1,1,1,185860.31,France,Homme,0
9,452,75,6,27124.59,4,1,1,172668.48,Espagne,Femme,1
10,471,75,10,107087.57,4,1,1,73777.07,France,Femme,1
11,816,29,14,116180.49,3,1,0,169672.82,Allemagne,Femme,0
12,564,19,5,244403.84,4,0,0,54174.25,France,Femme,1
13,680,28,10,169499.5,4,1,0,51922.16,Allemagne,Femme,0
14,808,61,12,101811.6,1,1,0,156994.05,Espagne,Femme,1
15,437,45,14,6514.47,1,1,1,75482.16,Allemagne,Femme,1
16,722,35,11,141346.29,2,1,1,26986.64,France,Femme,0
17,449,30,5,24018.99,3,0,1,148197.52,Espagne,Homme,0
18,709,54,1,208612.49,4,0,1,198076.26,France,Femme,0
19,501,39,4,188129.67,3,0,1,119705.88,France,Homme,0
20,480,29,2,115127.29,2,1,0,63778.5,Espagne,Femme,0
21,499,19,6,107302.69,3,0,1,83987.55,Allemagne,Femme,0
22,658,54,3,224334.74,4,1,1,135000.17,Allemagne,Homme,0
23,607,24,0,72114.59,1,1,1,144755.23,Allemagne,Femme,1
24,693,43,11,62254.99,3,1,1,178971.46,France,Femme,0
25,841,43,11,234799.36,4,0,1,183134.54,France,Femme,0
26,763,41,5,202311.46,2,0,0,174336.52,France,Femme,1
27,643,29,5,205156.4,4,1,1,134970.82,France,Homme,0
28,735,33,6,48798.45,3,0,1,98222.69,France,Homme,0
29,541,40,14,35824.0,4,0,1,140671.51,France,Femme,0
30,793,57,10,6507.39,4,0,1,138314.61,Allemagne,Homme,1
31,626,79,7,59260.38,3,1,1,55326.84,France,Femme,1
32,510,77,14,193547.62,3,1,1,108897.42,France,Homme,0
33,809,26,2,60009.6,2,0,0,53519.73,France,Femme,1
34,663,49,13,182275.82,4,1,1,181337.9,France,Homme,0
35,371,32,5,62977.07,1,0,1,74800.86,France,Homme,1
36,602,54,9,98823.12,3,1,0,164003.81,Allemagne,Femme,1
37,585,30,1,245790.57,4,0,1,84787.01,France,Femme,1
38,694,22,12,61202.93,1,1,1,156291.19,France,Homme,0
39,398,28,13,94092.66,1,0,1,55868.8,Espagne,Homme,1
40,824,27,8,75271.8,4,1,1,156292.5,France,Femme,0
41,408,69,1,27406.25,4,0,0,48213.43,Espagne,Femme,1
42,519,30,2,122473.54,4,1,1,105801.24,Espagne,Homme,0
43,825,58,11,94672.67,1,1,1,36020.95,Allemagne,Femme,0
44,537,70,14,173721.77,4,1,1,112661.14,Allemagne,Homme,1
45,813,63,14,204398.64,3,1,1,166832.15,Allemagne,Femme,0
46,620,67,12,136062.43,1,0,1,154776.19,Espagne,Homme,0
47,539,32,9,8049.11,3,0,1,24382.31,Allemagne,Homme,0
48,795,59,11,154730.59,3,0,0,106052.85,France,Homme,1
49,524,73,11,13847.68,4,0,1,172661.68,France,Femme,0
50,795,24,1,154089.08,3,1,1,135269.15,France,Femme,0
51,400,57,8,171257.49,4,1,1,25952.24,France,Femme,1
52,713,45,0,49441.91,1,0,1,75241.92,France,Femme,1
53,404,49,4,204836.54,3,1,1,117968.57,Allemagne,Homme,0
54,593,52,0,227771.28,4,0,1,46940.52,Allemagne,Homme,0
55,669,32,4,203271.74,2,1,1,141154.1,Allemagne,Femme,1
56,480,65,7,76277.3,4,1,1,132446.59,France,Femme,0
57,834,53,7,146660.75,2,1,1,52452.19,France,Homme,0
58,656,38,10,228703.79,4,1,1,116823.62,Allemagne,Femme,1
59,484,23,7,80166.18,2,1,0,165167.93,France,Homme,0
60,370,18,1,205006.96,3,1,1,84342.94,Allemagne,Femme,1
61,678,21,7,2368.78,2,0,0,60692.52,France,Femme,1
62,516,28,11,911.68,3,1,1,144725.81,Allemagne,Homme,1
63,623,61,4,189927.92,3,1,0,28098.8,Allemagne,Homme,1
64,737,43,14,190361.9,4,1,1,169044.65,Allemagne,Femme,0
65,438,78,0,197244.3,3,1,1,189539.91,France,Homme,1
66,665,54,6,232506.71,1,1,1,193485.6,Espagne,Homme,0
67,363,40,12,29476.58,2,1,1,95019.67,France,Homme,1
68,591,46,5,57996.25,4,0,0,130292.53,France,Homme,1
69,614,38,4,225931.23,3,1,1,173612.44,Allemagne,Homme,0
70,695,65,0,44309.05,2,1,0,56333.44,France,Femme,0
71,402,62,13,170557.32,2,1,0,20124.99,France,Femme,0
72,735,62,13,132615.75,1,0,1,86144.75,Allemagne,Femme,0
73,689,66,0,20798.42,2,1,1,178608.65,France,Femme,1
74,441,44,5,71315.92,4,1,0,108438.3,Allemagne,Femme,1
75,716,56,9,130093.05,4,0,1,113090.51,Allemagne,Femme,1
76,793,57,11,213087.53,3,1,0,142922.7,France,Femme,0
77,804,30,6,176884.62,3,0,1,121285.69,Allemagne,Homme,0
78,777,40,9,155470.79,4,0,1,25078.18,France,Homme,0
79,613,76,9,124008.22,2,1,1,118759.12,Allemagne,Homme,0
80,780,33,0,74671.0,2,1,1,134872.39,France,Femme,0
81,384,47,8,29811.23,1,1,1,133695.22,Allemagne,Homme,1
82,555,78,14,102269.01,3,1,1,149743.67,Allemagne,Femme,1
83,430,21,3,7129.62,2,0,1,111185.25,Espagne,Femme,1
84,769,57,4,52763.97,2,1,1,181510.88,France,Femme,0
85,399,33,1,108120.84,3,1,1,100888.21,France,Homme,0
86,709,48,13,104651.3,4,0,1,110864.5,France,Homme,0
87,737,70,11,11073.86,2,1,1,159356.56,France,Femme,1
88,351,59,9,147265.04,1,1,1,169148.47,France,Femme,1
89,739,42,12,137421.06,2,1,1,134946.87,Espagne,Femme,0
90,403,61,7,19526.08,2,1,1,38379.04,France,Homme,0
91,455,29,13,235790.76,1,0,1,76411.14,France,Homme,0
92,609,43,1,24845.69,4,1,0,18728.78,Allemagne,Homme,1
93,659,54,2,213708.54,1,0,1,69658.21,France,Femme,1
94,826,65,14,77.43,1,1,1,120495.19,France,Femme,0
95,540,50,11,220570.27,3,1,0,163967.69,Espagne,Femme,0
96,751,45,14,4929.93,2,0,1,123345.21,France,Femme,1
97,567,26,8,189453.01,4,1,1,22380.51,Allemagne,Femme,0
98,393,29,1,90422.7,2,1,1,62934.7,France,Femme,0
99,511,22,13,184554.2,4,1,1,121941.41,Allemagne,Femme,0
100,551,71,5,100436.3,1,1,0,146173.83,France,Femme,1
101,795,69,11,17726.98,3,0,1,175293.96,France,Homme,1
102,833,71,3,191876.67,1,1,1,194014.36,France,Homme,1
103,619,45,6,17813.17,2,1,1,179980.52,France,Homme,1
104,700,73,13,230530.11,3,1,1,101455.68,Espagne,Femme,0
105,653,52,13,12743.51,3,0,0,153181.96,France,Femme,1
106,620,22,5,119831.32,2,1,1,59497.64,Allemagne,Homme,1
107,805,51,9,180758.61,4,0,1,26808.7,Espagne,Homme,0
108,811,63,13,98311.62,3,0,1,25187.77,France,Femme,1
109,564,51,8,54308.37,4,1,1,59641.55,Espagne,Homme,0
110,601,30,13,189772.74,4,0,1,21945.1,Allemagne,Homme,0
111,539,56,8,196073.68,4,0,1,172300.4,Allemagne,Femme,0
112,645,59,9,230673.75,3,1,1,105635.34,Espagne,Homme,0
113,562,62,3,94041.28,1,1,0,165016.51,France,Homme,0
114,557,65,0,126562.93,3,1,1,188881.18,France,Femme,0
115,586,75,1,90782.11,1,1,1,198872.96,France,Femme,0
116,687,31,7,64270.46,3,1,1,188375.34,Espagne,Homme,0
117,716,28,13,187758.24,1,1,1,147563.01,France,Femme,0
118,402,59,9,84912.96,1,0,1,96766.24,Espagne,Femme,0
119,629,55,7,107037.36,3,1,0,125627.2,France,Homme,0
120,759,21,13,100918.41,4,0,0,166051.83,Allemagne,Homme,1
121,566,70,14,178165.31,4,1,0,181047.58,Allemagne,Homme,1
122,601,50,1,229448.91,1,1,0,191946.67,Espagne,Femme,1
123,537,24,3,166689.02,2,0,1,150162.05,France,Femme,1
124,729,73,0,117895.65,2,1,1,114891.41,France,Homme,0
125,842,58,6,194801.28,3,1,1,194148.77,Espagne,Homme,0
126,390,25,3,160242.83,3,0,1,192345.62,Espagne,Femme,1
127,506,54,10,15152.59,3,0,0,103347.27,France,Homme,1
128,364,68,13,23915.9,2,1,1,135001.8,Allemagne,Femme,1
129,650,27,7,9479.24,4,0,1,164714.42,France,Homme,1
130,414,60,8,114204.08,3,0,0,95119.63,Allemagne,Homme,1
131,694,74,11,206463.36,3,1,1,168434.86,Allemagne,Homme,1
132,676,32,8,78270.79,4,1,1,35619.26,Allemagne,Femme,0
133,358,55,2,96040.05,1,1,1,104013.07,France,Femme,1
134,693,32,4,227369.28,3,1,1,104283.31,France,Femme,0
135,478,22,5,209225.86,2,1,1,141661.56,Allemagne,Femme,0
136,841,46,5,166262.03,2,1,1,36536.41,Allemagne,Homme,0
137,485,36,9,66700.95,3,1,1,34093.93,Espagne,Femme,0
138,821,71,7,29260.37,2,1,1,181610.04,France,Homme,1
139,412,68,5,4014.71,4,0,1,71192.17,France,Femme,1
140,488,27,5,26752.67,1,1,1,75480.64,France,Femme,0
141,848,29,3,73149.11,1,0,1,158719.39,Allemagne,Homme,1
142,430,71,6,137947.52,3,1,1,91758.17,Allemagne,Homme,0
143,741,21,13,16000.02,3,0,1,169090.89,Allemagne,Homme,0
144,512,48,13,34056.94,1,1,1,89271.72,France,Femme,0
145,768,35,7,45270.18,1,1,1,155710.96,France,Femme,1
146,638,33,2,157995.52,3,1,1,112182.34,Espagne,Femme,0
147,728,57,6,153947.45,2,0,1,188128.2,Espagne,Homme,1
148,610,53,2,137691.43,3,0,1,75566.96,France,Femme,0
149,839,42,7,62625.36,4,1,1,82097.76,France,Femme,1
150,580,40,0,92779.92,3,0,1,194447.51,Espagne,Homme,0
151,390,29,0,24172.43,3,1,0,151442.14,France,Homme,0
152,377,51,13,56615.15,3,1,1,157924.96,Espagne,Femme,0
153,484,53,5,224426.31,3,1,0,69755.7,France,Femme,1
154,550,54,9,244922.94,3,1,1,113428.21,Espagne,Homme,0
155,677,20,8,161914.9,3,1,1,73005.08,Allemagne,Homme,0
156,617,26,11,229205.82,2,0,1,63075.74,France,Homme,0
157,767,78,13,160685.48,3,1,1,114019.62,Allemagne,Homme,1
158,382,70,3,8299.12,1,1,1,197735.72,France,Homme,0
159,397,35,5,249190.65,3,0,0,54705.19,France,Homme,1
160,756,60,11,24738.08,2,0,1,59866.17,France,Homme,0
161,411,52,4,170660.45,4,1,1,59978.86,Allemagne,Homme,0
162,565,79,11,63209.05,1,0,1,161464.92,France,Femme,1
163,642,74,14,97995.28,3,0,1,109439.18,France,Homme,1
164,448,72,0,161483.55,3,1,1,86182.02,France,Femme,0
165,521,51,5,109121.84,1,0,0,171101.12,Allemagne,Homme,1
166,709,58,8,62636.51,3,0,1,70035.77,Espagne,Homme,1
167,563,31,14,83611.55,2,1,0,87560.31,France,Homme,0
168,824,21,14,85387.03,3,0,0,28619.8,France,Homme,1
169,384,46,11,239830.98,4,1,1,36998.37,Allemagne,Femme,1
170,798,58,2,199653.25,2,0,1,40295.25,France,Homme,0
171,576,62,10,114637.19,3,1,0,79190.42,Allemagne,Homme,1
172,450,67,14,49955.23,4,1,1,111955.77,France,Homme,0
173,780,32,2,202754.03,1,0,1,15137.7,Allemagne,Homme,1
174,811,45,13,39295.62,2,1,1,50137.48,France,Femme,0
175,480,59,1,52615.55,3,1,1,47495.25,France,Homme,0
176,606,33,12,91503.35,3,0,0,61869.17,Allemagne,Homme,0
177,354,29,3,220087.05,1,1,1,45724.97,Allemagne,Homme,0
178,567,69,9,32946.67,1,1,1,51098.71,France,Femme,0
179,604,22,2,30558.55,2,1,1,197017.87,Allemagne,Femme,0
180,747,51,11,123493.75,2,1,1,125025.1,France,Homme,0
181,708,59,1,69102.64,2,0,0,156098.24,Allemagne,Homme,0
182,632,18,0,142181.99,3,0,1,166578.52,France,Homme,0
183,742,56,2,112909.17,3,1,0,138520.91,France,Homme,0
184,556,49,9,108739.78,2,1,1,145254.85,Espagne,Femme,1
185,364,43,5,27993.24,3,1,1,131972.44,France,Homme,1
186,695,34,8,35262.42,1,1,1,135134.09,Allemagne,Femme,1
187,391,65,10,205269.64,4,0,0,186763.18,Espagne,Homme,0
188,729,76,4,221470.68,3,1,1,49361.62,Allemagne,Homme,1
189,810,44,14,58670.88,2,1,1,65825.06,Allemagne,Femme,0
190,528,41,2,28365.13,3,1,0,32252.83,France,Femme,0
191,412,52,13,13354.17,1,1,1,169905.03,Espagne,Femme,1
192,701,63,4,152074.4,2,0,1,98019.73,France,Femme,0
193,580,59,4,178838.3,4,0,1,182814.34,Espagne,Femme,0
194,590,71,4,93202.5,2,1,0,91160.01,Allemagne,Femme,0
195,401,56,11,169918.97,2,0,1,96883.62,Allemagne,Homme,1
196,445,43,11,178239.7,2,1,0,97945.95,France,Femme,1
197,737,66,6,233835.57,3,1,1,128311.22,France,Femme,1
198,571,79,4,16218.41,4,1,1,156732.96,France,Homme,1
199,834,55,6,48072.93,1,0,1,79989.07,Allemagne,Homme,1
200,756,40,8,17131.5,3,0,0,131580.61,Allemagne,Homme,0
201,580,39,4,216998.48,4,1,1,52733.98,Allemagne,Homme,0
202,586,21,1,198146.79,4,0,1,117498.71,Espagne,Homme,0
203,492,66,4,143660.52,3,1,1,116118.21,Espagne,Homme,0
204,520,76,7,20915.85,2,1,1,179412.44,France,Femme,0
205,378,26,11,68328.09,4,1,0,180731.37,France,Homme,0
206,385,21,3,74429.96,1,1,1,105134.06,France,Homme,0
207,362,24,1,140185.8,3,1,1,19550.9,Espagne,Femme,1
208,509,40,9,64510.97,4,1,1,171255.06,France,Homme,0
209,676,19,2,18239.97,1,1,0,15115.16,France,Femme,1
210,536,66,8,182690.58,1,1,1,103476.92,Allemagne,Femme,0
211,592,41,8,74770.05,1,1,1,18661.18,Allemagne,Femme,1
212,435,57,7,113093.54,1,1,1,80229.39,Espagne,Homme,0
213,633,72,7,31916.66,3,0,1,132801.47,Allemagne,Homme,1
214,415,79,7,200637.08,1,1,1,83672.17,Espagne,Homme,1
215,519,48,7,141382.97,3,1,1,186474.9,France,Femme,1
216,394,64,7,225396.41,1,1,1,133541.27,Espagne,Femme,0
217,411,48,0,123867.89,1,1,1,134592.12,France,Femme,1
218,790,64,5,235356.42,3,0,1,84270.85,Espagne,Femme,0
219,483,57,11,222967.05,2,1,1,22130.55,Espagne,Femme,0
220,633,65,8,144114.96,4,1,1,151563.25,Allemagne,Femme,1
221,377,68,7,233473.36,4,0,0,147505.28,Allemagne,Femme,1
222,457,60,2,80772.19,3,1,1,113073.13,Espagne,Homme,0
223,393,51,10,91410.54,1,0,0,92009.59,France,Homme,1
224,689,72,0,11369.49,3,1,1,114588.65,Allemagne,Homme,1
225,635,41,1,147300.23,1,0,0,153160.85,Espagne,Homme,0
226,795,66,10,180480.99,3,1,1,146865.3,Allemagne,Homme,1
227,680,77,14,193379.8,4,0,1,136750.29,Espagne,Femme,1
228,477,43,1,37454.07,3,0,1,182198.79,Allemagne,Femme,1
229,697,33,6,111039.77,4,1,1,127829.35,Allemagne,Femme,0
230,822,74,11,44215.8,4,1,0,17684.28,France,Homme,1
231,580,64,5,165531.84,4,0,1,129341.81,France,Homme,0
232,539,30,10,39486.59,3,1,1,128323.46,Allemagne,Homme,1
233,574,32,1,226040.92,2,0,1,27882.69,France,Homme,0
234,734,44,7,57658.66,3,1,1,94130.0,France,Homme,0
235,726,21,14,72850.57,3,1,1,135452.81,Espagne,Homme,0
236,632,33,8,212726.58,2,1,1,145332.73,Allemagne,Homme,0
237,795,47,14,114616.9,2,0,1,180214.18,France,Homme,0
238,470,61,6,5998.99,4,1,1,170655.48,France,Homme,0
239,465,47,3,123646.56,1,1,1,36562.08,Allemagne,Homme,0
240,810,53,12,21135.83,1,0,0,127625.12,Espagne,Femme,1
241,582,20,12,246336.18,4,0,1,125349.06,Allemagne,Femme,0
242,608,39,0,147027.89,3,0,1,71193.36,Allemagne,Femme,0
243,708,66,3,64133.15,1,0,1,49059.56,France,Homme,0
244,547,39,3,140929.42,3,0,1,51909.1,Espagne,Femme,1
245,805,67,7,19216.78,2,0,1,47846.34,Allemagne,Femme,1
246,760,74,3,199972.83,2,1,1,164158.78,France,Femme,1
247,486,67,3,231332.01,4,1,1,42452.71,France,Homme,0
248,667,72,12,218611.1,3,1,1,63912.52,France,Femme,1
249,514,77,1,85439.4,4,0,0,55290.85,Espagne,Femme,1
250,574,66,11,81442.03,1,1,1,146878.51,Allemagne,Homme,0
251,656,29,9,8771.9,1,1,1,44303.24,France,Homme,1
252,583,72,6,162850.09,1,1,1,19452.02,France,Homme,1
253,521,38,14,133726.2,3,1,0,84231.7,France,Femme,0
254,501,73,3,114836.59,4,1,1,71442.44,France,Homme,0
255,812,21,10,226907.74,4,0,1,88575.37,France,Femme,0
256,664,48,5,41969.73,1,1,0,154455.91,France,Femme,1
257,723,61,2,2416.57,4,0,1,17287.88,Espagne,Homme,1
258,509,48,6,18329.11,2,1,1,21975.91,Espagne,Homme,1
259,445,75,5,55842.86,2,1,0,62294.26,France,Femme,0
260,821,40,2,8321.39,2,1,1,179503.57,France,Femme,0
261,582,71,3,125710.93,2,1,1,46278.78,Allemagne,Femme,1
262,529,70,9,78522.61,4,1,1,199452.02,France,Homme,0
263,462,37,13,45120.75,2,1,0,164053.12,France,Femme,1
264,667,32,4,187521.02,2,0,1,99385.26,France,Femme,0
265,846,40,8,51112.83,2,1,1,153354.52,France,Femme,0
266,791,45,13,171901.28,2,1,1,110980.8,France,Homme,0
267,401,33,5,87316.23,2,1,1,119708.57,Espagne,Femme,0
268,617,54,12,127956.94,3,1,1,122442.77,France,Homme,0
269,644,38,3,233466.76,3,1,1,135013.29,France,Homme,0
270,735,32,10,9337.91,2,1,0,26241.38,France,Femme,0
271,736,34,10,125066.13,2,1,1,129052.15,France,Homme,0
272,462,67,6,213605.74,4,1,1,147635.49,Allemagne,Homme,0
273,450,54,1,146993.56,2,1,1,72483.78,Allemagne,Homme,1
274,462,30,3,69217.63,1,1,1,196037.08,France,Homme,0
275,789,36,4,99420.28,3,1,1,41722.34,Espagne,Homme,0
276,430,47,3,170066.41,2,1,1,183431.87,Allemagne,Homme,1
277,536,62,3,222702.97,3,0,1,140143.14,Espagne,Femme,1
278,462,35,10,10266.59,2,0,1,137898.18,France,Homme,1
279,351,31,12,17884.71,1,1,1,177064.19,France,Homme,0
280,479,79,8,81262.88,2,1,0,168869.9,Allemagne,Homme,1
281,569,53,13,58194.92,3,1,1,78905.37,France,Homme,1
282,403,53,10,66232.72,3,1,0,145493.41,France,Femme,1
283,692,37,12,55317.5,3,1,0,24361.48,Espagne,Homme,1
284,834,69,1,48956.26,4,1,0,100843.41,Espagne,Femme,1
285,573,36,5,32655.99,3,1,0,188488.79,France,Femme,0
286,574,62,13,233488.53,2,0,1,65706.55,Espagne,Homme,0
287,734,61,7,36047.37,1,1,1,24244.6,Allemagne,Homme,0
288,752,24,7,51100.94,1,0,1,122844.82,France,Femme,0
289,475,74,10,61566.43,2,1,1,80693.46,France,Homme,0
290,479,61,6,233253.72,4,0,1,85241.44,France,Homme,0
291,402,70,9,188928.53,2,1,1,122754.58,France,Femme,0
292,521,21,10,197424.86,3,1,1,129993.98,France,Homme,0
293,567,76,3,26189.56,4,1,1,95904.56,France,Femme,0
294,509,51,6,209077.47,2,1,0,108896.61,France,Homme,0
295,547,19,12,102048.27,4,0,1,198752.31,France,Femme,1
296,765,22,9,65705.76,1,1,1,192072.37,France,Femme,1
297,596,72,5,143937.52,2,1,0,145853.66,France,Femme,0
298,673,27,10,205545.73,2,1,1,44873.71,France,Homme,0
299,788,49,5,194663.04,1,1,1,81592.62,France,Femme,1
300,552,59,1,222499.37,4,1,0,178371.32,Allemagne,Femme,0
301,533,58,7,232033.05,1,1,1,93359.69,France,Homme,1
302,472,30,7,59530.52,4,1,1,191743.02,France,Homme,1
303,750,56,13,105964.47,2,1,0,105335.83,Espagne,Homme,0
304,604,22,10,3657.13,4,1,1,174427.29,France,Femme,1
305,643,75,6,219830.41,4,1,1,21545.1,France,Femme,0
306,629,27,10,38643.04,3,1,1,95320.28,France,Femme,0
307,674,27,8,215368.7,3,1,1,144548.44,Allemagne,Femme,0
308,721,55,7,82346.83,3,1,1,174759.44,Espagne,Femme,0
309,447,44,13,92033.4,1,1,1,127782.09,France,Homme,1
310,547,77,8,9783.06,1,1,1,47053.47,France,Homme,0
311,819,68,14,81719.7,3,1,1,178871.92,Allemagne,Homme,0
312,744,38,8,222090.92,2,1,1,121340.44,France,Femme,0
313,589,25,5,6386.85,2,0,1,34983.36,Espagne,Homme,0
314,493,18,1,101581.87,2,1,1,100811.65,France,Femme,1
315,446,45,11,7849.91,1,1,1,144304.53,France,Homme,0
316,550,66,6,92730.86,4,0,1,98437.91,France,Femme,1
317,473,56,2,43160.16,1,1,0,176096.17,France,Femme,1
318,536,31,12,63054.6,3,0,1,93383.45,France,Homme,0
319,675,38,6,219399.59,4,0,1,122938.75,Allemagne,Homme,1
320,813,47,8,109012.31,2,1,1,54066.53,France,Femme,0
321,698,38,9,68449.5,1,0,1,109846.97,France,Homme,1
322,608,66,13,147334.59,1,1,1,56228.6,France,Homme,0
323,497,26,9,35526.74,3,1,1,56659.62,Allemagne,Femme,1
324,601,34,1,64847.9,2,1,1,66781.97,France,Femme,0
325,792,22,13,136561.99,1,1,1,23176.86,France,Femme,0
326,769,75,12,59380.76,1,0,1,45212.28,France,Femme,1
327,752,74,5,169781.93,4,0,0,93506.72,France,Femme,1
328,695,79,12,122872.83,1,1,1,39246.19,Espagne,Femme,0
329,800,48,5,192997.27,4,0,1,39676.18,France,Homme,0
330,496,69,8,237061.13,1,1,1,194067.39,France,Homme,0
331,497,78,12,28951.22,2,1,1,94013.01,Espagne,Femme,1
332,701,57,8,83666.25,3,1,1,89690.55,France,Femme,0
333,548,55,14,79887.27,2,0,1,64531.1,Allemagne,Homme,0
334,657,60,12,37795.73,3,1,1,109802.72,Allemagne,Homme,0
335,838,36,4,202575.78,1,1,0,125272.01,France,Femme,0
336,766,53,13,189969.68,2,0,0,92364.32,France,Homme,0
337,773,67,4,121106.37,4,1,1,87854.58,Espagne,Femme,0
338,477,50,8,134442.69,3,1,1,144578.94,France,Femme,1
339,388,30,7,14886.03,3,1,0,190708.69,France,Femme,1
340,687,31,6,138876.84,1,1,1,177397.08,France,Homme,0
341,709,73,7,197835.38,3,1,1,36944.75,France,Femme,1
342,478,50,5,143456.89,3,1,1,135677.1,France,Femme,0
343,616,79,2,66326.59,3,0,0,16303.81,France,Homme,1
344,825,46,6,166887.07,1,0,1,132121.98,France,Homme,0
345,790,60,7,90372.11,2,1,1,100905.41,Allemagne,Femme,0
346,822,66,14,136218.32,1,0,1,105855.91,France,Homme,1
347,783,53,7,121891.34,4,1,1,123784.74,France,Femme,0
348,500,75,0,95293.75,3,0,1,152391.25,France,Femme,0
349,764,61,6,179719.5,3,0,0,149949.69,France,Homme,1
350,827,27,2,220969.03,2,1,1,23228.62,France,Femme,0
351,647,48,1,1303.13,3,0,0,151251.46,France,Femme,1
352,448,23,13,233404.13,2,1,1,168515.96,France,Homme,1
353,612,74,1,127878.78,3,0,1,27611.94,Allemagne,Homme,0
354,601,18,13,175182.97,3,1,1,74745.12,France,Homme,0
355,493,24,14,213906.14,1,1,1,161531.85,France,Femme,1
356,695,75,13,116775.92,1,1,1,106224.76,Espagne,Homme,0
357,461,44,7,208743.52,4,1,1,143554.85,France,Homme,0
358,849,38,8,44404.95,2,0,0,107928.42,France,Homme,0
359,409,45,2,39791.88,4,1,1,195971.15,Espagne,Femme,0
360,718,33,13,164367.84,1,1,0,188195.72,France,Femme,1
361,351,73,2,217535.75,2,1,0,67011.87,Espagne,Femme,1
362,734,63,5,223106.54,1,0,1,86388.69,France,Homme,0
363,653,40,10,160935.11,2,0,1,94799.01,Espagne,Homme,0
364,603,69,9,131372.31,3,0,0,34277.8,France,Homme,1
365,489,37,0,82848.27,4,0,1,89753.87,Espagne,Homme,1
366,802,55,5,245000.1,4,0,1,158346.85,Allemagne,Femme,0
367,386,71,11,79923.92,2,1,1,171675.81,France,Homme,0
368,509,42,2,186046.53,4,1,1,178934.56,Espagne,Homme,0
369,358,45,10,132995.45,1,1,1,17693.42,France,Femme,0
370,582,22,3,152128.09,4,0,1,160929.12,Allemagne,Homme,1
371,448,73,8,98370.14,2,1,1,107986.12,Allemagne,Homme,0
372,496,38,2,241205.78,4,1,1,53139.44,Allemagne,Femme,0
373,653,35,0,142920.58,4,1,1,107267.83,France,Femme,0
374,557,64,2,234446.91,1,1,1,171188.19,Espagne,Homme,1
375,480,23,6,1897.85,3,1,1,95336.13,Allemagne,Femme,1
376,753,74,12,143167.65,1,1,0,198235.3,France,Homme,1
377,501,46,6,179296.72,4,1,1,129086.39,France,Homme,0
378,403,36,10,186270.04,4,1,0,105606.28,Allemagne,Homme,1
379,469,50,4,226244.22,3,1,0,69554.53,Espagne,Femme,0
380,510,18,13,1100.4,3,1,1,17044.45,Allemagne,Homme,0
381,757,62,0,82.54,1,0,1,127951.45,France,Femme,0
382,465,20,10,118065.87,3,1,0,121836.68,France,Femme,0
383,424,59,7,7323.43,1,1,1,110610.66,Allemagne,Femme,1
384,462,38,9,243633.14,2,1,1,114475.32,France,Femme,0
385,805,52,7,55516.29,4,0,1,171051.64,France,Homme,0
386,769,58,9,118166.18,3,1,1,73620.94,Allemagne,Homme,1
387,771,57,11,15284.41,2,0,1,116796.98,France,Homme,1
388,453,20,9,130512.1,2,1,1,140790.31,France,Homme,1
389,689,42,12,94989.03,1,0,1,53816.5,France,Homme,0
390,603,62,9,11165.01,1,1,1,186091.59,France,Femme,1
391,576,55,1,83781.07,3,0,1,151367.67,Allemagne,Homme,0
392,461,62,9,97859.01,1,0,1,24859.65,Allemagne,Femme,1
393,822,72,2,247480.37,2,0,1,175044.74,Allemagne,Homme,0
394,448,37,3,51971.47,2,1,1,187025.98,France,Homme,1
395,502,69,0,136194.9,4,1,0,161828.96,Espagne,Homme,1
396,698,61,3,246828.89,2,0,1,93851.55,Allemagne,Femme,1
397,751,62,4,198004.8,3,1,1,198959.73,Espagne,Femme,0
398,733,51,2,248341.88,4,0,1,38020.64,Espagne,Homme,1
399,715,38,13,242074.58,1,1,0,114272.08,France,Femme,1
400,687,73,10,122384.89,4,0,1,46522.3,Espagne,Femme,0
401,543,72,14,174093.96,2,1,1,96279.53,France,Homme,0
402,659,65,9,27610.78,3,1,1,186573.5,France,Femme,0
403,512,40,1,110287.21,1,1,1,161938.31,France,Homme,0
404,557,23,12,202254.64,1,1,1,159685.16,France,Femme,0
405,794,68,5,126333.83,2,1,1,80462.95,Allemagne,Homme,0
406,518,70,7,175674.76,3,0,1,187839.98,Espagne,Femme,0
407,833,30,6,186437.83,2,1,1,83128.27,Allemagne,Femme,0
408,510,66,10,63367.29,2,1,1,22395.09,Allemagne,Homme,0
409,417,40,13,218924.84,3,1,0,132993.23,Espagne,Homme,0
410,638,26,0,114955.61,2,1,1,82089.81,Allemagne,Homme,0
411,747,34,3,52546.28,3,1,1,43439.1,France,Homme,1
412,626,78,2,216353.97,3,1,0,187911.74,Espagne,Femme,0
413,653,19,5,104454.7,2,1,1,132889.31,Allemagne,Femme,1
414,753,36,8,187578.11,2,1,1,188997.99,Allemagne,Homme,0
415,733,36,8,137008.27,4,1,1,122851.06,Allemagne,Homme,1
416,741,73,6,95467.94,1,1,1,26814.78,France,Homme,1
417,484,24,14,202469.1,1,1,1,20539.0,France,Homme,0
418,544,71,11,146117.48,3,1,1,181603.87,France,Femme,1
419,750,59,8,97640.53,4,1,1,22164.67,France,Homme,1
420,477,59,7,27399.47,3,1,1,128807.52,Espagne,Homme,1
421,382,76,4,223861.33,4,0,1,70125.52,Allemagne,Homme,1
422,525,37,8,8867.4,3,1,1,142216.76,France,Homme,0
423,809,26,13,215796.84,1,1,1,67673.65,France,Homme,0
424,792,34,6,89990.38,4,0,1,21886.1,Allemagne,Homme,0
425,720,44,4,159834.69,2,1,1,150205.12,France,Homme,0
426,819,64,14,230549.93,2,0,0,72516.99,France,Femme,1
427,724,19,7,37926.65,1,0,1,116897.8,France,Homme,0
428,371,79,14,141737.62,4,1,1,158165.18,France,Femme,0
429,587,53,6,191108.22,2,1,1,145022.31,Espagne,Homme,1
430,507,36,8,189395.96,2,0,1,79485.65,Espagne,Homme,0
431,387,34,9,131407.98,2,1,0,153347.93,Allemagne,Homme,1
432,579,22,0,156184.86,1,1,1,186250.99,France,Homme,1
433,714,56,14,189381.75,3,0,1,127845.3,Allemagne,Homme,0
434,400,35,12,210256.91,2,0,1,145148.62,France,Femme,1
435,787,70,8,190453.27,2,1,1,175193.01,France,Homme,1
436,613,71,14,88501.24,3,1,1,171073.51,France,Homme,1
437,632,76,6,249181.6,2,1,0,80046.25,France,Femme,1
438,376,24,0,108625.67,4,0,1,198464.61,France,Homme,1
439,575,34,0,6116.18,2,1,1,20284.71,Allemagne,Femme,0
440,626,56,4,90654.24,3,1,0,197540.9,France,Homme,1
441,635,53,7,31945.74,1,1,1,60509.47,France,Femme,0
442,446,57,8,30360.65,1,1,1,96480.85,Allemagne,Femme,0
443,633,62,11,70383.76,4,1,0,178482.42,Allemagne,Homme,0
444,716,21,5,13343.87,2,1,1,60200.84,France,Femme,1
445,797,55,11,172128.05,2,1,1,56584.6,Allemagne,Femme,0
446,830,42,12,18497.22,3,0,1,133975.12,Allemagne,Femme,1
447,802,22,9,50822.39,3,1,1,145508.35,France,Homme,1
448,666,47,11,23224.93,4,1,1,16382.08,Espagne,Femme,0
449,653,29,7,15791.93,4,1,1,98332.18,France,Homme,0
450,496,21,14,66937.92,2,1,1,105485.16,Allemagne,Femme,1
451,353,41,5,142974.74,2,1,1,65289.51,France,Homme,0
452,384,46,10,241171.39,4,0,1,116030.3,France,Femme,1
453,541,26,5,218889.16,1,1,1,43596.86,France,Femme,1
454,398,21,3,218983.48,1,1,1,74867.07,Allemagne,Femme,0
455,366,68,10,44016.76,1,0,1,146949.26,France,Homme,1
456,521,41,4,66226.8,1,1,0,176650.51,Espagne,Homme,1
457,569,31,13,19098.33,4,1,0,124035.11,Allemagne,Femme,1
458,507,22,1,194617.08,3,1,0,28846.24,Espagne,Homme,1
459,826,35,2,17454.08,1,1,1,140567.99,France,Femme,0
460,395,59,2,139173.92,4,1,1,181055.6,France,Femme,0
461,722,74,13,61968.89,1,1,0,108298.1,France,Homme,0
462,355,36,11,60861.41,2,0,1,106333.01,Espagne,Homme,0
463,448,29,10,247681.26,1,1,0,198411.51,France,Homme,0
464,729,35,4,189194.95,4,0,0,132715.09,Espagne,Homme,1
465,582,34,13,209234.84,2,1,1,164115.35,France,Femme,0
466,386,47,4,142995.67,2,1,1,134601.29,Espagne,Homme,1
467,629,41,5,217753.57,1,1,0,55869.4,France,Homme,1
468,698,28,4,161372.63,1,1,1,67554.46,Allemagne,Femme,1
469,846,52,11,236543.43,2,1,1,138155.57,Espagne,Homme,0
470,651,40,5,70334.65,3,0,1,99373.16,Espagne,Femme,0
471,530,34,7,148829.89,4,1,1,89804.34,Espagne,Homme,0
472,444,18,14,172532.84,4,1,1,19153.61,Allemagne,Homme,0
473,448,32,1,98234.33,4,0,1,178608.28,Espagne,Homme,1
474,537,49,3,219927.0,4,1,1,178632.09,Allemagne,Homme,0
475,830,77,12,244950.79,4,0,1,100279.66,Espagne,Femme,0
476,465,26,5,123442.37,2,1,1,144636.75,Allemagne,Homme,0
477,540,32,11,97660.16,4,1,1,47896.58,Allemagne,Femme,0
478,602,45,4,117984.48,3,1,1,108205.04,Allemagne,Homme,0
479,818,41,0,213184.19,3,0,1,96190.14,Allemagne,Femme,1
480,765,77,8,161367.11,1,1,1,136473.51,France,Homme,0
481,820,78,2,11193.09,1,1,1,101884.49,Allemagne,Femme,1
482,510,52,1,135542.48,1,1,1,107210.34,France,Homme,0
483,605,39,8,4325.03,1,1,0,69706.8,Allemagne,Homme,0
484,672,44,6,194633.84,2,1,1,23958.29,Allemagne,Femme,0
485,477,36,4,82078.07,3,1,1,184649.77,Espagne,Femme,0
486,367,62,11,118001.87,2,1,1,17262.85,Allemagne,Femme,0
487,630,29,5,199669.53,3,1,1,67045.02,Allemagne,Femme,0
488,839,37,11,11612.2,2,1,0,97807.99,France,Femme,0
489,572,18,10,39635.38,3,1,1,74032.09,Espagne,Homme,1
490,403,38,3,99490.09,1,0,0,117104.81,France,Homme,0
491,407,66,0,57481.29,3,1,1,100398.41,Espagne,Femme,1
492,672,62,3,84475.36,1,1,1,62263.1,Allemagne,Femme,0
493,709,18,8,249543.68,3,1,1,31283.72,France,Femme,0
494,523,27,0,206353.61,2,0,1,40444.03,Espagne,Femme,1
495,629,64,9,220975.45,4,1,1,104969.21,France,Homme,0
496,463,76,2,234263.66,3,1,0,171499.92,France,Femme,1
497,637,76,14,85233.97,2,1,1,33618.2,France,Homme,1
498,780,49,14,74269.24,4,1,1,140283.18,Espagne,Femme,0
499,691,79,4,58515.62,2,0,1,161536.86,Allemagne,Femme,0
500,500,56,6,207529.23,4,1,1,66202.87,Espagne,Femme,0
501,799,77,8,169887.97,1,1,1,138624.31,France,Homme,1
502,476,39,5,59043.0,3,1,1,142031.72,France,Femme,0
503,504,35,2,94248.46,2,1,0,145941.66,Allemagne,Homme,1
504,839,65,12,126677.94,3,1,0,179799.68,France,Homme,0
505,735,63,6,132035.01,1,1,1,88727.32,Allemagne,Femme,0
506,823,49,14,222181.93,1,1,1,60082.49,Allemagne,Femme,0
507,622,44,13,95141.53,3,0,1,115611.3,France,Femme,1
508,453,45,3,227131.01,2,0,0,26571.45,France,Femme,0
509,766,35,2,110341.89,2,1,1,76775.37,France,Homme,0
510,742,76,13,186593.17,2,1,1,178396.65,France,Homme,1
511,648,56,6,232563.58,3,1,1,113430.65,Espagne,Femme,0
512,595,66,10,226893.93,2,0,1,95784.93,Espagne,Femme,0
513,525,46,10,14238.22,2,1,1,64151.52,Espagne,Femme,1
514,388,35,6,51426.07,4,1,1,61319.5,France,Femme,1
515,826,61,3,119226.36,2,1,0,58773.22,France,Femme,1
516,519,25,11,107888.57,1,1,1,168408.23,Allemagne,Femme,1
517,596,71,6,160222.92,2,1,1,197228.77,Allemagne,Homme,0
518,375,48,10,236177.26,3,1,1,113937.71,Espagne,Homme,1
519,704,79,13,28101.18,3,1,1,29769.18,Espagne,Femme,1
520,655,51,1,112964.67,2,0,1,153942.22,France,Femme,0
521,758,24,0,48102.76,3,1,1,177255.07,Espagne,Femme,0
522,757,53,11,223526.9,3,1,0,187277.21,France,Homme,1
523,362,35,14,241145.05,2,0,1,131323.44,Espagne,Homme,1
524,665,77,1,119675.42,4,1,1,108772.95,Allemagne,Homme,0
525,740,55,3,26002.57,4,0,1,129797.55,Allemagne,Femme,0
526,662,76,7,196323.67,4,1,1,17395.88,Allemagne,Femme,0
527,385,26,2,174285.34,4,1,1,136252.68,Espagne,Homme,0
528,522,76,14,88667.71,1,1,1,146284.58,Allemagne,Femme,0
529,369,26,9,221851.87,2,0,1,148575.61,Espagne,Homme,1
530,670,63,14,243957.97,3,1,1,119168.28,France,Femme,0
531,613,25,5,139463.46,3,0,1,144508.21,Espagne,Homme,0
532,843,68,5,141431.98,2,1,1,133183.99,Espagne,Femme,0
533,749,52,12,74378.38,3,0,1,36372.76,Allemagne,Homme,0
534,491,35,8,146126.51,1,1,1,181197.85,Espagne,Homme,0
535,809,22,8,109910.58,4,0,1,130204.59,France,Homme,0
536,720,31,3,75547.76,2,0,1,149641.96,Espagne,Femme,0
537,820,45,8,16796.3,3,0,1,78434.19,France,Homme,1
538,492,47,14,63176.96,1,1,1,185059.31,Allemagne,Homme,1
539,441,21,14,49463.66,3,1,0,107983.92,Allemagne,Homme,1
540,703,56,12,135510.5,1,0,1,140616.11,Allemagne,Femme,0
541,671,37,5,150417.51,3,1,1,191153.68,Allemagne,Homme,0
542,637,42,1,152142.93,4,1,1,184475.31,France,Homme,0
543,564,45,9,97045.25,2,0,1,134287.77,Espagne,Homme,0
544,796,29,13,105307.43,4,1,1,45662.16,France,Femme,0
545,691,19,10,208559.61,4,1,0,190855.16,Allemagne,Femme,1
546,400,60,5,119058.2,3,0,1,197065.1,Espagne,Homme,0
547,502,31,1,246943.33,4,1,1,34128.39,Espagne,Femme,0
548,535,39,7,109904.31,2,1,1,98305.07,Allemagne,Homme,1
549,412,48,3,162395.24,1,1,1,116427.28,Allemagne,Homme,1
550,539,40,4,12590.75,1,0,1,32035.08,France,Femme,0
551,474,65,7,163334.98,3,1,0,50090.79,France,Homme,1
552,499,37,13,212856.6,2,1,1,114475.5,France,Homme,0
553,663,78,10,235614.46,2,1,0,193171.55,Allemagne,Femme,0
554,407,55,7,249330.15,1,0,1,20144.85,Allemagne,Homme,1
555,691,72,11,70544.66,1,0,1,183801.97,Allemagne,Homme,1
556,654,21,13,143842.52,4,1,1,181242.51,Allemagne,Femme,1
557,529,32,11,112679.5,3,1,1,173578.05,Allemagne,Homme,0
558,519,41,5,140954.37,1,1,1,84846.92,France,Homme,0
559,675,42,3,39363.24,1,1,1,105802.35,Espagne,Homme,1
560,620,18,14,214037.39,2,0,0,89665.01,Espagne,Homme,0
561,403,24,0,227392.24,2,1,1,190303.44,France,Homme,0
562,840,74,11,112415.42,2,0,1,111449.86,Allemagne,Homme,1
563,793,48,6,70107.47,1,1,1,29913.33,Allemagne,Homme,0
564,450,29,7,35208.36,3,1,0,65701.07,France,Femme,1
565,830,59,8,170941.21,4,1,1,100476.14,France,Homme,0
566,613,22,1,78057.96,3,1,0,191407.85,France,Femme,1
567,402,61,0,227384.64,1,1,1,120255.95,Allemagne,Homme,0
568,409,67,3,167753.12,4,1,1,143773.44,France,Femme,1
569,841,59,12,161421.33,3,0,1,31376.17,France,Femme,0
570,457,55,4,139850.53,1,1,0,177304.95,France,Femme,1
571,354,77,9,11444.08,3,0,0,114718.37,France,Homme,1
572,452,29,11,232980.61,1,1,1,185427.26,Allemagne,Homme,1
573,545,56,0,156984.37,2,1,1,97413.19,Allemagne,Homme,1
574,611,35,4,248515.5,3,1,1,141370.54,France,Femme,0
575,714,19,5,134339.1,2,1,1,102105.14,Allemagne,Homme,1
576,829,27,2,177527.72,2,1,1,41373.22,France,Homme,1
577,721,32,11,14052.39,4,1,0,65329.25,France,Homme,1
578,699,47,14,157934.04,4,0,1,27442.6,France,Homme,0
579,396,61,6,191162.4,3,1,1,96449.27,Allemagne,Femme,1
580,704,75,13,194628.57,1,1,1,135128.19,France,Femme,0
581,660,34,5,192527.91,4,0,1,60086.59,Allemagne,Homme,1
582,773,21,3,56570.66,4,1,1,105721.79,France,Homme,0
583,657,24,2,243849.62,2,1,0,99910.07,France,Homme,1
584,493,79,4,248795.53,2,1,1,113682.79,Allemagne,Homme,0
585,618,58,2,18898.97,1,1,1,49148.16,Allemagne,Femme,0
586,719,48,9,234111.61,4,0,1,113787.06,France,Femme,1
587,473,68,8,72362.3,4,1,1,82378.03,France,Femme,0
588,455,77,8,172321.02,1,0,1,67917.74,Allemagne,Homme,1
589,507,76,5,84527.73,4,1,1,123406.67,France,Femme,0
590,496,72,12,241938.58,3,1,1,42386.81,France,Homme,0
591,494,56,10,25375.96,3,0,1,181621.85,France,Homme,1
592,469,72,5,124436.7,1,1,1,187947.77,Allemagne,Homme,1
593,668,51,11,107011.95,2,0,0,137212.79,France,Femme,0
594,624,23,13,81505.86,1,0,1,71083.62,Espagne,Homme,1
595,441,67,3,161383.5,3,1,0,130811.09,Espagne,Femme,1
596,407,55,3,32763.94,4,1,0,126281.84,Espagne,Femme,1
597,788,62,1,179165.6,4,1,1,87381.43,Espagne,Femme,0
598,695,75,9,245148.03,2,0,0,68140.74,Espagne,Femme,1
599,578,68,3,201139.68,2,1,1,46163.8,Espagne,Homme,1
600,823,79,7,215004.19,3,0,1,55216.01,France,Homme,1
601,466,51,12,89909.19,2,1,0,135810.54,France,Femme,1
602,667,61,9,81221.65,1,1,1,178890.45,France,Homme,0
603,628,32,1,129262.09,3,0,1,86216.87,Allemagne,Homme,0
604,476,31,8,11431.65,4,1,1,37551.4,Allemagne,Homme,1
605,742,23,13,236339.53,4,0,1,17369.17,Espagne,Femme,0
606,745,67,0,35946.29,4,1,1,90092.55,Espagne,Femme,0
607,478,54,12,225753.26,2,1,1,58024.89,France,Femme,1
608,407,67,1,20895.56,3,1,1,74672.78,Allemagne,Homme,1
609,471,49,14,205656.23,2,1,1,59708.93,France,Homme,1
610,350,20,1,37990.63,1,1,1,137867.31,Allemagne,Homme,0
611,588,20,10,9532.9,3,1,1,133125.15,Allemagne,Homme,0
612,639,39,12,179872.36,2,0,0,183776.34,Espagne,Homme,1
613,445,39,14,70066.33,4,1,1,144452.81,Espagne,Femme,1
614,475,27,13,178624.04,4,1,1,45514.16,France,Femme,0
615,467,68,5,138771.31,1,0,1,154044.97,France,Femme,1
616,397,20,14,27201.85,1,1,1,48534.55,Allemagne,Homme,1
617,438,78,13,233032.52,1,1,1,118341.16,Allemagne,Homme,1
618,837,29,6,113078.54,4,0,0,29259.47,Allemagne,Femme,0
619,586,46,12,183611.82,2,1,1,23755.14,Espagne,Homme,0
620,722,65,14,125255.14,4,1,1,100882.55,France,Femme,0
621,734,34,14,151090.37,4,1,1,34421.96,Allemagne,Femme,0
622,621,24,2,75693.4,4,0,1,71733.32,Espagne,Homme,0
623,538,30,10,50090.08,2,1,1,77684.17,Allemagne,Femme,0
624,836,73,8,135642.55,4,0,1,157343.98,Allemagne,Femme,0
625,541,19,4,110054.74,1,1,1,76545.82,France,Homme,1
626,796,21,4,97528.3,1,1,1,106445.53,France,Femme,0
627,418,27,10,168141.8,1,0,1,157928.4,France,Femme,0
628,627,56,11,172626.66,1,0,1,52906.19,France,Femme,0
629,698,41,3,11480.01,4,0,1,163906.02,France,Femme,0
630,596,34,8,84686.12,4,0,0,168882.04,Espagne,Femme,1
631,800,69,7,102941.14,4,0,1,197936.66,France,Femme,1
632,425,23,11,24223.04,1,1,1,97148.82,France,Homme,0
633,503,36,3,58975.22,2,1,1,83570.13,France,Femme,0
634,493,22,3,12910.45,3,1,1,144870.98,Allemagne,Homme,1
635,784,49,1,249060.52,3,0,1,25757.96,Espagne,Homme,1
636,834,27,8,184139.3,3,1,1,22354.03,Espagne,Femme,0
637,435,26,2,21862.54,2,0,1,76973.31,Allemagne,Femme,1
638,534,44,3,5062.34,4,1,1,149960.29,France,Homme,1
639,634,30,13,179821.95,3,0,1,36544.07,France,Homme,1
640,811,36,6,109798.04,3,0,1,132576.17,Espagne,Homme,0
641,569,38,9,196699.18,4,1,1,64858.47,Allemagne,Homme,0
642,418,41,7,230869.01,3,1,1,135559.81,France,Homme,1
643,396,55,7,149825.1,4,1,1,99540.58,France,Homme,0
644,846,21,3,46777.11,3,1,1,36303.06,France,Femme,0
645,443,41,14,195548.51,4,1,1,60747.32,Allemagne,Homme,0
646,587,76,6,238952.94,1,1,0,55647.04,Espagne,Homme,1
647,795,52,9,145057.82,2,1,1,45448.15,France,Femme,0
648,849,20,0,170499.36,3,0,0,101643.91,Allemagne,Femme,1
649,802,21,5,84368.67,4,0,0,191613.12,France,Homme,1
650,553,74,5,95381.92,1,1,0,136746.43,Espagne,Homme,0
651,749,54,5,183663.62,4,1,1,169660.38,France,Femme,0
652,567,57,11,231942.77,3,1,1,196499.83,Allemagne,Homme,0
653,823,65,1,157247.1,3,0,1,115015.19,France,Femme,1
654,781,71,7,197461.98,3,1,1,59042.96,Espagne,Homme,0
655,690,52,13,42908.75,3,1,1,186645.04,France,Homme,1
656,388,48,14,52989.77,3,1,1,144312.04,France,Femme,0
657,449,73,14,133008.67,1,1,1,192404.13,France,Homme,1
658,638,61,4,44138.55,4,1,1,135440.91,Allemagne,Homme,0
659,603,42,4,158748.77,4,1,1,158401.83,France,Femme,0
660,571,57,1,72913.3,3,1,1,179767.7,France,Femme,1
661,706,30,3,197883.15,4,1,0,155461.12,Allemagne,Homme,0
662,372,21,11,202027.59,1,0,0,119089.47,Espagne,Homme,1
663,599,63,8,115946.86,3,1,0,102305.37,France,Femme,0
664,359,31,8,45202.66,2,1,1,167324.81,France,Femme,0
665,595,30,5,161693.74,1,1,1,157817.38,Allemagne,Femme,0
666,674,44,10,248196.75,3,0,1,82789.7,Allemagne,Femme,0
667,449,23,14,155647.72,4,1,1,107191.41,Allemagne,Homme,0
668,639,34,8,8943.67,1,1,1,132473.29,France,Homme,1
669,529,53,3,4323.49,3,0,1,20248.49,Espagne,Homme,0
670,572,57,14,80090.49,4,1,1,60800.21,France,Femme,0
671,743,66,10,48945.95,4,1,1,61289.66,France,Homme,0
672,599,52,0,203262.8,3,1,1,178397.84,France,Femme,0
673,496,34,1,211201.42,1,1,1,76325.23,Espagne,Homme,0
674,791,58,12,64654.69,3,0,1,115851.53,Espagne,Homme,1
675,445,19,0,81411.19,3,0,1,168843.5,Espagne,Homme,1
676,606,74,7,59061.74,3,0,1,63043.36,France,Homme,0
677,674,30,8,227095.64,3,0,0,37895.06,Allemagne,Femme,1
678,842,69,9,125662.33,3,1,0,190446.56,France,Femme,1
679,353,19,11,164034.26,4,1,0,145366.34,Espagne,Homme,0
680,365,69,5,103870.52,3,0,1,47754.95,Allemagne,Homme,0
681,629,45,1,157753.55,1,1,1,166646.64,Allemagne,Homme,0
682,685,60,5,96463.84,2,1,1,160618.42,France,Femme,0
683,596,76,8,84919.61,3,1,1,169945.1,Allemagne,Femme,0
684,607,43,11,158620.02,1,1,1,66099.33,Allemagne,Homme,0
685,846,39,2,147765.52,2,1,0,97987.24,Allemagne,Homme,1
686,825,64,8,73381.99,1,1,1,143329.64,Allemagne,Femme,0
687,733,60,1,37337.11,4,1,1,87273.5,France,Femme,0
688,509,72,10,92144.17,4,1,1,27944.85,Allemagne,Femme,0
689,824,20,4,103799.41,2,1,1,40243.2,Espagne,Homme,1
690,689,52,10,157171.08,2,1,0,125466.0,France,Femme,0
691,501,77,1,228632.19,2,1,0,84406.12,France,Homme,1
692,745,75,6,9046.2,4,1,1,15995.32,Allemagne,Homme,1
693,527,29,10,60915.25,4,0,1,156868.09,France,Homme,1
694,512,41,9,48428.99,1,1,1,92090.19,France,Femme,0
695,729,22,14,125573.6,4,1,1,73047.32,France,Femme,0
696,382,37,8,107425.2,2,1,1,147001.05,Allemagne,Homme,1
697,766,56,6,182259.41,3,1,1,99195.13,France,Femme,1
698,794,56,11,60603.98,3,0,1,143543.76,Allemagne,Femme,1
699,528,30,4,148624.59,2,0,1,17441.65,Espagne,Homme,0
700,776,58,14,220964.32,4,0,1,16742.72,Allemagne,Femme,0
701,450,74,3,227669.43,2,0,0,118581.86,Allemagne,Homme,1
702,617,70,11,239696.15,4,1,1,196709.23,France,Homme,0
703,672,62,3,193315.29,3,0,1,65386.09,France,Femme,0
704,414,29,14,226496.98,1,1,1,141335.31,France,Femme,0
705,766,30,9,58632.72,4,1,1,46867.65,Espagne,Homme,0
706,517,73,7,49395.24,1,1,1,72636.5,Allemagne,Femme,1
707,679,27,9,1622.02,3,0,0,29443.85,France,Femme,1
708,392,50,12,176711.09,1,1,1,177946.73,France,Femme,0
709,393,74,9,234366.8,1,0,1,72430.92,France,Homme,0
710,634,57,13,46733.84,2,1,1,57636.29,Allemagne,Femme,0
711,746,71,9,159235.89,1,1,0,150161.77,France,Homme,1
712,361,33,9,186614.94,3,1,1,51896.43,France,Homme,1
713,444,62,9,231903.56,4,0,1,59450.94,France,Homme,0
714,651,52,0,161715.06,1,1,1,34169.01,France,Homme,0
715,735,20,4,242573.43,4,1,0,193131.3,Allemagne,Homme,0
716,602,73,13,86168.29,2,0,1,60812.98,France,Homme,1
717,848,22,1,87482.13,3,1,0,199197.71,France,Homme,0
718,591,43,12,135753.13,3,1,1,47587.65,Allemagne,Homme,0
719,384,28,10,95875.47,4,0,1,18820.59,France,Homme,1
720,564,79,8,356.43,3,1,1,180703.32,Allemagne,Femme,1
721,686,24,6,182943.01,2,0,1,122303.19,France,Homme,0
722,439,70,9,187929.26,4,0,1,80010.85,France,Homme,1
723,613,73,7,186743.65,3,1,1,109967.84,France,Homme,0
724,442,27,5,86255.17,2,0,1,63234.49,France,Femme,0
725,759,59,8,130572.37,2,1,1,132430.39,Espagne,Femme,0
726,807,69,5,89993.38,1,0,1,129046.68,France,Homme,0
727,439,51,6,4009.1,3,1,1,29835.57,France,Femme,1
728,767,20,6,140612.24,4,0,1,183477.3,France,Femme,0
729,464,25,8,30940.17,1,1,1,100197.19,France,Homme,1
730,454,48,10,20010.33,4,1,1,51103.51,France,Femme,1
731,740,28,7,188874.77,1,1,1,71866.01,France,Femme,0
732,545,62,12,2376.55,2,1,1,175251.02,Espagne,Femme,0
733,663,24,0,239752.11,1,1,1,85889.26,France,Femme,1
734,463,62,3,128813.84,1,1,1,118962.82,Allemagne,Homme,1
735,842,19,6,245754.11,1,1,1,190322.6,France,Femme,1
736,424,23,10,14499.39,3,0,1,135567.54,France,Homme,0
737,762,58,7,145882.39,1,1,1,140007.6,Allemagne,Femme,0
738,725,49,6,87331.76,2,1,1,60985.23,Allemagne,Homme,0
739,769,37,11,210870.62,4,0,1,138634.61,France,Homme,0
740,566,74,2,90305.68,3,1,0,87853.51,France,Femme,0
741,626,51,14,65121.89,2,1,1,183542.86,France,Homme,0
742,598,67,3,214388.28,3,1,1,38964.69,France,Femme,0
743,513,33,11,93663.27,4,1,1,67843.46,Espagne,Homme,0
744,743,42,6,4208.33,4,1,0,27210.13,Allemagne,Femme,0
745,706,29,7,97572.28,4,1,1,85467.21,Espagne,Homme,0
746,806,24,6,163630.57,3,1,1,42448.94,France,Femme,1
747,757,56,5,63589.88,3,1,1,171351.59,Allemagne,Femme,1
748,541,34,8,107996.9,4,0,1,186132.99,France,Femme,0
749,576,62,8,14178.78,4,0,0,138843.74,Espagne,Homme,1
750,526,28,10,147023.2,2,1,1,34116.9,France,Homme,1
751,448,23,12,189073.73,4,1,1,78201.71,Allemagne,Homme,1
752,845,78,6,103328.14,1,0,1,193431.0,France,Femme,1
753,385,40,7,105058.16,3,0,1,40215.73,Allemagne,Femme,0
754,815,44,5,22070.62,2,0,1,117950.54,Allemagne,Homme,1
755,846,63,0,50485.22,3,1,1,80291.95,Allemagne,Homme,0
756,836,23,0,38668.83,4,1,1,199845.08,France,Homme,0
757,445,55,5,120421.94,1,0,1,67796.98,Allemagne,Femme,1
758,501,19,1,132313.89,4,0,1,23837.87,France,Homme,0
759,500,39,13,237235.03,3,1,0,144903.82,France,Homme,1
760,539,37,7,18307.88,2,1,0,75446.78,France,Homme,0
761,573,42,0,149966.99,3,1,0,136652.57,Espagne,Femme,0
762,386,32,12,131624.63,2,1,1,34360.62,Espagne,Femme,0
763,617,77,1,129058.27,1,0,0,111766.69,France,Homme,1
764,718,66,7,218289.82,4,1,1,84417.84,Espagne,Homme,0
765,532,46,11,51384.62,4,1,1,114301.92,Espagne,Homme,0
766,362,25,5,10193.32,1,1,0,172892.39,France,Homme,1
767,628,54,11,168067.88,3,1,1,194958.25,Allemagne,Femme,0
768,566,66,9,86289.37,1,1,1,154329.45,Espagne,Homme,0
769,704,69,1,4397.48,4,1,0,156868.79,Allemagne,Homme,1
770,710,50,1,62843.5,2,1,0,112853.18,France,Femme,1
771,635,39,10,77331.69,4,0,1,33018.99,Allemagne,Femme,1
772,622,67,13,154209.59,3,1,0,138406.02,France,Homme,1
773,718,64,6,43146.45,2,1,1,42339.28,France,Homme,0
774,411,22,4,103263.59,3,1,0,60447.3,Espagne,Homme,0
775,433,56,4,120618.86,4,1,1,145902.76,France,Homme,0
776,717,35,7,114809.35,4,1,1,136543.63,Espagne,Femme,0
777,566,55,11,243485.19,2,0,1,73150.3,France,Femme,1
778,691,71,11,11376.06,3,0,0,157828.18,France,Homme,1
779,746,70,6,237742.05,2,1,0,188773.42,Allemagne,Homme,1
780,536,54,11,145484.3,2,1,1,115873.03,Allemagne,Homme,0
781,368,47,13,198931.93,3,0,1,140372.03,Espagne,Homme,0
782,526,68,8,107598.15,2,1,0,65279.22,Espagne,Femme,0
783,449,48,3,113459.47,1,1,1,194599.3,Allemagne,Homme,0
784,745,27,9,219831.62,2,1,1,65635.41,France,Femme,1
785,794,32,3,223983.62,4,1,1,179170.67,Allemagne,Homme,1
786,582,59,1,59672.22,3,0,1,186655.79,France,Femme,1
787,752,76,2,49810.47,4,1,1,148131.29,France,Femme,1
788,425,65,0,124058.79,1,1,1,165143.67,France,Homme,1
789,614,61,0,225069.26,1,0,1,99703.51,France,Homme,1
790,804,35,6,80588.77,2,1,0,185116.16,France,Femme,1
791,633,40,13,163003.65,4,0,0,152389.56,France,Homme,1
792,555,50,13,177037.92,2,1,1,75447.64,France,Femme,1
793,572,33,4,194668.67,2,1,1,21464.86,France,Homme,0
794,733,71,2,140981.11,4,1,1,115044.9,France,Femme,0
795,401,55,6,100613.79,1,1,1,170520.31,France,Homme,0
796,688,52,13,241754.0,1,1,1,174223.6,France,Homme,0
797,716,51,1,152832.69,1,1,0,169496.96,France,Homme,0
798,493,45,2,182141.3,3,0,0,54728.1,France,Homme,1
799,722,19,0,86245.71,3,0,0,93837.47,France,Femme,1
800,418,47,7,167487.3,2,0,1,128557.78,Espagne,Femme,0
801,448,30,1,64449.42,3,1,1,138497.95,France,Femme,0
802,745,58,14,61274.23,3,1,0,76897.93,Allemagne,Homme,1
803,374,33,6,178680.55,4,1,1,143138.83,France,Femme,1
804,785,76,10,130348.68,2,1,0,124315.95,France,Homme,1
805,728,22,8,170819.15,2,0,1,119853.48,France,Homme,0
806,818,72,5,67359.62,4,1,1,137659.59,France,Homme,0
807,833,45,1,149680.84,1,0,0,126623.07,France,Homme,1
808,402,70,1,110983.41,4,1,1,45871.81,Allemagne,Femme,1
809,500,56,8,149240.07,1,0,1,176767.02,Espagne,Femme,1
810,493,62,9,72719.93,2,0,1,59505.4,France,Homme,1
811,406,37,7,178862.74,2,1,1,152730.42,France,Homme,1
812,388,41,13,201482.34,3,0,1,47644.48,France,Homme,0
813,458,78,13,64979.12,3,0,1,137278.79,France,Femme,0
814,530,44,13,75155.14,4,1,0,180701.5,Espagne,Femme,0
815,391,47,8,165288.57,3,0,1,16796.45,Espagne,Femme,0
816,535,75,3,173896.29,2,0,1,196240.37,France,Femme,0
817,772,62,3,176024.92,2,0,1,20490.04,Allemagne,Homme,0
818,747,44,14,170674.63,1,1,0,17103.01,Allemagne,Femme,1
819,572,43,14,98201.93,3,1,1,173648.62,Allemagne,Femme,1
820,471,24,1,98713.42,1,0,1,146110.24,France,Femme,1
821,482,59,13,63704.41,2,1,0,34574.97,France,Homme,1
822,512,64,9,39208.42,3,1,1,188421.76,Allemagne,Homme,1
823,564,70,0,173144.34,1,1,1,139307.46,Allemagne,Femme,0
824,570,76,9,23297.2,2,1,0,35543.06,Espagne,Femme,1
825,584,55,12,234448.07,1,0,1,174202.42,Allemagne,Femme,1
826,680,22,3,206671.58,3,1,1,103967.4,France,Femme,0
827,495,40,9,214376.43,1,1,1,66454.73,Espagne,Femme,1
828,588,45,9,226667.2,1,1,1,167632.59,France,Femme,1
829,425,51,10,102151.24,2,0,1,151612.59,France,Femme,1
830,358,70,7,211675.18,3,0,1,130263.1,Allemagne,Femme,0
831,423,32,1,39515.33,4,1,1,181224.93,France,Femme,1
832,791,49,12,5410.45,4,1,1,174336.76,Espagne,Femme,1
833,841,43,11,196222.85,1,1,1,56956.46,France,Femme,0
834,750,65,10,18699.16,2,0,1,177556.94,France,Femme,1
835,602,48,7,247131.17,3,1,1,84197.37,France,Femme,0
836,579,36,0,168699.11,2,0,1,94878.25,Allemagne,Homme,1
837,356,26,14,188362.43,3,1,1,194881.49,France,Femme,0
838,523,46,0,61450.96,2,1,1,155576.75,France,Homme,0
839,490,71,3,168466.35,4,1,1,74474.9,Allemagne,Homme,1
840,517,78,6,10804.98,4,0,1,134866.29,France,Homme,0
841,519,75,8,209456.43,4,0,1,114775.0,France,Femme,0
842,742,68,4,42406.02,2,1,1,36571.6,Allemagne,Femme,0
843,783,56,1,174339.52,2,1,1,179234.18,France,Homme,0
844,632,21,11,56120.13,1,1,1,167048.07,Espagne,Homme,0
845,471,79,6,17113.29,4,1,1,158876.42,France,Femme,0
846,543,20,10,120373.42,1,1,1,118443.38,France,Femme,1
847,354,73,1,42321.55,2,1,1,55854.93,France,Femme,1
848,378,46,8,182361.0,3,1,1,178520.77,France,Femme,1
849,514,69,8,59391.46,4,1,1,80298.64,Espagne,Homme,1
850,771,28,2,85618.14,4,1,0,18721.85,Allemagne,Homme,0
851,688,50,12,141859.81,4,1,1,196628.22,France,Femme,0
852,485,55,7,71242.07,4,1,1,174314.06,France,Femme,1
853,845,75,10,94497.03,4,1,1,130195.87,France,Homme,0
854,714,28,3,203905.44,2,0,1,17295.32,Allemagne,Homme,0
855,670,44,2,44802.46,4,1,1,57127.47,Allemagne,Femme,1
856,691,50,0,20550.4,4,1,1,98629.23,France,Homme,0
857,849,38,4,82089.45,1,0,1,131195.71,France,Homme,0
858,494,56,12,106094.19,3,1,1,146008.59,Allemagne,Homme,0
859,676,48,13,135664.82,4,1,0,160830.45,Allemagne,Homme,0
860,566,55,10,93105.92,1,1,1,117797.27,France,Femme,1
861,650,63,3,197477.93,2,1,1,136393.93,France,Femme,1
862,481,19,0,9829.87,1,1,0,165079.9,Espagne,Homme,1
863,641,44,9,107941.88,4,1,1,148170.64,Allemagne,Homme,0
864,419,53,7,95563.98,1,1,0,191640.28,France,Homme,1
865,601,28,7,161894.62,1,0,1,176809.49,France,Femme,0
866,764,64,12,241569.06,2,1,1,46331.84,Espagne,Femme,1
867,624,35,7,127593.85,1,0,1,190272.54,Allemagne,Homme,0
868,794,76,2,246719.21,2,1,0,52772.56,Allemagne,Femme,1
869,713,18,5,75562.35,2,0,1,198383.8,France,Homme,0
870,531,52,11,7717.03,1,0,0,144745.97,Espagne,Homme,1
871,516,52,11,41415.79,4,1,1,131093.34,Allemagne,Femme,0
872,440,48,6,98781.22,3,1,1,74999.71,France,Homme,0
873,551,45,8,79083.48,1,0,1,39624.89,France,Homme,1
874,695,56,4,24263.53,1,0,1,38342.01,France,Femme,1
875,368,18,8,108165.03,1,1,1,175316.41,Allemagne,Femme,1
876,388,42,5,84528.94,3,1,1,95001.74,Allemagne,Femme,1
877,475,60,9,30654.81,3,0,1,118572.59,France,Femme,0
878,800,55,9,74029.28,2,1,1,187389.68,France,Homme,0
879,522,37,9,221609.01,3,0,0,62240.62,France,Femme,1
880,490,20,3,75512.22,3,0,1,156328.43,France,Homme,0
881,591,68,12,178488.86,1,1,0,102035.98,France,Femme,1
882,569,19,0,153011.77,2,1,1,54359.61,France,Homme,0
883,475,35,0,106795.29,4,0,1,172799.76,France,Femme,0
884,407,79,13,59756.41,2,1,1,140790.6,Espagne,Homme,0
885,497,61,9,92253.67,3,1,1,32560.51,France,Femme,0
886,825,78,4,148026.8,3,0,1,115225.08,France,Homme,0
887,805,27,12,87688.3,1,1,1,172576.31,Espagne,Homme,0
888,666,22,13,53724.11,4,1,1,27382.94,France,Femme,0
889,732,26,2,29115.69,4,1,1,92010.84,Allemagne,Homme,1
890,710,19,4,219941.73,4,1,1,163964.68,France,Femme,1
891,772,51,4,110078.24,3,1,0,173796.1,France,Femme,0
892,350,77,0,156302.08,3,1,1,158442.11,Allemagne,Homme,0
893,736,55,13,122602.59,2,1,1,71556.27,France,Homme,1
894,810,78,7,218141.63,3,1,0,108781.97,France,Femme,0
895,697,48,4,136733.71,4,0,1,152136.43,France,Femme,1
896,539,27,4,120195.35,4,1,1,43228.73,Espagne,Femme,0
897,540,67,8,231150.25,4,0,1,125074.59,France,Femme,0
898,718,29,7,179922.4,1,1,1,148269.14,France,Homme,0
899,758,53,12,27887.48,2,1,1,172248.5,France,Homme,0
900,661,71,0,44426.12,2,1,1,35659.27,Allemagne,Homme,1
901,766,38,2,196780.72,3,1,1,75989.82,Allemagne,Homme,0
902,771,66,11,208962.83,1,1,1,115205.98,France,Homme,0
903,466,64,6,136297.71,2,0,0,144695.53,Espagne,Femme,1
904,483,23,0,138613.81,1,1,1,150056.71,Allemagne,Homme,1
905,407,65,0,157983.24,1,1,1,61852.95,Allemagne,Homme,1
906,393,66,4,109778.94,3,1,0,17567.17,France,Femme,1
907,522,20,8,170049.78,1,1,0,143356.14,France,Homme,0
908,509,27,5,27120.31,2,1,1,183188.36,Espagne,Homme,0
909,522,22,9,240319.81,3,0,1,162540.65,Espagne,Homme,0
910,666,63,1,187538.71,2,1,0,130156.23,Allemagne,Femme,0
911,652,43,10,157793.55,1,1,1,195850.53,Allemagne,Femme,0
912,498,78,8,79080.51,1,0,1,95126.6,France,Homme,1
913,429,38,5,40238.87,4,1,1,112134.2,Espagne,Femme,1
914,723,62,4,102335.74,3,1,1,17273.05,Allemagne,Homme,0
915,562,43,4,165394.19,3,0,1,190001.0,France,Homme,1
916,552,55,14,158427.44,4,1,1,122919.13,Espagne,Homme,0
917,601,61,11,95660.29,2,1,1,87298.0,France,Homme,0
918,578,43,2,153321.6,2,0,1,23244.4,France,Homme,0
919,513,25,13,203437.07,1,1,1,82047.53,Allemagne,Femme,0
920,576,22,5,6571.19,3,1,0,15665.65,Allemagne,Homme,0
921,496,79,14,112655.26,1,0,1,75002.0,Allemagne,Homme,1
922,369,32,14,189638.81,4,1,1,191019.16,Allemagne,Femme,1
923,790,76,12,136536.12,1,1,1,43539.46,France,Homme,0
924,751,33,3,162869.02,2,1,0,115901.06,France,Femme,1
925,396,18,12,129169.1,2,1,1,49524.2,Allemagne,Femme,1
926,582,33,11,247968.64,4,1,1,159925.14,France,Homme,0
927,654,54,9,13655.38,2,1,0,119043.59,Allemagne,Homme,0
928,363,20,13,122761.21,4,1,1,52413.66,Allemagne,Homme,0
929,492,69,14,22854.14,3,0,1,175254.64,Espagne,Femme,0
930,764,64,1,39946.39,4,1,1,160044.4,France,Homme,0
931,350,48,12,95759.59,4,0,1,190990.75,France,Homme,0
932,722,30,2,38885.02,4,0,1,15116.22,Espagne,Femme,0
933,403,73,8,240921.79,2,1,1,99566.64,France,Homme,1
934,723,33,10,236697.44,3,1,0,199970.64,Allemagne,Femme,0
935,608,72,10,84027.41,1,1,1,165069.76,France,Femme,1
936,493,60,8,159936.93,3,1,1,168787.93,Espagne,Homme,1
937,820,38,5,133438.33,2,0,1,129909.51,France,Homme,1
938,790,19,9,203896.75,3,0,1,146886.44,Espagne,Femme,0
939,808,71,9,156861.4,3,1,1,163985.36,France,Homme,0
940,361,44,13,63.11,4,0,0,32071.92,Allemagne,Femme,1
941,679,55,8,190793.6,4,0,1,143127.41,Allemagne,Homme,0
942,573,43,3,186712.03,2,0,1,165850.5,Allemagne,Femme,0
943,621,75,10,127430.68,4,1,1,22560.17,France,Femme,1
944,805,79,4,225729.74,2,1,1,69954.84,France,Homme,0
945,707,76,9,227111.55,1,0,1,74942.15,France,Femme,0
946,809,55,5,130977.92,3,0,1,173097.74,France,Homme,0
947,757,63,12,151997.06,1,1,1,159365.01,Allemagne,Homme,1
948,505,42,14,249130.52,1,1,1,136437.97,France,Femme,0
949,722,28,8,74705.06,3,0,1,163873.79,Allemagne,Femme,0
950,357,25,12,81154.31,4,1,1,98884.49,Allemagne,Homme,0
951,471,25,4,45693.48,1,1,1,176852.91,France,Femme,0
952,697,50,7,223966.73,3,1,0,58329.93,France,Homme,0
953,513,70,10,186122.1,1,0,1,145346.72,France,Homme,1
954,439,24,0,26410.71,1,1,1,59723.97,France,Homme,0
955,485,55,4,245441.84,3,1,1,22374.47,Allemagne,Femme,0
956,535,38,9,182740.43,4,1,1,67567.98,Allemagne,Homme,0
957,665,25,0,212630.53,2,1,0,106187.76,Espagne,Homme,1
958,527,68,9,12037.7,3,1,0,171035.66,France,Femme,1
959,377,71,13,126240.23,2,1,1,109138.45,Allemagne,Homme,0
960,569,38,5,174649.57,3,1,1,48142.86,Allemagne,Homme,0
961,706,73,6,135736.65,3,1,1,198661.7,France,Femme,0
962,390,37,11,166661.87,2,1,1,64963.52,Espagne,Homme,0
963,577,25,13,204468.52,2,1,1,197279.52,Espagne,Homme,0
964,541,75,4,93584.27,4,1,1,188221.92,France,Femme,0
965,760,63,0,212167.17,3,0,0,115351.68,France,Femme,0
966,796,48,5,40729.03,3,1,1,32013.17,Espagne,Femme,0
967,494,67,9,67721.51,3,1,1,143651.74,France,Homme,0
968,550,74,4,10836.4,4,1,1,171457.77,Allemagne,Femme,0
969,766,46,5,91106.7,2,1,1,97380.7,France,Femme,0
970,561,65,10,94977.39,3,1,0,59222.48,France,Femme,0
971,810,26,9,201317.65,2,1,1,163522.47,France,Homme,0
972,569,32,14,163282.67,4,1,1,115839.4,France,Femme,1
973,589,47,6,109180.64,1,1,1,51561.55,Espagne,Femme,0
974,762,43,6,163028.49,2,1,1,190664.65,Allemagne,Femme,0
975,746,27,1,13195.84,4,1,1,190398.17,Allemagne,Femme,0
976,395,46,14,45067.88,1,0,1,82904.19,France,Femme,1
977,384,71,11,156736.96,3,0,1,26840.58,France,Femme,1
978,602,33,2,160341.7,3,1,1,131695.88,Allemagne,Femme,1
979,739,53,11,193533.66,2,1,1,73686.95,Allemagne,Homme,0
980,431,37,5,100749.94,1,1,1,27275.72,Espagne,Homme,0
981,720,62,2,180638.52,4,0,1,179984.19,France,Femme,0
982,605,71,1,170995.08,3,1,0,199651.52,France,Femme,0
983,546,54,3,240848.34,3,1,1,79825.02,Espagne,Homme,0
984,652,39,4,53782.56,1,1,1,152778.06,France,Femme,0
985,758,24,10,137919.89,4,1,1,27167.6,France,Homme,1
986,799,40,9,150441.11,3,1,1,83395.51,France,Homme,0
987,359,58,8,249661.97,3,1,1,35119.08,Allemagne,Femme,1
988,661,57,2,50296.04,2,1,1,25239.74,Allemagne,Femme,0
989,635,46,2,130804.5,4,1,1,123926.34,France,Femme,0
990,591,33,5,86546.33,3,1,1,163375.73,Espagne,Homme,1
991,600,55,4,131473.24,1,1,0,98799.5,Allemagne,Homme,1
992,714,45,5,58032.15,3,0,1,111973.14,France,Femme,0
993,354,65,6,11903.09,4,1,0,65085.05,France,Femme,0
994,468,55,10,143141.36,2,0,1,151231.65,Espagne,Homme,1
995,638,48,2,83963.58,3,0,0,81798.55,France,Homme,0
996,723,31,14,45485.35,1,1,1,27487.32,Allemagne,Femme,1
997,414,70,12,80983.89,3,0,1,45618.93,France,Homme,0
998,495,50,4,12320.05,1,1,1,38766.69,France,Homme,0
999,573,74,7,237610.56,4,0,1,95637.39,France,Femme,1
1000,588,26,3,145286.98,2,1,1,27064.34,Allemagne,Homme,0
1001,526,74,9,203692.17,4,1,0,164199.6,France,Homme,0
1002,616,44,1,105779.55,3,1,1,182980.96,Espagne,Homme,0
1003,690,41,3,225828.67,3,1,1,60952.92,France,Homme,0
1004,631,30,1,120829.56,2,1,1,104819.31,Allemagne,Femme,1
1005,412,43,2,143486.33,1,1,1,111026.67,France,Femme,0
1006,566,46,3,122948.5,4,0,1,197225.23,Espagne,Homme,0
1007,691,68,3,183319.57,1,0,1,27139.62,Espagne,Femme,0
1008,664,66,9,141664.02,3,1,1,138558.24,France,Homme,0
1009,632,60,8,67899.73,1,1,1,78966.52,France,Femme,0
1010,526,45,9,36384.88,4,0,1,107834.15,France,Homme,0
1011,810,45,5,151531.1,1,1,1,55151.4,Allemagne,Homme,0
1012,766,25,8,122294.99,3,0,0,44644.82,Espagne,Femme,0
1013,447,40,3,23993.92,4,1,1,60059.58,France,Homme,1
1014,454,46,8,98904.37,1,1,1,28183.46,France,Homme,1
1015,448,22,10,128694.11,1,1,0,66446.7,France,Homme,1
1016,734,59,12,206723.31,4,1,0,142714.92,France,Homme,0
1017,754,24,8,19025.26,3,0,1,135524.16,France,Homme,0
1018,845,59,5,87123.84,4,1,1,117581.8,France,Homme,1
1019,660,53,4,205664.03,3,0,1,15071.67,France,Femme,0
1020,355,58,2,162105.98,1,1,1,38269.67,Espagne,Femme,0
1021,825,44,13,72489.58,4,1,1,170930.84,France,Homme,0
1022,814,75,14,211333.78,3,1,1,65271.6,France,Homme,0
1023,546,63,4,123323.4,4,1,1,183756.79,France,Homme,1
1024,700,19,14,124587.97,1,0,1,176791.03,Espagne,Homme,0
1025,482,42,2,244146.83,4,0,1,43661.5,Allemagne,Homme,1
1026,707,26,4,236779.13,1,1,0,181158.13,France,Femme,1
1027,608,70,4,89633.17,1,1,0,131149.44,Allemagne,Homme,1
1028,786,44,1,35144.78,1,1,1,131603.06,Allemagne,Homme,0
1029,372,18,13,81416.68,3,1,0,172745.78,Espagne,Homme,1
1030,834,40,13,7620.82,3,1,1,89935.32,Espagne,Femme,0
1031,402,27,8,5191.97,2,0,1,151023.71,France,Femme,0
1032,514,59,14,98880.53,3,1,1,138536.41,France,Femme,0
1033,551,69,6,235254.96,2,1,1,157730.21,Allemagne,Homme,0
1034,807,42,13,217839.34,4,1,1,137134.96,Espagne,Homme,0
1035,432,71,5,127860.71,1,1,1,29810.14,France,Homme,1
1036,494,78,4,141306.6,3,0,1,69151.54,France,Homme,1
1037,434,20,14,1483.37,1,0,1,188885.36,France,Femme,1
1038,427,23,3,53875.29,2,0,1,56333.66,France,Homme,1
1039,806,78,7,6193.53,3,1,1,102368.17,France,Femme,1
1040,715,75,1,188634.88,3,0,1,81031.68,France,Homme,0
1041,350,23,7,36411.45,3,1,1,30965.26,Espagne,Femme,1
1042,400,70,0,217261.78,3,0,1,48519.91,Espagne,Femme,1
1043,522,19,9,160831.08,1,1,1,68033.42,Allemagne,Femme,0
1044,554,75,0,57354.67,3,1,1,100713.92,France,Homme,0
1045,609,75,2,39430.08,2,1,1,176786.94,Espagne,Homme,0
1046,795,35,4,156906.18,3,1,0,110389.01,France,Femme,0
1047,798,40,13,225209.25,2,1,1,135602.42,France,Homme,0
1048,718,19,5,179590.05,2,1,1,93801.7,Espagne,Homme,0
1049,837,29,3,87136.66,1,1,1,175961.54,Allemagne,Femme,0
1050,637,39,6,146845.9,3,0,1,137584.97,France,Homme,0
1051,383,54,6,77690.42,2,1,1,31766.6,Espagne,Femme,0
1052,697,37,1,249787.39,3,1,1,103337.72,Espagne,Femme,0
1053,444,56,1,187209.8,1,0,1,168038.33,Espagne,Homme,1
1054,421,41,1,153595.41,1,1,1,150726.24,France,Femme,1
1055,388,65,14,105814.79,3,1,0,182482.56,France,Femme,1
1056,503,37,13,154538.07,2,1,1,57118.55,France,Femme,0
1057,599,18,14,85404.02,4,1,1,195776.85,Allemagne,Homme,0
1058,511,18,1,7216.21,4,0,0,67739.37,Espagne,Homme,1
1059,787,34,12,98772.13,1,1,1,24283.28,Espagne,Homme,0
1060,467,76,8,232620.2,2,0,1,106699.44,Espagne,Homme,0
1061,608,18,13,156575.27,4,0,1,35412.67,France,Homme,0
1062,728,70,4,20988.93,2,1,1,141042.52,Allemagne,Homme,1
1063,655,69,10,221248.4,3,1,0,181602.91,Espagne,Homme,1
1064,617,62,7,67218.71,1,0,0,185448.51,France,Femme,1
1065,798,47,4,60942.37,3,1,1,127301.89,France,Homme,0
1066,403,58,12,74272.74,3,0,1,114024.0,Allemagne,Homme,0
1067,585,64,10,144300.56,3,1,1,198888.41,France,Homme,0
1068,738,20,4,136172.02,2,0,0,122193.76,Espagne,Homme,1
1069,827,63,0,122853.44,4,1,1,186579.79,France,Femme,0
1070,571,72,5,179384.22,3,0,1,184570.08,France,Femme,0
1071,600,28,3,79134.43,1,1,0,68560.05,Espagne,Femme,0
1072,662,41,14,195516.13,2,0,1,17543.95,Espagne,Homme,0
1073,750,39,2,43830.42,4,1,1,96246.16,Allemagne,Femme,0
1074,461,61,5,195655.2,3,0,1,174353.48,Espagne,Femme,0
1075,604,62,1,165952.53,1,1,1,169684.83,Espagne,Homme,0
1076,652,43,7,170802.08,3,1,1,126678.8,Espagne,Femme,1
1077,756,30,0,120388.35,4,1,1,43981.81,Allemagne,Femme,0
1078,556,18,11,166750.38,4,0,0,34903.73,Allemagne,Homme,1
1079,578,41,8,19949.26,3,1,1,191616.17,Allemagne,Femme,0
1080,690,27,7,212887.78,3,0,1,92958.57,Allemagne,Femme,0
1081,747,52,0,13886.81,2,0,1,134909.79,Espagne,Homme,0
1082,415,41,9,37185.38,4,0,1,182584.92,Allemagne,Homme,0
1083,424,45,11,144197.43,4,0,0,175930.24,Espagne,Homme,0
1084,784,53,14,184852.86,3,1,0,119877.09,France,Femme,0
1085,452,33,8,19062.89,1,1,1,105262.46,Allemagne,Homme,1
1086,771,57,1,230191.2,3,0,1,151022.95,France,Femme,0
1087,541,33,2,243401.91,3,1,1,79684.45,Allemagne,Femme,0
1088,601,76,1,151487.54,4,1,0,130697.27,Allemagne,Femme,1
1089,575,34,12,120310.86,2,1,1,19283.2,Espagne,Homme,0
1090,643,68,13,185348.74,3,1,1,167497.82,France,Homme,0
1091,655,71,7,82089.34,1,1,1,199635.97,France,Homme,0
1092,447,32,1,123316.11,1,0,0,191620.7,Espagne,Homme,1
1093,687,33,9,229037.76,3,1,1,81580.55,Espagne,Homme,0
1094,635,32,1,238913.86,1,0,0,113253.74,France,Homme,0
1095,684,74,14,231767.28,1,1,1,58700.14,France,Femme,0
1096,696,51,0,65612.02,3,1,1,71052.67,France,Homme,0
1097,784,28,6,58117.26,1,1,1,99609.03,Allemagne,Femme,0
1098,796,18,11,74416.13,1,0,1,153209.97,Allemagne,Femme,1
1099,831,32,1,110327.78,3,0,1,18308.24,Allemagne,Homme,0
1100,657,43,9,78541.85,4,0,1,87848.21,Allemagne,Femme,0
1101,598,68,4,93553.2,2,1,1,117951.93,Allemagne,Homme,0
1102,515,21,4,155159.24,2,0,1,54808.86,France,Femme,0
1103,830,60,2,190631.42,4,1,0,29518.56,Allemagne,Femme,1
1104,821,22,2,183889.55,3,0,0,114821.16,Allemagne,Homme,0
1105,684,52,12,203605.89,4,1,1,132994.85,Espagne,Femme,0
1106,379,30,11,8046.1,2,1,1,133585.42,Espagne,Homme,1
1107,596,27,2,11933.45,2,0,1,80968.11,Allemagne,Femme,0
1108,455,28,5,197345.74,2,1,1,58911.93,France,Homme,1
1109,400,35,13,133269.71,2,0,0,55771.49,France,Homme,1
1110,430,51,3,144535.17,3,1,1,22496.93,Allemagne,Homme,1
1111,482,56,12,13146.72,2,1,0,49166.42,France,Femme,0
1112,634,58,2,63828.45,2,1,0,166442.13,France,Femme,0
1113,737,59,1,159588.58,3,1,1,15564.48,France,Femme,1
1114,487,67,12,214795.47,4,1,1,23119.39,Espagne,Femme,0
1115,533,40,2,229245.85,3,1,1,38498.5,France,Homme,0
1116,750,24,3,125104.87,2,1,1,92744.51,France,Femme,1
1117,679,76,5,136368.56,1,1,1,76741.5,Espagne,Homme,0
1118,622,56,3,208262.41,3,0,0,47899.63,Allemagne,Homme,0
1119,689,20,7,134406.15,3,1,1,35525.65,France,Homme,0
1120,821,29,2,129214.63,4,1,1,188689.57,Espagne,Homme,0
1121,418,24,11,226271.01,2,0,1,183581.29,France,Homme,0
1122,383,66,2,197483.18,1,1,1,157801.24,Espagne,Homme,1
1123,611,43,2,227268.13,3,1,0,61624.07,Allemagne,Homme,1
1124,402,50,7,54561.76,3,0,1,74884.14,France,Femme,0
1125,799,54,3,131093.87,3,1,1,138181.32,Allemagne,Homme,1
1126,554,65,0,210618.03,1,1,1,68964.3,France,Femme,0
1127,475,32,1,27786.96,3,0,1,113165.22,Allemagne,Homme,1
1128,584,19,12,198665.54,3,1,0,135487.51,Espagne,Femme,0
1129,392,58,13,45743.35,1,1,1,111051.31,France,Homme,1
1130,589,24,9,202029.69,3,0,0,91457.68,France,Femme,1
1131,808,49,12,153000.23,1,1,1,79360.39,Espagne,Femme,0
1132,720,21,12,48309.0,4,1,1,158883.73,Allemagne,Femme,0
1133,460,37,13,118338.54,1,1,1,151714.81,Allemagne,Homme,0
1134,598,67,1,170476.29,4,0,0,143802.19,France,Homme,1
1135,500,70,13,158463.23,1,0,0,84315.27,France,Femme,1
1136,532,53,2,106811.8,2,1,1,158511.28,Allemagne,Homme,0
1137,685,49,5,224841.63,3,1,1,192175.17,France,Homme,0
1138,444,45,7,129815.85,4,1,1,142461.21,France,Femme,0
1139,808,30,11,126466.82,3,1,1,90461.36,Allemagne,Homme,0
1140,723,18,0,15562.65,3,1,0,162349.03,France,Homme,1
1141,749,77,8,230530.1,1,1,0,127720.88,Allemagne,Femme,1
1142,357,73,0,44279.14,2,0,1,177370.25,Allemagne,Femme,0
1143,737,52,9,132086.17,1,1,1,146938.77,France,Femme,1
1144,709,65,1,200891.9,3,1,1,157435.21,Allemagne,Femme,0
1145,737,47,2,53863.32,1,0,1,138475.75,France,Homme,1
1146,533,71,6,131843.32,4,1,1,32023.78,Espagne,Femme,0
1147,630,53,8,60171.23,2,0,0,104746.69,Espagne,Homme,1
1148,544,74,2,189923.75,3,1,1,25450.63,Allemagne,Femme,1
1149,701,72,7,141085.29,1,1,0,97796.59,France,Homme,1
1150,544,42,14,213993.97,4,1,1,147538.99,Espagne,Homme,0
1151,504,33,8,223639.5,2,0,1,92932.26,Espagne,Homme,0
1152,442,75,9,162183.37,1,1,1,15301.6,France,Femme,0
1153,509,36,6,181347.81,1,0,1,83317.74,Allemagne,Homme,0
1154,783,18,3,137305.02,3,1,1,27535.41,France,Femme,0
1155,410,22,3,96107.18,4,1,1,159410.33,France,Femme,1
1156,471,68,3,162029.48,2,0,1,159994.04,Allemagne,Femme,0
1157,400,39,5,227072.16,1,0,0,164180.04,Allemagne,Femme,1
1158,752,41,3,104170.1,2,1,1,20610.53,France,Homme,0
1159,626,60,4,78602.51,4,1,0,20969.82,France,Femme,0
1160,354,62,8,97109.23,3,1,0,182138.13,Allemagne,Homme,0
1161,815,69,11,108849.41,3,0,1,37881.52,France,Femme,0
1162,441,54,6,18390.26,3,1,1,138966.69,Allemagne,Homme,0
1163,519,70,7,124610.46,2,0,0,162159.06,Allemagne,Femme,1
1164,666,53,4,123578.56,2,1,1,97854.79,Allemagne,Femme,0
1165,371,53,4,147110.96,1,1,1,116097.34,France,Homme,0
1166,754,21,12,90705.01,4,1,1,57065.43,Allemagne,Femme,1
1167,675,53,10,153276.9,4,0,1,185865.99,France,Homme,0
1168,350,69,6,219554.08,4,1,1,70833.2,Espagne,Femme,1
1169,482,70,10,238867.75,2,0,0,55295.07,France,Homme,1
1170,582,35,12,145903.05,3,1,1,112199.65,France,Homme,0
1171,361,67,13,10647.74,4,1,0,50245.04,France,Femme,1
1172,695,33,11,242309.0,1,0,0,142037.95,Allemagne,Femme,1
1173,395,58,7,176465.52,2,0,1,110296.36,Allemagne,Homme,1
1174,383,35,8,83990.91,3,0,1,42343.82,France,Homme,1
1175,782,39,14,36789.43,4,1,1,27440.59,Allemagne,Homme,0
1176,427,19,13,35854.65,3,1,1,40336.4,France,Homme,0
1177,567,38,1,41936.1,1,1,1,40275.56,Allemagne,Homme,0
1178,650,53,2,11393.13,4,0,0,72877.35,France,Homme,0
1179,760,61,11,225538.55,4,1,0,169155.07,Espagne,Femme,0
1180,422,56,11,135192.06,3,1,1,25599.39,Espagne,Femme,0
1181,631,64,1,174989.85,2,1,1,38696.45,Espagne,Femme,1
1182,598,56,9,207027.13,3,1,1,71036.35,Espagne,Homme,0
1183,396,46,6,197885.25,1,1,1,117366.64,France,Femme,0
1184,470,71,11,220651.41,3,1,1,156133.33,France,Homme,1
1185,563,43,1,241813.66,3,1,1,185420.42,France,Homme,0
1186,588,38,11,109767.65,4,1,1,91236.32,France,Homme,1
1187,405,34,13,237583.87,2,1,1,34579.44,France,Femme,1
1188,699,33,14,180822.49,2,1,1,54500.38,Allemagne,Homme,1
1189,456,77,1,17667.05,2,1,1,68140.81,Allemagne,Homme,0
1190,668,48,13,170445.78,2,0,1,160428.06,Espagne,Homme,0
1191,397,68,13,171679.16,3,1,1,142029.01,France,Homme,1
1192,410,26,1,226465.14,4,0,1,53665.98,Allemagne,Femme,1
1193,686,48,14,93233.03,4,0,1,170167.92,France,Femme,1
1194,375,31,11,146227.88,2,1,0,173943.83,Espagne,Femme,1
1195,641,66,12,3046.89,3,0,1,178251.17,Espagne,Femme,1
1196,606,54,3,83018.81,2,1,1,65875.77,France,Homme,0
1197,357,19,0,15560.93,2,1,1,39740.1,France,Femme,0
1198,462,69,1,130468.24,4,1,1,34232.12,France,Femme,1
1199,704,65,2,204361.91,4,0,1,89016.23,Allemagne,Femme,0
1200,602,63,6,51610.67,2,1,1,94425.09,France,Homme,0
1201,529,31,9,131860.26,3,1,1,175618.85,Allemagne,Homme,0
1202,556,76,0,51002.16,2,1,0,64534.87,Allemagne,Homme,0
1203,652,50,5,30172.12,4,1,1,130975.05,Allemagne,Femme,0
1204,476,52,2,127749.2,4,1,1,160819.35,Espagne,Homme,0
1205,405,75,2,19787.16,3,1,1,64793.29,Allemagne,Femme,1
1206,563,56,3,146838.66,2,1,1,64420.83,Allemagne,Homme,0
1207,363,75,12,7834.37,2,1,1,138793.72,France,Homme,0
1208,823,64,3,26678.74,1,1,1,149335.21,Allemagne,Homme,0
1209,377,68,6,137499.37,2,1,1,192556.09,Allemagne,Femme,0
1210,820,37,2,147851.85,3,0,1,172239.02,Espagne,Femme,1
1211,427,19,7,7246.73,4,0,1,167079.51,Allemagne,Femme,0
1212,565,68,7,143344.2,1,1,1,143078.13,Allemagne,Homme,0
1213,735,58,10,209625.63,3,1,1,36920.03,Allemagne,Homme,1
1214,714,36,12,180579.04,3,1,1,164709.63,France,Femme,0
1215,503,76,6,32796.28,1,1,1,188034.52,France,Femme,1
1216,363,54,1,148118.66,2,1,1,87282.8,France,Homme,1
1217,536,35,4,168063.13,1,1,1,73027.46,France,Femme,1
1218,661,33,5,9307.8,3,1,0,111659.1,France,Homme,0
1219,720,21,11,213836.92,2,1,1,191944.29,Allemagne,Femme,0
1220,356,29,9,226566.85,4,1,1,24403.97,Espagne,Homme,0
1221,352,46,3,212613.07,1,1,1,146142.92,Espagne,Femme,0
1222,460,24,12,206157.87,3,1,1,165713.64,France,Homme,0
1223,756,31,9,186241.3,2,0,1,160918.6,France,Femme,1
1224,587,72,4,158358.01,3,1,1,119853.26,France,Homme,1
1225,712,29,13,169656.75,2,0,1,185304.15,France,Femme,1
1226,588,52,8,201598.82,2,0,1,39886.9,France,Homme,0
1227,842,22,10,165624.61,1,1,1,60352.86,Allemagne,Femme,0
1228,623,34,6,81931.74,4,0,1,71786.92,France,Femme,0
1229,643,75,1,93990.28,2,1,1,16605.32,France,Femme,1
1230,576,59,10,224264.37,3,1,1,83573.81,Allemagne,Femme,0
1231,720,49,0,4280.52,2,1,0,44722.07,France,Femme,1
1232,364,27,1,174705.15,4,0,0,149055.84,Allemagne,Femme,1
1233,541,60,2,238694.39,3,1,1,91766.27,France,Femme,0
1234,822,34,10,176557.04,2,1,1,145325.0,France,Homme,0
1235,468,22,1,248478.0,2,0,1,69325.85,France,Homme,1
1236,834,62,10,171886.23,1,1,0,39404.78,France,Femme,0
1237,377,59,2,8590.76,4,1,1,39417.97,France,Homme,0
1238,551,26,9,206752.47,2,0,1,52603.79,France,Femme,0
1239,388,66,14,71157.48,4,1,1,36314.9,France,Homme,0
1240,790,50,10,111514.31,2,1,0,55801.21,Allemagne,Homme,1
1241,622,53,10,78022.98,3,0,1,122121.35,France,Femme,0
1242,580,53,14,67138.53,4,1,1,62422.16,France,Homme,0
1243,435,35,11,107851.43,3,1,0,78445.11,Allemagne,Homme,0
1244,823,26,13,94687.86,4,0,1,24755.79,Allemagne,Homme,0
1245,475,79,11,158334.65,3,1,1,180058.68,France,Homme,0
1246,649,74,8,203287.8,2,1,1,40559.78,France,Femme,0
1247,374,46,3,74272.16,3,1,0,79503.18,France,Femme,1
1248,494,78,11,53430.29,3,0,1,85203.66,France,Femme,0
1249,362,67,8,166723.82,2,1,1,157843.36,Allemagne,Femme,1
1250,561,31,10,167580.02,4,1,1,104455.43,Allemagne,Femme,0
1251,374,42,2,225282.81,3,1,1,85846.91,Allemagne,Femme,0
1252,417,32,11,3986.42,1,1,0,143736.82,France,Homme,1
1253,743,23,0,213260.17,1,1,1,125447.73,Espagne,Homme,1
1254,416,73,10,130250.54,3,0,0,29454.9,Espagne,Femme,0
1255,582,59,4,155325.52,3,1,1,72849.55,France,Homme,1
1256,458,46,9,22842.86,3,1,1,196042.5,France,Homme,1
1257,495,32,9,108153.73,4,0,1,104417.01,Allemagne,Homme,1
1258,460,46,13,56825.6,2,1,0,93475.72,Allemagne,Homme,0
1259,577,21,1,63556.26,1,0,1,42735.16,Allemagne,Homme,0
1260,460,35,3,126023.78,1,0,1,170227.98,Espagne,Femme,1
1261,819,67,1,203113.99,4,1,1,39661.96,France,Homme,0
1262,383,74,1,185945.23,3,0,0,34440.49,France,Homme,0
1263,460,66,12,147749.99,3,1,1,96215.06,France,Homme,0
1264,613,61,2,134854.55,2,1,1,95779.67,France,Homme,0
1265,773,56,4,106826.51,2,1,1,196571.76,France,Femme,1
1266,718,33,3,243177.49,1,0,1,38593.7,France,Homme,0
1267,585,28,1,140048.14,2,1,1,104508.01,Allemagne,Homme,0
1268,432,31,14,63491.6,1,1,0,52230.38,France,Femme,0
1269,391,20,10,57522.7,4,1,1,144826.32,Allemagne,Homme,1
1270,774,68,13,152838.26,3,0,1,87462.07,France,Homme,0
1271,450,67,13,130706.88,3,1,1,134966.56,France,Homme,0
1272,355,79,9,1924.45,1,1,1,77606.07,France,Femme,1
1273,529,59,1,207516.34,3,1,1,119441.01,France,Homme,0
1274,631,55,13,176030.59,4,1,1,101790.34,Allemagne,Homme,0
1275,669,62,5,165457.32,2,1,1,84257.52,Allemagne,Homme,1
1276,575,59,6,17195.16,4,1,1,114442.09,Allemagne,Homme,1
1277,792,35,11,90513.96,3,0,1,86002.76,France,Homme,1
1278,789,75,9,233845.57,4,0,0,164113.47,Espagne,Homme,1
1279,664,37,5,215647.31,3,1,1,106618.96,France,Homme,0
1280,714,75,6,71385.73,1,1,1,182078.54,Allemagne,Homme,0
1281,803,65,0,39264.72,2,0,1,56218.78,France,Femme,1
1282,578,42,5,112271.99,2,1,1,35742.92,France,Homme,0
1283,726,74,10,88957.59,3,1,1,85478.96,Allemagne,Femme,0
1284,638,55,2,170556.59,3,1,1,48977.02,Allemagne,Homme,0
1285,786,30,0,241608.7,2,0,1,87727.09,Allemagne,Homme,0
1286,499,21,7,90750.36,4,1,0,53371.02,France,Femme,0
1287,626,72,3,15556.04,4,1,1,175620.02,France,Homme,1
1288,547,31,9,224403.5,4,1,1,120062.34,Espagne,Homme,0
1289,419,50,7,9487.43,2,0,1,107054.01,France,Femme,0
1290,461,45,9,238191.47,1,1,1,160732.84,France,Femme,1
1291,353,69,13,166144.86,3,1,0,39117.9,France,Femme,1
1292,699,54,10,235422.3,3,1,0,173547.72,France,Femme,0
1293,680,25,3,49914.92,2,0,1,104411.25,France,Femme,1
1294,795,61,3,10174.95,1,1,1,40240.15,Allemagne,Homme,0
1295,667,51,11,122052.49,2,0,1,166591.12,Allemagne,Femme,1
1296,699,61,13,112655.85,4,0,1,100243.41,France,Femme,0
1297,444,22,9,82873.07,4,1,1,126851.1,Espagne,Femme,0
1298,501,71,3,239414.12,3,0,0,180317.64,Allemagne,Femme,1
1299,660,22,5,205645.93,3,1,0,179777.95,Allemagne,Homme,0
1300,486,48,13,165395.51,3,0,1,180171.49,Allemagne,Homme,1
1301,596,62,8,40714.57,3,1,1,92129.73,Allemagne,Femme,0
1302,736,26,4,183580.85,4,0,1,153677.09,France,Femme,0
1303,592,59,11,181753.11,4,1,1,58155.11,Allemagne,Femme,0
1304,380,49,12,106267.04,1,0,0,168767.74,Espagne,Homme,0
1305,389,50,9,231196.48,3,1,1,78218.63,France,Femme,0
1306,578,79,13,41744.47,2,1,0,100823.81,Allemagne,Homme,0
1307,385,20,14,66834.39,1,1,1,179907.45,Allemagne,Femme,1
1308,757,47,7,15806.08,1,1,0,164061.89,France,Femme,0
1309,572,67,7,198862.74,4,0,0,191214.57,Espagne,Femme,1
1310,355,29,3,155439.85,3,0,1,82242.5,France,Homme,1
1311,671,46,14,78735.08,1,1,1,42950.77,France,Femme,0
1312,817,20,10,40953.42,3,0,1,183425.93,Espagne,Homme,1
1313,569,43,9,10036.94,4,1,1,106233.56,France,Femme,0
1314,424,74,8,41686.39,1,1,0,179539.15,Allemagne,Homme,1
1315,353,78,8,113321.16,1,1,1,150433.61,Allemagne,Homme,1
1316,684,47,4,61794.24,2,1,1,176838.54,France,Homme,0
1317,483,26,5,64745.54,4,1,0,136123.74,France,Femme,0
1318,467,43,4,218894.09,2,1,1,165288.82,Espagne,Homme,1
1319,718,19,2,128784.42,4,1,1,37262.16,France,Homme,0
1320,443,79,10,182312.99,2,1,1,194134.52,Allemagne,Femme,1
1321,835,20,7,8927.74,4,1,1,48481.16,France,Homme,0
1322,784,63,8,91290.84,4,0,1,19533.01,Espagne,Homme,0
1323,411,21,14,119792.34,1,1,1,113199.36,Espagne,Femme,1
1324,790,42,3,46604.21,2,0,1,146703.77,France,Homme,1
1325,543,68,8,30047.89,2,0,1,147537.41,Allemagne,Femme,1
1326,684,30,8,217575.94,2,1,1,77758.08,Espagne,Femme,0
1327,552,56,6,234857.91,1,1,1,154458.89,Espagne,Homme,0
1328,741,61,7,19701.67,3,1,1,170873.61,France,Homme,0
1329,375,52,14,87254.68,4,1,1,127852.17,France,Homme,0
1330,784,72,2,239571.41,2,1,1,86408.52,France,Femme,0
1331,522,40,14,20790.43,4,0,1,128511.3,Allemagne,Femme,0
1332,649,26,4,160910.34,1,1,1,174512.62,Espagne,Homme,0
1333,482,19,2,243055.34,4,1,1,181587.28,Allemagne,Homme,0
1334,675,78,6,244555.92,1,1,1,20830.58,France,Femme,1
1335,759,71,5,117805.83,3,1,1,37643.73,France,Femme,0
1336,467,58,10,40687.28,2,1,1,15835.1,Espagne,Femme,0
1337,673,61,2,50521.08,1,1,1,106101.8,France,Homme,0
1338,624,48,8,222400.35,4,1,0,95732.32,Allemagne,Femme,0
1339,561,61,11,227920.75,1,0,1,115973.31,Allemagne,Homme,1
1340,574,64,0,151969.91,1,1,0,141474.65,Espagne,Homme,1
1341,369,19,9,191544.1,3,1,1,82669.99,France,Femme,1
1342,462,49,2,184982.81,2,1,1,53586.79,France,Homme,0
1343,489,35,14,165455.4,1,1,1,88041.77,Espagne,Homme,1
1344,396,30,14,206819.24,1,1,1,16667.04,Allemagne,Homme,0
1345,350,63,14,171351.66,4,1,1,168447.64,France,Homme,0
1346,439,22,10,133500.58,1,1,1,85989.37,France,Homme,1
1347,491,75,14,59239.09,1,1,1,130215.84,France,Homme,0
1348,669,59,9,185972.04,2,1,1,75074.24,Espagne,Femme,0
1349,387,61,10,118359.47,2,1,1,128740.29,France,Femme,0
1350,642,27,6,73697.92,4,1,0,114980.55,Espagne,Femme,1
1351,731,73,2,200486.57,1,0,0,53583.48,France,Homme,1
1352,488,60,13,174178.4,1,0,0,130684.94,France,Homme,1
1353,705,42,2,234334.89,1,1,1,35280.15,Espagne,Femme,0
1354,682,51,1,41360.41,3,1,0,104000.88,Espagne,Homme,1
1355,840,54,8,162297.32,3,0,1,148177.44,France,Femme,0
1356,608,47,10,61059.87,4,1,0,116576.6,France,Femme,1
1357,510,24,3,225895.75,3,0,1,153060.15,Allemagne,Femme,0
1358,739,23,9,24874.85,4,1,1,65535.08,France,Femme,0
1359,527,71,12,164040.45,1,1,1,24031.43,Espagne,Homme,0
1360,359,72,5,197771.43,3,1,1,25354.52,France,Homme,0
1361,610,20,1,88729.46,2,1,1,64714.21,France,Femme,0
1362,756,30,8,238534.52,3,1,1,90418.41,France,Homme,0
1363,487,20,14,212682.67,1,1,1,114438.46,France,Homme,0
1364,521,43,6,73654.57,2,1,1,155167.34,France,Femme,0
1365,735,74,9,1885.27,4,1,1,170327.75,France,Femme,0
1366,362,79,4,74164.29,1,1,0,143330.98,Allemagne,Homme,1
1367,517,41,6,70327.62,2,1,1,100693.66,Allemagne,Homme,1
1368,479,70,13,222491.15,3,1,1,63930.1,France,Homme,1
1369,433,23,3,241780.29,4,1,1,94143.43,Allemagne,Homme,0
1370,670,60,12,17610.0,3,1,0,65578.29,Espagne,Femme,1
1371,668,77,9,117823.71,2,1,1,130525.58,France,Homme,1
1372,450,75,12,137083.0,2,1,1,166368.27,Espagne,Homme,1
1373,678,66,14,23227.92,1,1,1,110864.92,France,Homme,1
1374,622,59,6,94374.43,4,1,1,23480.3,France,Homme,0
1375,614,29,1,79270.6,4,1,1,188853.5,France,Femme,0
1376,808,66,6,134014.09,2,1,1,69442.54,Espagne,Femme,0
1377,748,53,14,165297.72,1,1,1,184184.41,France,Femme,1
1378,757,19,3,175871.28,2,0,1,165417.64,France,Femme,1
1379,387,28,3,34188.76,2,0,1,91428.15,Espagne,Homme,1
1380,768,56,0,203236.93,4,0,1,25490.2,Espagne,Homme,1
1381,443,51,11,169635.51,3,0,1,190325.22,Espagne,Femme,0
1382,444,43,2,222268.73,3,0,1,136924.93,Allemagne,Femme,0
1383,654,35,4,112334.01,4,1,1,61185.99,Allemagne,Femme,0
1384,418,38,4,223472.44,1,1,1,113704.2,France,Femme,1
1385,667,53,1,216443.53,4,1,1,132543.54,Allemagne,Homme,0
1386,793,57,3,109602.33,1,1,1,56931.98,France,Femme,0
1387,585,69,0,95285.83,4,1,1,32304.99,Allemagne,Femme,0
1388,783,63,14,233203.0,1,1,0,64481.13,France,Homme,0
1389,683,61,8,178791.18,2,1,1,23806.49,Espagne,Homme,0
1390,722,39,0,232061.34,2,0,1,27947.5,France,Homme,1
1391,725,70,5,199243.69,1,0,1,43968.23,Allemagne,Femme,1
1392,808,76,6,152324.36,4,0,1,44305.18,Allemagne,Homme,1
1393,486,47,2,28963.19,2,1,1,60871.04,France,Homme,0
1394,767,67,11,72870.17,4,1,1,188424.41,France,Homme,1
1395,425,60,14,242210.6,3,1,0,121526.7,France,Homme,1
1396,832,78,0,79855.52,2,1,1,93163.46,Espagne,Femme,0
1397,384,77,6,23313.72,4,1,1,119302.94,Espagne,Homme,0
1398,350,47,2,176888.34,4,1,0,16056.64,France,Femme,1
1399,645,25,12,183501.06,3,0,0,180528.18,France,Homme,0
1400,669,51,9,71364.43,4,0,1,113477.93,France,Femme,0
1401,755,74,11,74417.99,1,1,0,98555.37,France,Femme,1
1402,409,64,11,117223.25,2,0,1,189196.36,France,Femme,0
1403,669,26,5,5447.24,1,1,1,150125.5,Espagne,Femme,0
1404,698,68,12,197330.75,3,0,1,77422.86,Espagne,Homme,1
1405,677,37,11,79272.2,1,1,1,188189.13,France,Femme,1
1406,616,57,13,213440.78,4,0,1,172619.56,Allemagne,Homme,0
1407,710,42,5,200657.61,3,0,0,191588.74,France,Femme,0
1408,578,36,13,165350.51,3,1,1,32801.43,Allemagne,Homme,1
1409,619,22,11,81218.72,1,1,1,191727.7,Espagne,Homme,0
1410,665,28,3,129079.14,3,1,1,115433.33,Allemagne,Femme,0
1411,635,32,11,111207.31,1,1,1,139359.79,France,Femme,0
1412,640,25,10,84720.47,1,1,1,54264.2,Espagne,Homme,0
1413,562,36,5,212034.07,1,1,1,40974.28,Allemagne,Femme,1
1414,514,40,10,120876.77,3,1,1,29686.69,France,Homme,0
1415,354,44,9,208180.77,3,0,1,93127.92,France,Homme,1
1416,688,57,3,26304.62,2,0,0,55949.65,Allemagne,Femme,1
1417,728,49,14,35256.2,1,1,0,30100.24,France,Homme,0
1418,427,43,12,244330.08,1,1,1,191687.25,France,Homme,1
1419,759,44,7,146942.12,1,0,0,150677.4,Espagne,Femme,1
1420,411,79,8,127442.42,1,0,1,110803.08,France,Femme,0
1421,481,36,1,130789.02,1,1,1,152519.28,Allemagne,Homme,0
1422,438,67,6,53817.19,1,1,1,128119.76,France,Homme,1
1423,586,59,8,179675.99,1,1,0,47936.03,Espagne,Femme,0
1424,391,46,8,21195.16,2,1,0,132185.74,Espagne,Femme,1
1425,438,56,11,143330.93,2,1,1,140987.27,Espagne,Femme,1
1426,751,77,4,142692.2,4,1,1,58932.11,France,Femme,0
1427,645,58,0,228547.11,1,1,1,74226.76,France,Homme,1
1428,677,50,5,131545.7,1,1,1,85910.62,Allemagne,Homme,0
1429,644,36,14,34265.67,2,1,1,126471.13,Espagne,Femme,0
1430,453,54,7,143188.31,2,1,1,38459.48,France,Femme,0
1431,363,36,0,22831.91,1,1,1,152543.45,France,Homme,1
1432,637,50,1,50948.46,1,1,1,79014.49,France,Femme,1
1433,528,64,12,7777.15,2,0,1,142977.93,France,Homme,0
1434,474,33,12,128323.4,2,1,1,187584.17,Allemagne,Homme,1
1435,771,40,0,21133.15,4,0,1,175926.81,Allemagne,Homme,1
1436,702,24,4,117348.59,4,0,1,151452.51,France,Femme,1
1437,372,43,1,233236.26,1,1,0,50765.49,Allemagne,Homme,1
1438,412,49,14,179940.35,2,1,0,150433.76,Allemagne,Femme,1
1439,492,29,9,19352.92,4,0,1,132621.04,France,Femme,1
1440,830,25,9,56052.45,1,0,1,157921.16,Allemagne,Homme,1
1441,502,22,13,168415.6,4,1,1,175730.58,Allemagne,Homme,0
1442,494,59,3,223675.47,4,1,1,72622.9,France,Homme,0
1443,574,45,0,8229.65,4,0,1,134196.25,Espagne,Homme,1
1444,844,70,6,203112.78,3,0,0,65900.56,France,Femme,1
1445,799,22,7,140453.47,1,1,1,79062.71,Espagne,Femme,1
1446,811,66,4,136522.83,4,1,1,111319.24,Allemagne,Homme,0
1447,658,43,1,239453.3,1,0,1,95320.23,Allemagne,Femme,1
1448,453,22,7,186911.15,1,1,1,126116.66,France,Femme,0
1449,453,39,0,212529.72,2,1,1,155370.87,Espagne,Femme,0
1450,784,32,14,88498.89,1,0,0,126928.7,France,Homme,0
1451,388,30,6,138591.01,4,0,1,194413.09,Allemagne,Femme,0
1452,784,45,0,153851.42,1,1,1,151552.2,Espagne,Homme,0
1453,547,50,11,80395.99,2,1,1,197227.19,France,Femme,0
1454,483,60,5,142562.03,3,0,0,152536.53,Espagne,Homme,0
1455,416,40,12,59163.84,3,1,1,108964.99,Allemagne,Homme,1
1456,740,50,5,35843.92,2,1,1,91036.07,Allemagne,Homme,0
1457,528,60,14,93492.56,4,1,1,151097.17,Espagne,Homme,0
1458,805,35,4,184822.41,4,0,1,142118.01,Allemagne,Femme,1
1459,391,67,14,229046.79,4,1,0,138721.47,France,Femme,0
1460,797,70,1,114428.51,1,1,0,148530.01,Allemagne,Homme,0
1461,849,47,1,160705.92,3,1,1,176351.84,Allemagne,Homme,0
1462,364,43,8,25759.28,4,1,1,57135.66,France,Femme,0
1463,460,33,4,226115.94,3,1,1,119505.52,France,Femme,0
1464,506,30,4,142151.05,2,1,1,126610.72,France,Femme,0
1465,638,56,6,195084.56,3,1,1,69178.51,France,Femme,0
1466,849,50,5,198610.3,4,1,1,197770.68,Allemagne,Homme,0
1467,827,43,1,64120.13,3,1,1,160324.51,France,Homme,0
1468,580,65,10,132293.61,2,1,1,74434.23,France,Homme,0
1469,760,18,0,240119.94,3,1,1,81310.36,France,Femme,0
1470,769,66,4,22408.64,1,1,1,147877.76,Espagne,Femme,1
1471,506,55,3,170762.47,2,1,1,17126.28,France,Femme,0
1472,387,19,11,240566.02,1,1,1,100847.46,Allemagne,Homme,0
1473,790,66,2,75144.28,1,1,1,78475.53,France,Femme,1
1474,446,23,1,215361.98,4,1,1,172990.55,France,Homme,0
1475,834,63,9,233414.39,4,1,1,161389.56,France,Femme,0
1476,760,67,1,186771.55,2,0,1,76437.93,France,Homme,1
1477,788,55,13,57832.08,4,0,1,174987.44,France,Femme,0
1478,638,59,14,83500.18,3,1,1,184016.0,Allemagne,Homme,0
1479,603,41,3,8952.32,2,0,1,117204.89,France,Homme,0
1480,545,35,1,207863.31,4,1,1,44458.85,Allemagne,Homme,0
1481,435,44,3,212402.8,4,1,1,157510.7,France,Homme,1
1482,671,58,2,158177.58,3,1,1,74078.68,Allemagne,Homme,0
1483,359,25,8,88131.96,1,0,1,112547.06,France,Femme,1
1484,354,45,6,19202.76,3,0,0,23433.9,Allemagne,Homme,1
1485,472,27,13,188264.4,1,0,0,107516.73,France,Homme,1
1486,679,34,12,181631.55,4,0,1,85348.94,Allemagne,Femme,0
1487,702,72,10,228150.63,1,1,1,141922.08,Espagne,Homme,1
1488,467,79,14,182633.01,1,1,0,22544.98,France,Femme,1
1489,643,46,11,207173.74,4,0,1,130614.91,France,Homme,1
1490,746,75,2,186488.65,2,0,1,157811.87,Espagne,Femme,0
1491,508,23,12,157671.8,3,1,1,17363.96,France,Femme,0
1492,652,31,14,106741.6,4,1,1,153743.22,Allemagne,Homme,0
1493,577,39,13,225529.33,3,0,0,39087.75,France,Femme,0
1494,714,71,7,162742.14,3,1,1,144140.38,France,Femme,1
1495,565,23,8,99588.83,1,1,1,99226.13,Allemagne,Homme,0
1496,785,43,12,20867.32,4,0,1,117118.39,France,Homme,0
1497,533,56,6,72676.21,2,1,0,77409.24,Espagne,Homme,0
1498,364,29,5,135931.68,3,1,1,60411.29,France,Homme,0
1499,506,52,3,68908.84,3,1,0,28143.76,France,Femme,0
1500,485,31,4,55308.84,2,1,1,174967.65,France,Femme,0
1501,610,39,7,131848.38,3,0,1,127929.4,Allemagne,Femme,1
1502,506,68,2,42455.09,4,1,0,196817.84,Espagne,Homme,0
1503,396,40,1,200102.52,2,1,0,172333.6,Allemagne,Femme,0
1504,673,65,2,121092.04,4,1,1,175882.15,France,Homme,0
1505,681,24,11,143465.69,2,1,1,125602.19,Allemagne,Femme,1
1506,522,57,6,36845.82,3,0,0,29974.4,Espagne,Femme,0
1507,479,67,7,81144.08,2,0,1,183978.31,France,Femme,0
1508,760,42,0,102522.42,4,1,1,36808.95,France,Femme,1
1509,444,30,12,202053.21,2,0,1,110672.01,Allemagne,Homme,0
1510,464,38,6,192539.88,3,0,0,173518.31,Espagne,Homme,1
1511,592,58,8,55744.37,1,1,1,102395.48,Allemagne,Homme,1
1512,769,27,11,154044.77,3,0,1,45649.02,France,Femme,1
1513,641,70,12,60864.09,3,1,0,84041.42,France,Homme,1
1514,631,72,13,247061.79,1,0,1,197851.66,France,Homme,1
1515,648,76,13,238030.97,2,0,1,199955.45,Espagne,Femme,1
1516,632,26,14,140816.18,3,1,1,146504.47,Espagne,Homme,0
1517,418,32,2,174725.64,1,0,0,179278.58,Allemagne,Homme,1
1518,497,69,14,200357.6,4,1,1,23178.24,France,Femme,1
1519,360,19,2,180249.61,1,1,1,66054.74,Allemagne,Femme,1
1520,603,42,7,174957.17,3,1,1,83257.52,France,Homme,0
1521,679,30,3,239638.5,4,1,1,17219.56,Allemagne,Femme,0
1522,709,51,13,149114.03,3,0,1,84737.89,Espagne,Homme,0
1523,387,68,7,159075.67,1,1,1,32210.84,France,Homme,1
1524,483,75,4,212317.19,4,1,1,110720.72,France,Homme,1
1525,549,51,13,167472.72,3,0,1,15817.57,France,Femme,0
1526,372,52,2,183233.16,1,1,0,65033.23,France,Femme,1
1527,652,55,14,58542.17,4,0,1,175262.43,Allemagne,Homme,0
1528,695,20,3,92816.73,3,0,0,54415.74,France,Femme,0
1529,651,59,13,36825.34,1,1,1,26996.03,Allemagne,Homme,1
1530,712,73,3,126441.36,3,0,1,61200.2,Allemagne,Femme,0
1531,745,76,7,113931.85,3,1,0,168098.36,Espagne,Homme,0
1532,567,23,5,249290.7,3,1,0,123629.66,Espagne,Femme,0
1533,490,72,6,152802.16,2,1,1,123423.76,Allemagne,Homme,1
1534,453,65,8,196611.21,3,1,1,15106.19,France,Femme,1
1535,795,66,14,83503.67,4,1,1,102347.97,France,Homme,1
1536,559,36,5,207886.33,1,1,1,64139.34,Allemagne,Homme,1
1537,822,20,2,153771.24,1,0,1,77198.67,France,Femme,0
1538,830,35,14,174248.08,2,1,1,125757.03,Espagne,Femme,0
1539,460,56,12,73607.69,2,1,1,176752.86,France,Femme,0
1540,453,26,2,137159.6,2,1,1,48606.53,Espagne,Homme,0
1541,665,69,10,158509.24,3,1,1,157121.07,Allemagne,Homme,0
1542,520,29,2,147273.67,3,1,1,24046.9,Espagne,Femme,0
1543,809,22,11,228798.43,4,1,0,75444.9,Espagne,Homme,0
1544,841,20,9,224568.17,1,1,0,55498.85,France,Femme,1
1545,705,28,1,242746.01,1,1,1,184383.04,Allemagne,Homme,0
1546,845,74,0,166857.0,3,0,1,47929.61,France,Femme,1
1547,673,47,10,242978.53,1,1,1,122046.9,Espagne,Femme,1
1548,482,21,9,208119.5,3,1,1,45484.89,Allemagne,Femme,0
1549,725,22,0,67708.04,2,1,1,102594.49,France,Femme,0
1550,642,18,3,106858.92,3,0,0,91478.98,Espagne,Femme,0
1551,677,44,2,59598.11,4,1,1,22651.08,France,Femme,0
1552,476,45,4,1049.29,3,0,1,167785.5,France,Femme,1
1553,455,46,11,47012.19,3,0,0,159320.85,Allemagne,Femme,0
1554,846,35,8,1015.15,1,1,1,66403.8,Espagne,Femme,0
1555,441,29,11,179959.62,3,1,1,128589.1,Espagne,Femme,0
1556,636,30,12,106383.57,4,1,0,82093.87,Allemagne,Femme,0
1557,727,58,7,78143.68,3,1,1,157307.02,France,Homme,0
1558,742,19,11,190430.22,3,0,1,143109.62,France,Femme,0
1559,400,54,8,208121.69,2,1,1,31736.39,France,Femme,0
1560,378,62,12,243824.88,3,1,1,171174.81,France,Homme,1
1561,811,33,4,160503.4,3,1,1,48193.83,Allemagne,Femme,1
1562,645,65,7,115382.24,3,1,1,47210.29,Allemagne,Homme,0
1563,646,41,3,76316.08,4,0,1,150743.17,Allemagne,Homme,1
1564,563,52,4,55579.55,1,1,0,48901.45,France,Homme,0
1565,616,39,14,53231.49,2,1,1,37643.44,France,Femme,1
1566,756,53,11,102297.34,2,1,1,77082.82,France,Homme,0
1567,606,28,2,247946.59,3,1,0,170161.81,Allemagne,Homme,0
1568,651,72,4,213.42,3,1,1,47709.62,France,Homme,0
1569,450,75,11,49301.47,1,1,0,77728.5,France,Homme,1
1570,754,63,2,47098.25,3,1,1,67956.98,France,Femme,1
1571,695,46,4,179279.87,4,0,1,80871.26,Allemagne,Homme,0
1572,459,52,10,88121.18,1,1,1,147140.28,France,Femme,1
1573,769,65,13,114315.2,3,1,1,90011.13,France,Homme,0
1574,531,71,4,37156.03,1,1,1,155521.69,Allemagne,Femme,1
1575,820,32,5,101249.26,2,1,1,133474.58,Allemagne,Homme,1
1576,662,77,8,25799.95,3,1,1,81803.35,France,Femme,0
1577,350,48,0,133260.82,1,0,0,94964.54,France,Homme,1
1578,668,59,11,24484.59,1,0,1,145170.2,France,Femme,0
1579,787,58,9,197627.1,3,1,1,113929.75,France,Femme,0
1580,404,60,13,141650.43,1,1,1,175642.93,France,Homme,0
1581,720,33,5,180991.97,3,1,1,187638.93,France,Homme,0
1582,773,27,0,104629.1,3,1,1,147775.86,France,Homme,0
1583,748,66,5,95372.82,4,0,1,198003.32,Espagne,Femme,0
1584,498,49,1,24552.22,4,0,0,125359.31,France,Homme,1
1585,780,68,7,130963.9,1,1,0,22368.7,France,Homme,1
1586,806,19,10,128625.54,1,1,1,108397.63,France,Femme,0
1587,658,41,2,117025.51,1,0,1,57551.72,Espagne,Femme,1
1588,486,40,9,185129.59,2,0,1,76736.94,Allemagne,Femme,1
1589,551,19,13,208126.1,3,0,1,105662.96,Allemagne,Homme,0
1590,785,55,5,187697.42,3,0,1,69584.4,Allemagne,Homme,0
1591,662,48,5,35966.44,2,1,1,72280.0,France,Homme,1
1592,466,68,14,155514.88,2,1,1,89373.02,Espagne,Homme,1
1593,503,57,3,20080.78,1,1,1,67994.61,France,Homme,1
1594,774,43,4,173655.57,3,1,1,46357.68,France,Femme,1
1595,640,46,1,95459.77,4,1,0,156628.65,France,Femme,0
1596,412,20,9,33124.74,4,0,1,88114.18,Allemagne,Femme,1
1597,593,75,14,215512.71,2,1,1,168875.1,France,Homme,1
1598,374,31,9,153502.08,2,1,1,178302.64,Allemagne,Homme,0
1599,439,42,7,88681.24,3,0,1,153928.24,France,Homme,1
1600,424,65,9,7681.79,3,1,0,88384.53,France,Femme,1
1601,643,18,6,134327.56,4,1,1,148444.59,France,Femme,0
1602,735,70,9,230806.47,3,0,1,43715.79,Espagne,Homme,1
1603,740,20,5,149094.96,1,0,1,137306.42,France,Homme,0
1604,559,71,6,242912.65,2,1,1,90115.93,Allemagne,Homme,0
1605,824,43,11,34112.78,4,1,0,136294.22,Allemagne,Femme,1
1606,767,35,0,142076.28,4,1,1,154636.26,Espagne,Homme,0
1607,696,26,13,199531.26,1,0,1,119097.0,Espagne,Homme,0
1608,366,55,13,131385.18,3,1,1,133858.54,Espagne,Homme,0
1609,477,40,4,22766.59,3,0,1,54502.67,France,Homme,1
1610,776,38,6,145721.5,2,1,0,124649.42,France,Femme,0
1611,792,74,0,152934.48,1,1,1,100187.74,France,Homme,0
1612,713,18,1,182177.31,4,1,1,94189.78,Allemagne,Homme,0
1613,600,38,8,190302.88,1,0,1,90908.41,France,Homme,1
1614,528,44,11,192693.17,4,0,1,72520.95,Allemagne,Homme,1
1615,531,59,2,165861.1,1,0,1,71486.91,France,Femme,1
1616,501,76,5,53952.8,3,0,1,144445.69,France,Homme,1
1617,374,23,14,101058.94,4,0,1,118192.95,Allemagne,Femme,1
1618,804,72,6,194032.49,2,1,1,20541.14,Espagne,Femme,0
1619,529,61,8,238356.75,1,1,1,23977.17,Allemagne,Homme,1
1620,547,53,4,19736.74,3,1,1,120472.02,France,Femme,0
1621,693,45,3,133884.17,4,1,0,171562.44,Espagne,Femme,0
1622,510,62,10,78130.57,3,0,1,23135.9,Allemagne,Homme,1
1623,526,34,11,56348.47,1,1,1,108833.28,Allemagne,Homme,1
1624,634,76,14,126452.67,2,0,1,172460.04,France,Homme,0
1625,412,57,1,151522.34,2,1,1,15822.88,Allemagne,Homme,0
1626,840,75,2,2443.06,1,1,1,66021.87,France,Homme,0
1627,499,69,14,195051.64,4,1,0,185185.24,Espagne,Femme,1
1628,503,20,4,204970.53,3,0,1,30071.88,France,Homme,0
1629,505,29,10,241377.71,3,1,1,127294.35,Allemagne,Femme,1
1630,719,56,14,45160.93,4,0,1,108865.61,Allemagne,Femme,1
1631,818,29,12,148638.14,1,1,1,43060.68,France,Homme,0
1632,398,19,1,106656.34,3,1,1,22860.1,Allemagne,Homme,0
1633,804,73,12,83706.96,3,1,1,107978.61,Allemagne,Homme,0
1634,686,63,3,141408.36,1,0,1,150999.08,Allemagne,Homme,1
1635,433,39,0,195595.77,3,1,1,47789.91,France,Femme,1
1636,710,40,3,5763.2,4,1,1,142894.17,Espagne,Homme,1
1637,526,47,6,242350.03,4,0,1,116080.91,Allemagne,Homme,0
1638,497,22,14,202470.4,1,1,1,81201.59,France,Femme,0
1639,467,26,13,187788.43,1,1,1,137919.64,Allemagne,Femme,0
1640,691,38,11,190096.85,4,1,0,50515.7,Espagne,Homme,0
1641,825,28,2,97265.18,1,0,1,99532.29,Allemagne,Homme,1
1642,412,22,9,187905.14,4,0,1,116621.42,France,Homme,0
1643,538,52,7,96692.55,4,1,1,99858.67,Allemagne,Homme,1
1644,709,44,5,224676.71,4,0,1,88537.75,France,Homme,0
1645,398,66,5,44305.6,3,0,0,152069.02,Allemagne,Femme,1
1646,676,19,13,73086.86,1,1,1,136378.68,Allemagne,Femme,0
1647,606,41,14,137834.39,3,1,1,133300.49,France,Femme,0
1648,573,48,0,79802.76,1,1,1,179983.12,France,Femme,0
1649,490,50,4,106059.31,2,1,0,198797.62,France,Femme,0
1650,827,56,2,123105.67,3,1,1,119932.84,France,Homme,0
1651,564,47,14,214088.34,3,1,1,79429.56,France,Homme,0
1652,784,63,9,130798.06,3,1,1,159091.94,Espagne,Femme,0
1653,728,54,14,90614.96,2,0,1,41288.33,Allemagne,Femme,1
1654,789,68,0,61934.04,1,0,1,109888.2,Allemagne,Femme,0
1655,560,45,7,102168.99,2,0,0,112034.07,France,Homme,0
1656,667,77,6,128934.03,1,1,1,196941.56,France,Femme,1
1657,381,48,6,186528.71,1,1,1,198336.26,France,Femme,1
1658,507,28,11,30262.19,1,0,1,162854.62,Allemagne,Femme,0
1659,634,40,9,55402.3,1,1,1,102507.9,Allemagne,Homme,1
1660,654,74,13,94913.5,1,0,1,116236.77,Allemagne,Homme,0
1661,778,19,9,90099.6,2,1,1,74152.2,France,Homme,0
1662,826,57,9,97937.02,3,1,0,168521.46,France,Femme,0
1663,635,58,3,198380.32,2,1,0,153111.05,Allemagne,Femme,1
1664,493,44,12,81038.6,3,0,1,157713.68,France,Homme,1
1665,773,52,14,125474.55,3,0,1,40655.12,France,Femme,1
1666,368,19,10,155976.76,4,0,1,88747.28,France,Homme,0
1667,367,56,5,58044.64,3,1,1,114410.06,Allemagne,Homme,1
1668,606,54,12,179673.85,2,1,1,38061.72,Espagne,Homme,0
1669,427,38,8,136777.83,4,1,1,83195.26,France,Femme,1
1670,720,75,14,111695.29,1,1,0,31175.02,France,Homme,1
1671,524,22,13,202446.01,1,1,0,192385.63,Allemagne,Femme,1
1672,847,69,2,60873.81,3,1,1,153983.72,Espagne,Homme,1
1673,543,62,14,220793.99,1,1,1,129838.4,Allemagne,Femme,0
1674,825,38,8,140262.18,1,0,1,52898.44,Espagne,Femme,0
1675,462,46,3,152293.72,4,1,1,76813.58,Allemagne,Femme,1
1676,463,37,4,218764.74,2,1,1,41729.71,France,Femme,1
1677,571,78,6,204395.67,1,1,0,114182.13,Allemagne,Femme,1
1678,515,55,5,150390.52,1,0,1,166795.46,Espagne,Femme,1
1679,784,37,9,188296.93,2,0,1,18521.76,Allemagne,Homme,1
1680,668,67,7,108329.87,4,0,1,34112.1,Allemagne,Homme,1
1681,481,42,7,136844.44,4,0,1,57429.71,France,Femme,0
1682,734,19,7,15517.53,1,1,1,147102.35,Allemagne,Femme,1
1683,613,74,2,22464.48,3,1,1,180386.27,Allemagne,Homme,0
1684,762,49,14,207356.35,2,1,1,154307.28,Allemagne,Homme,0
1685,404,43,13,14917.91,4,1,1,112115.3,Allemagne,Homme,0
1686,708,23,9,42349.78,1,1,1,34445.79,France,Homme,0
1687,480,58,5,198958.16,4,1,1,154659.16,Allemagne,Femme,1
1688,637,74,6,286.49,1,1,0,34543.35,France,Homme,0
1689,615,20,8,70601.08,2,1,1,79322.62,France,Homme,1
1690,807,50,9,146009.66,3,1,1,71978.43,Espagne,Homme,0
1691,816,18,9,148862.48,2,1,0,81456.34,France,Femme,0
1692,715,68,13,194288.23,4,1,1,75962.87,Allemagne,Femme,1
1693,511,22,11,126481.56,4,1,1,157298.25,Espagne,Homme,0
1694,729,30,14,127350.47,4,0,1,46768.89,France,Femme,0
1695,830,36,3,181327.64,3,0,1,171481.52,France,Femme,0
1696,436,29,4,124656.12,2,0,0,173778.15,Allemagne,Homme,1
1697,404,65,7,152122.77,1,1,1,105821.28,France,Homme,0
1698,825,42,0,224443.52,2,1,0,34637.52,Espagne,Femme,0
1699,637,74,11,100362.75,2,0,1,121450.34,France,Homme,0
1700,527,68,5,96281.27,3,1,1,166872.3,Espagne,Homme,0
1701,740,52,14,887.25,2,0,1,68552.6,France,Femme,0
1702,698,29,3,153356.57,4,1,1,169983.27,Espagne,Femme,0
1703,357,47,4,7442.98,3,0,1,140229.99,Espagne,Femme,1
1704,670,22,10,126037.12,4,1,1,197640.59,Allemagne,Homme,0
1705,662,51,4,201058.45,4,1,0,167571.6,Allemagne,Homme,1
1706,596,39,1,137480.27,2,1,1,52277.59,France,Homme,0
1707,672,56,7,67409.04,1,0,1,98065.75,France,Homme,0
1708,821,30,14,196542.11,2,1,1,34149.07,France,Homme,1
1709,820,74,1,67429.25,1,1,1,27889.05,Allemagne,Homme,0
1710,792,64,3,183257.95,3,1,1,145620.03,Espagne,Homme,0
1711,604,71,11,152564.61,3,1,1,183892.38,Allemagne,Homme,1
1712,677,20,12,42499.07,3,1,1,195111.47,Allemagne,Homme,1
1713,403,77,4,226283.47,4,1,1,65036.28,Allemagne,Femme,0
1714,598,70,13,50160.92,4,1,1,52327.7,Espagne,Femme,0
1715,588,37,0,247396.77,3,1,0,118640.68,Allemagne,Femme,0
1716,578,48,5,1827.62,2,1,1,52159.11,Espagne,Homme,1
1717,416,22,1,65870.84,4,1,0,69742.81,France,Homme,0
1718,400,41,13,49965.07,4,1,1,169886.87,France,Homme,0
1719,446,57,4,3498.35,2,0,1,164935.63,Espagne,Homme,1
1720,441,71,14,183091.98,4,1,1,180588.56,Allemagne,Homme,1
1721,844,50,5,173356.45,2,1,1,104215.05,France,Homme,0
1722,613,25,10,198087.74,1,0,1,119355.86,Espagne,Femme,1
1723,767,41,7,64174.64,2,1,1,157559.06,Espagne,Femme,0
1724,640,67,8,111083.79,1,1,1,59264.12,France,Homme,1
1725,445,37,12,164778.38,4,1,0,167272.31,Espagne,Homme,1
1726,437,77,14,109942.13,1,0,1,18248.13,Allemagne,Homme,1
1727,427,33,11,174331.44,2,0,1,162567.08,France,Homme,0
1728,637,67,5,158493.35,1,1,1,158542.97,Allemagne,Homme,0
1729,469,69,4,28661.95,3,1,0,70829.29,Espagne,Homme,1
1730,651,29,11,195260.78,2,1,1,149663.79,Allemagne,Femme,1
1731,840,30,3,180169.09,2,1,1,54588.82,Espagne,Femme,0
1732,749,62,1,163958.6,1,1,1,121603.04,France,Femme,1
1733,801,59,1,38773.4,4,0,1,144608.55,Allemagne,Homme,0
1734,849,56,6,66999.11,4,0,1,147219.29,France,Femme,1
1735,514,42,4,98294.26,2,1,1,196843.0,France,Homme,1
1736,531,63,6,69982.41,2,1,0,48671.05,Allemagne,Femme,0
1737,818,49,12,56952.57,1,0,1,103947.75,Allemagne,Homme,1
1738,747,79,10,201339.42,2,1,1,177819.34,Allemagne,Femme,0
1739,572,41,0,159558.06,2,1,1,118879.83,Espagne,Homme,0
1740,660,65,0,141368.03,4,1,1,177131.97,Allemagne,Femme,0
1741,781,64,4,56488.18,2,1,1,95300.87,France,Homme,0
1742,815,61,1,229519.14,1,0,1,162140.01,Espagne,Homme,0
1743,356,26,7,47795.76,2,0,1,175959.12,France,Femme,1
1744,679,57,13,198737.73,2,0,0,171591.28,Allemagne,Femme,1
1745,612,67,14,241668.17,2,0,0,176202.53,France,Femme,0
1746,510,40,2,181773.18,3,1,1,55617.62,Espagne,Homme,0
1747,500,67,0,248214.69,2,1,1,96212.06,France,Femme,0
1748,434,30,12,162762.78,1,0,1,47295.8,France,Homme,1
1749,496,77,1,54365.09,4,1,1,48400.12,France,Homme,1
1750,461,76,9,50954.87,4,1,1,105248.05,France,Femme,0
1751,730,49,9,81141.07,3,1,1,192616.23,France,Homme,0
1752,752,67,6,1782.51,1,1,1,124503.59,France,Homme,1
1753,385,32,5,170424.62,4,1,0,172961.34,Espagne,Homme,0
1754,634,53,11,67166.95,4,1,1,188379.04,Espagne,Homme,0
1755,537,66,7,203795.81,2,0,0,31016.44,Espagne,Homme,1
1756,431,22,6,89793.16,2,0,1,44981.84,France,Femme,1
1757,351,39,13,119989.12,2,1,0,68805.73,France,Homme,1
1758,734,33,9,241422.23,3,1,1,129103.76,France,Femme,1
1759,652,58,12,60543.03,2,0,0,26419.91,France,Homme,1
1760,546,27,7,180313.52,1,1,1,160531.08,Allemagne,Homme,0
1761,753,41,2,188779.45,3,0,1,26800.91,Espagne,Femme,0
1762,360,35,5,55249.54,4,1,0,44309.88,Allemagne,Femme,0
1763,583,66,12,125249.21,4,1,1,85615.95,Espagne,Homme,0
1764,735,35,6,87550.48,1,1,1,118178.17,France,Femme,1
1765,544,24,14,192976.56,1,1,1,178078.36,Allemagne,Femme,1
1766,820,21,9,155620.83,4,1,1,193290.01,France,Femme,1
1767,468,43,10,118995.76,1,1,1,178658.79,France,Femme,0
1768,745,22,0,194840.82,1,1,0,34803.26,Allemagne,Femme,1
1769,369,77,0,58788.89,1,0,0,131777.45,Allemagne,Femme,1
1770,610,72,6,188405.47,2,1,1,96717.2,France,Homme,0
1771,642,33,12,216343.58,4,1,1,38271.56,France,Femme,0
1772,771,52,10,219655.4,1,1,1,117695.79,France,Homme,0
1773,605,43,12,195918.4,1,1,1,80981.79,France,Femme,1
1774,571,35,2,102003.54,2,1,1,78970.75,Allemagne,Homme,0
1775,742,46,2,245452.01,4,0,1,32472.35,France,Femme,0
1776,575,40,14,94898.41,3,1,1,196087.8,France,Homme,0
1777,402,70,4,159656.35,4,0,0,149302.58,Allemagne,Femme,0
1778,777,31,14,40268.54,4,0,1,66861.83,Allemagne,Homme,0
1779,704,32,10,245112.22,4,0,1,184732.9,Allemagne,Femme,0
1780,849,66,5,175996.48,2,1,1,190396.13,France,Homme,0
1781,691,50,1,188344.39,4,1,1,164919.35,France,Homme,0
1782,713,42,2,16444.18,3,0,1,136973.31,Espagne,Homme,1
1783,629,38,5,190854.45,1,0,0,84629.67,France,Homme,1
1784,430,34,2,193680.86,4,1,1,95354.1,Allemagne,Homme,0
1785,551,40,13,167943.18,2,1,1,99177.08,Espagne,Homme,0
1786,507,74,4,72977.4,4,1,1,190521.09,France,Homme,1
1787,469,60,8,122422.51,4,1,1,155624.9,Allemagne,Femme,1
1788,408,34,11,27608.59,3,1,1,69022.65,France,Homme,0
1789,843,75,2,117896.77,3,1,1,130558.51,Espagne,Femme,0
1790,564,31,11,60955.96,2,1,1,124871.6,France,Homme,1
1791,477,46,10,87274.25,2,1,1,165243.49,France,Femme,1
1792,573,37,12,40650.1,2,1,0,32632.05,France,Femme,1
1793,558,47,12,57513.59,2,1,1,144735.24,Espagne,Femme,0
1794,719,36,5,19142.16,2,1,1,76266.42,Allemagne,Homme,0
1795,464,70,10,229975.34,1,0,1,38981.93,France,Femme,1
1796,558,56,4,132602.67,1,1,1,150378.07,Allemagne,Homme,0
1797,363,73,4,99185.49,2,1,1,76354.51,France,Femme,0
1798,358,30,10,133757.3,2,1,1,150072.89,France,Femme,1
1799,389,35,13,157073.31,1,1,1,45050.84,Allemagne,Femme,0
1800,799,40,13,230469.7,3,1,1,197396.65,France,Homme,1
1801,586,79,5,44673.24,1,0,1,163630.48,Espagne,Homme,0
1802,630,63,5,73888.12,2,1,0,68493.08,Allemagne,Homme,0
1803,708,50,0,243947.33,3,1,1,151996.99,Espagne,Femme,1
1804,550,56,10,92798.25,2,1,1,40122.98,Espagne,Homme,0
1805,595,57,14,5640.41,4,1,1,135885.93,France,Homme,1
1806,627,35,8,36910.87,3,1,1,26032.82,Espagne,Homme,0
1807,584,26,4,6584.68,2,1,1,76676.68,Espagne,Homme,0
1808,843,50,0,247480.79,1,1,1,196015.57,Espagne,Homme,0
1809,353,49,7,69717.71,2,0,1,37370.27,France,Femme,0
1810,503,78,6,230885.69,1,1,1,125523.45,Espagne,Homme,1
1811,791,71,6,248971.57,3,1,0,28062.0,France,Homme,1
1812,378,34,14,149960.31,1,1,1,138839.22,Allemagne,Homme,1
1813,458,36,13,8299.08,3,0,1,66552.5,France,Femme,0
1814,447,44,4,20397.91,2,0,0,72345.49,Espagne,Femme,0
1815,564,23,0,120397.26,1,0,1,77493.47,France,Femme,0
1816,642,52,8,101543.0,3,1,1,52954.01,Allemagne,Femme,0
1817,424,73,10,151544.33,3,1,0,189206.62,Allemagne,Femme,0
1818,675,54,8,109711.95,3,1,0,182578.89,France,Homme,1
1819,495,51,7,233519.21,4,0,0,175952.82,Allemagne,Femme,1
1820,477,37,4,133684.93,3,1,0,34692.43,Allemagne,Homme,1
1821,690,42,13,173431.52,2,0,1,58187.3,Allemagne,Homme,1
1822,391,21,2,224121.32,2,1,1,128261.78,France,Homme,0
1823,705,27,7,36717.97,2,1,1,194518.64,France,Homme,0
1824,390,27,0,57433.66,3,1,0,126891.22,France,Homme,1
1825,771,41,2,26829.67,2,0,1,75513.83,Espagne,Femme,0
1826,383,38,11,34909.6,3,0,0,166219.76,France,Homme,1
1827,366,28,10,128145.99,3,0,1,40054.65,France,Femme,1
1828,514,44,6,80294.81,3,1,1,178122.25,France,Femme,0
1829,502,33,13,105793.21,4,1,1,195315.21,Allemagne,Homme,0
1830,835,43,14,245622.46,1,1,0,194015.74,France,Homme,1
1831,727,78,3,39176.09,2,1,1,42323.86,France,Femme,0
1832,425,78,6,135203.02,4,1,0,116677.39,France,Homme,1
1833,436,47,11,24717.79,2,0,1,123210.02,Allemagne,Femme,1
1834,466,66,10,79624.08,4,0,1,51059.94,Espagne,Homme,1
1835,711,33,12,131881.48,1,0,1,116153.81,France,Homme,0
1836,691,24,13,236657.94,1,1,1,134609.45,Espagne,Femme,0
1837,818,33,4,97807.06,1,1,1,75857.92,France,Femme,0
1838,376,52,5,16226.67,1,1,1,73400.94,France,Homme,1
1839,662,75,13,97040.36,3,0,1,26144.12,France,Femme,0
1840,636,33,6,36435.29,2,1,1,192012.73,Espagne,Femme,0
1841,483,57,14,57497.4,2,0,1,163668.95,Allemagne,Femme,1
1842,568,79,12,154522.66,2,0,0,155498.09,France,Homme,1
1843,517,29,9,16855.97,3,1,1,19029.1,France,Femme,1
1844,447,52,11,116180.94,2,1,1,130497.18,Allemagne,Homme,1
1845,617,66,6,152365.4,1,1,1,48416.28,France,Femme,1
1846,586,38,6,105464.6,2,1,1,137417.74,France,Femme,0
1847,658,67,6,4781.59,2,0,1,129913.77,Espagne,Femme,0
1848,804,60,10,246379.84,4,0,1,172606.19,France,Femme,1
1849,743,53,12,91778.94,3,0,0,62255.31,Allemagne,Femme,0
1850,522,65,12,194644.3,1,0,1,20080.43,France,Femme,1
1851,750,34,6,81411.62,1,0,0,184110.51,France,Femme,0
1852,759,49,2,118754.19,1,1,1,183097.67,Espagne,Homme,1
1853,818,58,14,97115.91,2,0,1,99334.02,Espagne,Femme,0
1854,825,23,11,85634.81,1,1,1,29446.29,Allemagne,Homme,0
1855,539,41,2,5462.84,1,1,1,107124.26,France,Femme,0
1856,471,44,6,90005.23,4,1,0,111942.63,Allemagne,Femme,1
1857,395,37,13,222372.5,2,1,1,167019.21,France,Femme,0
1858,413,42,1,172598.33,4,1,0,147663.77,Allemagne,Femme,0
1859,479,19,13,36355.71,3,1,1,28098.85,Allemagne,Homme,0
1860,659,26,1,147788.75,2,0,1,145487.46,Espagne,Femme,1
1861,712,45,2,223057.71,4,1,1,40111.8,Allemagne,Homme,1
1862,542,70,13,175008.51,3,0,1,31552.33,Espagne,Femme,0
1863,656,78,3,37171.1,4,1,1,88742.32,France,Femme,1
1864,530,55,5,216958.12,3,0,1,29312.27,France,Femme,1
1865,641,20,12,75386.0,1,1,1,168414.76,Allemagne,Femme,1
1866,720,37,7,113519.04,1,1,1,100678.9,France,Femme,0
1867,631,23,9,131535.69,2,1,0,123595.69,Allemagne,Homme,1
1868,378,56,9,212626.65,4,0,1,121719.94,Allemagne,Homme,1
1869,498,50,6,232901.87,4,0,1,195950.31,France,Homme,1
1870,616,72,3,232413.22,3,1,1,184419.76,France,Homme,0
1871,645,18,1,1988.55,2,1,1,172088.69,Espagne,Homme,1
1872,360,54,1,230472.12,1,1,1,85904.81,France,Femme,1
1873,513,23,14,13596.74,4,1,1,41843.44,Espagne,Homme,0
1874,462,62,3,66443.41,3,0,0,124495.4,France,Femme,1
1875,536,51,5,128746.96,1,1,1,96458.47,Allemagne,Homme,1
1876,644,64,2,119981.42,1,0,1,56722.43,Espagne,Femme,0
1877,581,32,5,151177.45,1,0,0,33073.04,Espagne,Homme,0
1878,576,62,4,119861.56,3,1,1,95677.26,Espagne,Femme,0
1879,659,43,4,233593.92,3,1,1,135410.53,Espagne,Homme,0
1880,447,74,1,60137.21,1,0,0,130697.12,Allemagne,Femme,1
1881,404,31,7,68506.17,3,0,0,158175.47,Allemagne,Femme,1
1882,460,75,4,230184.48,1,1,1,101312.61,Allemagne,Femme,1
1883,501,71,10,19184.88,1,0,1,74503.32,Espagne,Homme,0
1884,595,24,1,152390.21,1,1,0,114659.58,Espagne,Femme,1
1885,755,63,6,170433.99,3,1,1,195376.12,Allemagne,Femme,0
1886,418,75,12,126385.43,2,0,1,23341.75,Allemagne,Femme,0
1887,661,48,14,173557.97,2,1,1,112803.17,Allemagne,Homme,0
1888,638,41,8,43188.66,3,1,1,75913.93,Espagne,Femme,0
1889,599,76,8,213158.06,4,1,0,34489.79,France,Femme,1
1890,385,48,0,35006.42,3,1,1,95414.05,France,Homme,0
1891,588,46,6,100203.11,4,0,0,133615.36,Espagne,Femme,0
1892,497,59,8,18814.4,1,1,1,112710.63,Allemagne,Femme,0
1893,816,49,5,136302.77,4,1,1,20397.65,France,Homme,0
1894,576,34,0,167436.45,1,1,1,122136.73,Espagne,Homme,0
1895,593,31,1,235305.41,2,1,1,57920.48,Espagne,Femme,0
1896,840,57,3,184834.05,1,1,1,78173.16,France,Femme,0
1897,686,53,13,135275.73,4,1,0,72757.88,France,Femme,1
1898,795,75,3,233154.25,2,1,1,173824.96,Allemagne,Femme,1
1899,714,65,1,119609.21,2,1,1,23801.01,Allemagne,Homme,0
1900,840,41,7,140301.41,3,1,1,79379.4,France,Homme,1
1901,831,62,1,149024.63,4,0,1,88041.02,Espagne,Homme,1
1902,550,71,2,102494.93,4,1,1,129484.34,France,Homme,0
1903,503,44,13,209620.67,3,1,1,160958.5,France,Homme,0
1904,799,42,3,46293.98,3,0,1,149618.05,Espagne,Homme,0
1905,422,76,8,138710.55,2,1,1,154235.09,Allemagne,Homme,1
1906,550,49,9,180558.31,3,1,1,50591.6,France,Femme,0
1907,645,69,0,225994.04,2,1,1,183671.4,France,Homme,0
1908,366,35,7,220979.6,4,0,0,91617.51,France,Homme,1
1909,478,63,11,127185.07,3,1,1,17055.17,Espagne,Homme,0
1910,566,35,14,160790.36,4,1,0,138597.79,France,Homme,0
1911,410,54,13,98559.43,2,0,1,126740.52,France,Femme,0
1912,776,43,4,117044.44,1,1,1,38302.16,Allemagne,Homme,1
1913,453,26,6,226566.45,1,1,1,192575.51,France,Homme,1
1914,391,77,7,232676.0,4,1,1,118889.42,Allemagne,Femme,1
1915,374,52,14,223853.51,2,1,1,101813.84,France,Homme,1
1916,388,25,4,34592.72,2,1,1,88652.61,France,Femme,0
1917,640,37,7,212521.01,1,0,1,53822.51,Espagne,Homme,0
1918,480,71,9,237090.93,2,1,1,191270.37,France,Homme,0
1919,847,59,10,90312.42,2,1,0,144899.35,Allemagne,Homme,0
1920,578,39,7,129661.57,4,1,1,120006.69,Espagne,Homme,0
1921,457,36,8,194773.81,1,0,1,131772.04,France,Homme,0
1922,521,47,1,140519.53,2,0,1,170477.78,France,Homme,0
1923,784,70,2,248370.88,4,0,1,132608.25,Allemagne,Femme,0
1924,827,45,0,113928.34,3,1,1,36199.28,Allemagne,Femme,0
1925,451,52,3,178485.68,1,0,1,143999.6,France,Homme,1
1926,703,60,14,198147.79,4,1,1,119500.83,Allemagne,Femme,1
1927,361,28,14,123525.1,3,1,1,193773.66,Espagne,Femme,0
1928,624,48,4,214245.95,2,0,1,150738.05,France,Homme,0
1929,450,66,10,136538.65,2,1,1,78640.54,France,Homme,1
1930,393,65,0,102912.7,3,0,1,40048.6,France,Femme,0
1931,792,56,7,26955.92,4,1,1,104221.91,Allemagne,Homme,1
1932,654,53,1,98353.39,2,1,1,140680.54,Espagne,Femme,1
1933,794,47,0,183484.11,2,1,0,47795.97,Espagne,Homme,1
1934,366,40,1,230321.6,4,0,1,135147.19,France,Homme,0
1935,679,36,14,62919.85,4,1,1,167738.18,Espagne,Homme,0
1936,406,29,12,88808.88,3,1,1,44054.28,Espagne,Femme,1
1937,660,32,4,38490.25,2,1,1,145570.36,Allemagne,Homme,1
1938,846,48,8,172680.72,4,0,1,27627.66,Allemagne,Homme,1
1939,652,60,8,240047.11,1,1,1,16470.77,Espagne,Femme,0
1940,361,54,1,160238.05,3,0,0,21037.42,Espagne,Femme,1
1941,667,54,1,154269.13,3,1,0,131828.35,Espagne,Femme,0
1942,429,32,2,138372.48,3,1,0,195071.98,France,Femme,0
1943,565,46,6,22113.94,3,1,1,157703.87,Allemagne,Homme,1
1944,688,67,10,182375.96,1,1,1,62065.71,Espagne,Femme,0
1945,613,60,2,150512.39,3,0,1,28262.41,France,Femme,0
1946,828,43,0,165369.19,3,0,1,129081.01,France,Femme,0
1947,498,61,13,224702.77,4,0,1,15597.34,Allemagne,Homme,0
1948,430,19,13,195990.2,2,0,1,161628.34,France,Homme,1
1949,564,37,13,195228.81,3,1,1,59977.3,France,Homme,0
1950,834,32,5,231795.94,4,0,1,70355.16,France,Femme,1
1951,723,69,2,247483.74,4,1,1,78636.11,France,Homme,0
1952,813,21,0,145320.68,2,1,1,156257.29,Espagne,Homme,0
1953,547,39,13,27220.4,4,1,1,64162.25,Espagne,Homme,1
1954,549,67,12,114782.48,4,0,0,67627.12,France,Femme,1
1955,374,55,3,196900.29,3,0,1,115083.51,France,Femme,0
1956,815,40,12,6931.33,3,0,1,100655.1,France,Femme,0
1957,438,76,0,14221.86,4,1,1,191780.39,France,Homme,0
1958,617,43,0,16789.45,1,1,1,63728.37,France,Homme,0
1959,492,68,11,182758.94,2,1,1,31999.88,Espagne,Femme,0
1960,408,28,1,125291.66,4,1,1,115081.57,Espagne,Femme,0
1961,759,45,9,92224.49,4,1,1,49136.12,Espagne,Femme,0
1962,838,73,7,26404.26,1,0,1,91520.94,Espagne,Homme,1
1963,714,19,1,183060.06,2,1,1,49631.62,Allemagne,Homme,1
1964,375,76,10,80254.95,4,1,1,177979.43,Allemagne,Femme,0
1965,396,25,1,66331.02,4,0,0,75578.18,Espagne,Femme,1
1966,637,46,14,163079.8,3,1,1,158350.49,Allemagne,Homme,0
1967,615,28,10,139752.72,4,1,1,190491.63,Allemagne,Femme,1
1968,365,54,10,90602.66,1,1,1,189001.86,Allemagne,Homme,1
1969,548,35,9,160371.87,4,0,1,112088.2,France,Homme,0
1970,750,72,9,67805.38,2,1,1,196902.19,Espagne,Homme,0
1971,756,79,7,198707.57,2,0,1,136348.39,France,Homme,0
1972,631,67,11,57329.74,1,1,1,38770.45,Allemagne,Femme,1
1973,818,31,5,39709.42,4,0,1,179349.73,France,Homme,1
1974,435,71,11,195609.85,4,0,1,101707.51,Espagne,Homme,1
1975,599,27,10,176973.01,4,1,1,43248.44,Espagne,Homme,0
1976,740,52,3,45659.74,4,1,1,161413.02,France,Homme,0
1977,619,26,2,29061.44,4,1,1,130514.56,Espagne,Homme,0
1978,684,52,0,209599.77,2,0,1,178192.38,France,Homme,1
1979,466,28,10,194149.62,3,1,1,168054.66,France,Homme,0
1980,356,61,2,81814.34,2,1,1,74220.43,France,Homme,0
1981,486,29,11,164549.35,3,1,1,62418.19,France,Femme,1
1982,720,20,13,31040.05,2,0,1,150758.28,Allemagne,Homme,0
1983,525,70,8,126761.91,1,0,1,121062.88,Allemagne,Femme,1
1984,677,56,4,4682.57,4,1,0,27926.84,France,Femme,1
1985,847,31,12,97900.47,3,1,0,48602.99,France,Femme,0
1986,664,73,5,18710.71,2,1,1,43000.39,France,Homme,1
1987,564,45,4,118786.8,3,1,1,124112.42,France,Femme,0
1988,826,28,0,105420.41,4,1,1,30866.02,France,Homme,0
1989,431,56,9,111096.26,1,1,1,53424.67,France,Femme,0
1990,572,42,0,11332.83,4,1,1,115894.65,France,Homme,0
1991,827,38,3,90404.09,2,1,1,39615.51,Espagne,Homme,0
1992,721,27,14,189120.96,2,0,1,60930.29,France,Femme,0
1993,772,60,2,92228.59,3,0,1,182756.34,Espagne,Homme,1
1994,832,32,10,178792.99,1,1,1,143966.74,France,Femme,1
1995,751,36,7,92369.68,1,1,1,71773.06,Allemagne,Homme,0
1996,792,65,11,105809.86,2,1,0,177310.7,Espagne,Femme,1
1997,839,39,11,140973.03,3,0,1,61302.69,France,Femme,0
1998,452,38,6,237670.48,4,0,1,123980.3,Espagne,Homme,1
1999,622,77,14,27215.11,4,1,1,83171.45,France,Femme,1
2000,363,69,10,8228.44,2,0,1,154147.64,Allemagne,Homme,0
2001,508,61,14,151989.3,2,1,1,83743.66,France,Femme,0
2002,501,49,6,237274.27,4,0,1,61039.41,France,Homme,0
2003,832,67,14,247430.78,4,1,1,127425.35,France,Femme,0
2004,457,40,7,121041.06,4,1,1,152887.98,Espagne,Homme,1
2005,537,30,13,117020.41,3,0,1,114227.28,France,Homme,1
2006,650,22,9,161240.94,1,1,0,147513.33,Allemagne,Homme,1
2007,447,21,6,138908.69,2,0,1,93073.0,Espagne,Homme,1
2008,480,45,9,158522.01,2,0,1,162157.54,France,Homme,1
2009,642,31,1,218499.86,3,1,1,123229.57,France,Femme,1
2010,520,25,3,186576.54,4,1,1,51306.25,Espagne,Femme,0
2011,773,26,14,124219.35,3,1,0,179789.07,Espagne,Homme,1
2012,823,74,10,115466.11,4,1,1,169812.43,Espagne,Homme,0
2013,532,68,5,159900.44,2,0,1,193323.76,France,Homme,1
2014,820,52,2,113926.57,1,0,1,120266.58,Allemagne,Femme,0
2015,713,54,14,114444.84,3,1,1,140012.08,France,Homme,0
2016,388,38,2,4076.48,4,1,1,174762.16,Espagne,Femme,0
2017,364,75,14,43516.03,2,1,1,24729.4,Espagne,Femme,1
2018,725,35,5,122128.41,1,1,1,183757.86,France,Femme,1
2019,846,50,0,205663.36,3,1,1,65165.23,France,Femme,0
2020,353,25,13,69681.75,3,1,1,25553.08,France,Femme,0
2021,698,68,0,130660.86,2,0,1,58957.29,Allemagne,Femme,0
2022,819,66,4,86240.52,3,1,1,123476.59,France,Femme,1
2023,758,34,0,26201.0,2,1,0,23851.69,Allemagne,Homme,1
2024,746,60,9,239574.62,3,1,1,15141.48,France,Femme,0
2025,559,48,7,213668.47,1,1,1,133282.09,Espagne,Homme,1
2026,510,51,1,19623.11,1,1,1,98876.66,France,Homme,0
2027,365,23,5,179946.82,3,0,1,171201.1,France,Femme,0
2028,842,39,9,86894.98,2,1,1,62646.25,France,Femme,0
2029,775,31,9,248712.45,4,0,1,66930.91,France,Homme,0
2030,457,20,4,75599.63,3,1,1,29346.08,France,Homme,0
2031,731,29,9,59684.61,4,1,1,114624.66,Allemagne,Homme,1
2032,799,53,11,141972.64,2,1,0,82692.31,Espagne,Femme,0
2033,660,29,11,208781.54,4,1,1,77845.95,France,Homme,0
2034,576,62,3,48129.72,3,0,0,99662.04,Allemagne,Femme,1
2035,519,19,0,177350.69,1,1,1,172192.16,France,Homme,0
2036,383,19,13,15351.65,2,1,1,34459.89,Espagne,Femme,0
2037,763,32,13,229733.69,1,1,1,111864.82,France,Homme,1
2038,600,40,2,20268.73,1,0,0,51340.48,France,Femme,1
2039,596,46,12,228557.84,1,0,0,54292.37,Allemagne,Homme,0
2040,618,34,11,122701.81,3,1,1,62496.01,Espagne,Femme,1
2041,490,49,3,112022.78,2,1,1,99989.31,France,Homme,0
2042,623,24,1,243326.77,4,0,1,106464.01,France,Femme,0
2043,765,47,11,247596.04,1,1,0,176229.58,Espagne,Femme,0
2044,445,45,1,162544.53,4,1,1,180040.75,Allemagne,Homme,0
2045,576,31,1,31779.82,2,1,1,123532.88,Espagne,Homme,0
2046,728,61,10,126542.52,2,1,1,67059.77,France,Homme,1
2047,388,47,0,132290.78,4,1,1,166410.84,Espagne,Homme,1
2048,651,34,9,128611.61,4,0,1,161683.17,France,Femme,1
2049,849,49,1,142372.96,1,1,1,162621.39,Espagne,Femme,1
2050,378,63,5,4681.18,4,0,1,18028.0,France,Femme,1
2051,795,23,2,177806.82,4,1,0,154464.81,Espagne,Homme,0
2052,846,68,9,178098.58,3,1,1,172753.1,Allemagne,Femme,0
2053,826,41,4,28867.44,1,0,1,126931.09,Allemagne,Femme,1
2054,667,23,0,142559.86,1,1,1,153980.18,France,Femme,0
2055,594,44,7,142090.3,2,1,1,158591.49,Allemagne,Homme,0
2056,585,35,12,170612.61,4,0,1,108717.93,Allemagne,Femme,1
2057,534,41,3,21349.42,3,1,1,165519.83,Allemagne,Homme,0
2058,621,54,8,156625.83,2,1,1,161573.83,Allemagne,Homme,0
2059,789,73,3,70187.99,3,1,1,184479.31,France,Homme,1
2060,585,41,13,126750.75,1,1,0,185454.12,France,Homme,0
2061,588,55,14,193330.89,4,1,1,112997.2,Espagne,Homme,0
2062,726,51,14,176411.48,3,0,1,20826.36,Espagne,Homme,0
2063,615,57,14,29725.75,2,0,1,18534.78,France,Homme,0
2064,763,64,1,147796.2,1,1,1,188701.44,Allemagne,Femme,0
2065,758,32,2,242279.13,3,1,0,77411.8,France,Homme,1
2066,708,28,4,39192.36,3,0,1,84843.64,Espagne,Femme,1
2067,689,39,11,213226.77,2,1,0,101932.99,France,Homme,1
2068,738,71,9,175637.02,3,1,0,64172.81,Espagne,Homme,1
2069,414,41,14,193500.83,1,1,1,124226.63,Allemagne,Femme,0
2070,827,18,12,70489.58,3,1,0,160154.77,France,Femme,0
2071,526,35,12,71972.23,4,1,1,62608.2,Espagne,Femme,1
2072,352,61,13,226504.86,4,1,1,152466.33,Allemagne,Femme,0
2073,778,29,5,89958.01,2,1,1,139323.54,Allemagne,Homme,1
2074,491,74,6,15753.85,4,1,0,112232.94,France,Femme,0
2075,725,60,3,150149.18,4,1,1,75206.79,France,Homme,1
2076,507,45,6,31204.42,3,0,1,176463.28,Espagne,Femme,1
2077,847,57,14,199149.06,1,1,1,89517.27,Allemagne,Femme,0
2078,673,77,9,160436.61,1,1,0,84312.67,France,Femme,0
2079,495,24,2,218681.63,3,1,0,133653.61,France,Femme,1
2080,795,40,6,196209.31,4,1,1,185261.36,Allemagne,Femme,0
2081,642,38,3,28028.41,3,1,1,108983.31,France,Homme,0
2082,502,51,12,95267.67,4,1,0,148697.77,France,Homme,1
2083,781,28,12,193640.06,4,1,1,99523.36,France,Femme,0
2084,542,39,7,104335.37,4,0,1,55479.42,Allemagne,Homme,1
2085,786,59,8,243091.37,1,1,1,37931.18,France,Homme,1
2086,843,52,6,183935.11,2,1,1,40220.39,France,Homme,0
2087,812,69,7,3874.98,1,1,1,18945.26,France,Homme,1
2088,422,46,7,219996.42,4,0,0,117286.92,Allemagne,Femme,0
2089,748,59,1,25201.2,3,1,1,39254.61,Allemagne,Femme,0
2090,654,45,8,35130.93,3,1,1,175154.19,Espagne,Homme,0
2091,726,76,5,183623.1,4,0,1,196836.04,Allemagne,Femme,0
2092,693,35,10,216242.14,2,0,1,106735.71,Allemagne,Homme,0
2093,801,31,3,134087.41,1,0,0,98189.68,Allemagne,Femme,1
2094,489,35,14,72262.43,1,1,1,79393.41,France,Femme,0
2095,536,45,4,87828.89,4,1,1,133034.98,France,Femme,0
2096,642,41,9,85722.33,4,0,1,127485.01,France,Homme,0
2097,410,25,4,81669.53,2,1,1,78525.69,France,Homme,1
2098,834,59,6,60727.42,1,0,1,78485.83,Allemagne,Femme,0
2099,776,71,13,152216.77,2,1,0,134288.71,Espagne,Homme,0
2100,729,62,8,225101.33,1,1,1,117591.04,France,Homme,1
2101,547,70,6,76770.6,2,1,1,147932.75,Allemagne,Homme,0
2102,644,25,8,46673.57,2,0,1,189157.58,France,Femme,0
2103,789,21,3,209644.42,2,1,1,159224.44,Allemagne,Femme,0
2104,668,44,9,185445.83,3,1,1,71303.96,France,Femme,0
2105,651,53,13,232709.26,3,1,0,155437.65,France,Femme,0
2106,693,22,9,41379.93,3,1,0,98254.54,France,Femme,1
2107,360,50,3,36062.83,1,1,0,158866.43,Espagne,Homme,1
2108,411,66,5,135357.35,2,0,1,179015.69,France,Homme,0
2109,682,51,7,153608.41,4,0,1,61238.78,Allemagne,Homme,0
2110,575,47,13,120043.36,4,0,0,59149.33,Espagne,Homme,0
2111,502,25,8,149741.66,1,1,1,95035.61,Allemagne,Homme,0
2112,548,56,0,45094.94,1,1,0,24533.77,France,Femme,0
2113,401,64,0,119903.44,4,1,0,141851.9,France,Femme,1
2114,609,43,12,164523.14,2,1,1,153694.7,Allemagne,Femme,0
2115,408,74,7,108176.61,3,1,1,78904.55,France,Homme,1
2116,421,54,10,169861.83,1,1,1,101077.77,Allemagne,Femme,1
2117,497,51,6,112797.82,1,1,1,124215.97,Allemagne,Femme,1
2118,698,24,8,83399.9,1,1,1,28615.6,Allemagne,Femme,0
2119,412,57,10,75901.26,4,0,1,146590.04,Espagne,Femme,0
2120,659,45,2,102725.51,3,1,1,112439.81,Espagne,Femme,1
2121,722,56,9,5772.41,2,0,1,130488.52,Allemagne,Homme,1
2122,592,79,11,167131.28,2,1,1,148908.66,Allemagne,Homme,1
2123,842,56,4,211276.41,4,1,1,139978.37,Allemagne,Femme,1
2124,715,45,2,88656.77,1,0,1,32634.49,Espagne,Homme,0
2125,679,31,14,11508.28,4,1,1,159779.53,France,Homme,0
2126,456,70,4,246693.9,4,0,0,127858.62,Allemagne,Homme,0
2127,575,67,9,65924.56,2,1,1,147252.96,France,Femme,1
2128,662,55,0,31655.28,3,1,1,63377.82,France,Homme,0
2129,567,21,13,92438.13,2,1,1,55964.04,Espagne,Homme,0
2130,774,59,10,184639.26,4,1,1,167827.07,France,Homme,0
2131,590,35,3,73479.15,4,1,1,87222.0,France,Homme,0
2132,608,61,5,143675.8,1,1,1,121439.14,France,Homme,1
2133,725,65,1,103890.0,1,1,1,117045.16,France,Femme,1
2134,611,42,12,29441.0,4,1,0,123255.86,France,Femme,1
2135,354,24,6,82571.75,2,0,1,27858.69,France,Femme,0
2136,610,55,7,181217.63,1,1,1,70957.62,Allemagne,Homme,0
2137,403,45,0,153000.97,3,1,1,27298.9,Espagne,Homme,1
2138,396,22,12,29944.59,3,1,1,103829.78,France,Homme,0
2139,564,20,3,40830.6,4,1,1,181888.26,Allemagne,Homme,1
2140,526,61,10,160183.34,3,0,1,86997.59,France,Homme,0
2141,358,48,3,203353.85,3,1,0,159753.2,France,Homme,1
2142,448,64,12,87368.62,1,0,1,68140.58,Espagne,Femme,0
2143,369,59,4,148827.69,1,1,1,173409.17,France,Homme,0
2144,727,75,13,42660.9,2,1,0,92608.08,France,Homme,0
2145,590,37,11,77844.08,1,0,1,80715.22,France,Femme,1
2146,410,36,11,5067.55,2,1,1,144033.73,Espagne,Femme,0
2147,728,65,3,192068.99,1,1,1,109860.1,France,Homme,1
2148,839,77,8,100252.45,4,1,1,77404.21,France,Femme,0
2149,768,28,6,204031.39,2,1,1,25747.06,Allemagne,Homme,1
2150,527,57,12,177093.25,4,1,1,45828.27,France,Homme,1
2151,687,20,1,207186.07,2,1,1,157879.89,France,Homme,0
2152,411,40,0,71414.67,3,0,1,185335.37,France,Homme,1
2153,494,24,8,46277.18,2,1,0,46235.08,Allemagne,Homme,1
2154,565,40,0,242976.42,2,1,1,120346.63,Allemagne,Femme,0
2155,352,78,5,179331.95,2,1,1,21322.13,Allemagne,Femme,0
2156,509,24,14,208510.57,2,1,1,68806.04,France,Homme,0
2157,576,63,14,3283.34,2,1,1,98025.77,France,Homme,0
2158,835,51,1,88615.41,3,1,1,151137.41,Allemagne,Femme,1
2159,618,59,3,185704.17,2,1,1,23159.95,France,Homme,0
2160,469,36,5,19495.71,4,1,1,159527.67,Allemagne,Homme,1
2161,730,75,4,141834.98,2,1,0,52489.84,Allemagne,Homme,1
2162,844,26,10,107268.19,2,1,1,155513.38,Espagne,Homme,0
2163,438,65,5,4404.13,4,1,1,130712.1,Allemagne,Homme,0
2164,678,68,2,58993.89,1,1,1,77821.53,Espagne,Femme,1
2165,417,35,4,71198.0,1,1,1,148894.02,Espagne,Homme,0
2166,747,58,1,27964.99,3,1,1,58719.68,Espagne,Femme,0
2167,706,65,6,157884.23,2,1,1,55649.67,Allemagne,Homme,1
2168,447,62,2,60599.47,2,1,1,26422.78,France,Femme,0
2169,616,59,0,69404.87,1,1,1,87719.28,France,Homme,1
2170,454,42,13,224559.65,2,0,1,33075.73,Allemagne,Homme,1
2171,789,69,7,116780.77,3,0,1,92607.67,Allemagne,Homme,0
2172,672,31,7,98032.04,4,0,1,16813.66,France,Femme,0
2173,472,61,2,180967.76,2,1,0,43690.42,Allemagne,Femme,1
2174,825,42,12,227403.45,4,1,0,187488.81,Espagne,Homme,0
2175,378,36,6,6259.08,3,1,1,162178.94,France,Femme,1
2176,486,56,8,112059.71,1,1,1,58690.26,Allemagne,Femme,1
2177,544,72,7,152695.34,3,1,1,147884.02,Allemagne,Femme,0
2178,758,32,2,79640.77,3,1,1,138669.13,France,Femme,0
2179,575,33,14,193101.93,3,0,1,47731.24,France,Homme,1
2180,681,44,12,242869.27,3,1,1,83645.83,Espagne,Femme,0
2181,519,57,1,235856.84,4,1,1,184035.56,Espagne,Femme,1
2182,358,27,12,66495.63,3,0,1,151662.81,Espagne,Homme,0
2183,812,21,9,56584.57,3,1,0,155664.6,France,Femme,1
2184,389,68,6,239372.63,3,0,1,119318.92,France,Homme,1
2185,374,36,6,114657.12,3,0,1,138124.86,Espagne,Homme,0
2186,610,45,8,52074.43,4,1,1,109116.62,Espagne,Homme,0
2187,744,38,4,176749.24,3,1,1,152065.35,Espagne,Homme,1
2188,792,76,3,71105.08,1,0,1,150554.61,France,Femme,0
2189,575,64,7,66811.74,3,1,1,20750.39,Allemagne,Homme,0
2190,821,31,13,219812.26,3,0,1,131878.26,Allemagne,Homme,1
2191,473,50,3,40619.79,2,1,1,131515.53,Allemagne,Femme,1
2192,812,65,3,16098.24,2,1,1,27454.19,Allemagne,Femme,1
2193,387,27,11,67296.61,2,1,1,90920.53,Allemagne,Homme,0
2194,677,36,13,151736.35,3,1,1,181275.99,Allemagne,Homme,0
2195,600,47,11,30771.96,1,0,1,191386.18,France,Homme,1
2196,738,39,1,117898.67,1,0,1,159709.03,France,Homme,1
2197,525,20,12,156834.28,2,0,1,43022.17,Allemagne,Femme,0
2198,439,54,14,212184.25,2,1,0,84323.19,France,Femme,0
2199,751,58,0,57467.4,3,1,1,48772.37,Espagne,Femme,0
2200,803,35,3,204336.58,1,0,1,135645.19,Espagne,Homme,1
2201,386,28,6,58726.57,1,0,1,158031.72,Espagne,Femme,0
2202,665,65,11,169191.64,2,1,1,178496.66,France,Homme,0
2203,525,19,8,107668.39,1,0,1,174219.97,France,Homme,1
2204,810,29,8,28670.31,2,1,0,33353.84,France,Femme,1
2205,633,71,11,178565.87,2,1,0,38249.69,Allemagne,Homme,0
2206,802,23,9,54440.65,4,1,1,183289.29,France,Homme,1
2207,810,60,14,44155.86,4,1,1,171100.12,France,Homme,0
2208,430,76,0,89580.73,3,0,1,100169.96,France,Femme,0
2209,463,57,4,163322.56,2,1,1,94559.64,Allemagne,Homme,1
2210,389,61,6,58499.12,3,1,1,117267.94,Allemagne,Homme,1
2211,650,46,12,45915.38,4,1,1,125377.63,France,Homme,0
2212,573,76,6,2488.41,1,1,1,62030.06,France,Homme,0
2213,667,47,9,117910.77,4,1,0,89692.23,Espagne,Homme,0
2214,698,19,5,107161.39,4,0,1,129643.2,France,Femme,0
2215,464,26,10,58466.94,4,1,1,53159.47,France,Homme,0
2216,535,64,9,13413.04,1,1,1,199784.15,France,Femme,0
2217,672,19,3,107313.97,4,1,1,67343.8,France,Homme,0
2218,405,46,2,197051.28,2,0,1,117196.83,France,Homme,1
2219,389,50,11,178820.53,2,1,1,117519.52,Allemagne,Homme,0
2220,703,27,12,215198.72,4,0,0,98524.77,Espagne,Homme,0
2221,389,51,8,2395.67,3,0,1,59685.54,France,Femme,0
2222,696,61,14,241604.83,3,1,1,119590.32,Allemagne,Homme,0
2223,810,72,11,85353.06,1,1,1,31837.67,Espagne,Femme,1
2224,586,25,12,247599.45,1,1,1,86581.33,France,Femme,0
2225,638,54,9,63154.87,2,1,1,56486.66,France,Homme,0
2226,611,71,3,117884.1,2,1,1,37972.89,France,Homme,0
2227,565,77,7,88481.92,4,1,1,186214.34,Espagne,Homme,0
2228,496,50,12,88940.18,3,1,1,144489.44,France,Homme,0
2229,685,64,0,210570.52,2,0,1,46233.34,France,Femme,1
2230,517,23,6,186604.73,3,0,0,190638.23,Allemagne,Femme,0
2231,441,61,11,248037.86,1,0,1,54958.54,Allemagne,Femme,0
2232,702,57,5,153378.67,1,1,1,58588.45,France,Homme,0
2233,408,62,12,115814.15,4,1,1,39655.02,Allemagne,Homme,1
2234,408,36,11,22518.47,4,1,0,149652.83,Allemagne,Femme,1
2235,653,49,0,249140.35,2,1,1,120611.96,Allemagne,Femme,1
2236,518,44,14,137882.66,3,1,1,25776.46,France,Femme,0
2237,618,18,3,175119.37,2,1,1,19680.49,Allemagne,Homme,1
2238,712,60,11,101685.6,2,0,1,113542.01,France,Homme,0
2239,394,69,14,136928.93,3,1,1,135533.27,Espagne,Femme,0
2240,694,50,13,235644.43,2,1,1,167231.62,France,Homme,1
2241,530,79,4,41604.86,4,1,1,103480.49,France,Homme,0
2242,519,57,10,73093.15,3,1,1,140158.14,France,Femme,1
2243,705,49,7,38014.93,3,0,1,150726.3,Espagne,Homme,0
2244,540,22,14,198053.98,2,1,1,128414.75,Allemagne,Homme,1
2245,504,34,3,15511.32,3,1,1,80160.01,France,Homme,0
2246,771,79,2,20407.91,4,1,1,39400.66,Espagne,Femme,0
2247,537,25,1,74623.53,4,1,1,134794.63,Espagne,Homme,0
2248,356,74,3,128547.05,1,0,1,157208.82,France,Femme,1
2249,482,59,10,101568.7,1,1,1,50118.02,Allemagne,Homme,1
2250,584,51,9,11204.08,1,0,1,106550.34,Espagne,Femme,1
2251,394,26,13,239372.89,1,1,1,88490.4,France,Femme,0
2252,663,73,12,238217.38,2,1,1,53055.07,France,Homme,0
2253,598,40,3,69839.08,1,1,1,60382.93,Allemagne,Femme,0
2254,848,52,12,182881.4,1,0,1,58969.72,Allemagne,Homme,0
2255,380,67,9,144643.85,1,1,1,92502.23,France,Homme,0
2256,372,24,4,59369.17,1,1,0,87235.45,France,Femme,0
2257,775,32,12,65542.89,2,0,0,117523.07,Espagne,Femme,0
2258,743,70,6,122788.29,1,0,1,32243.98,France,Femme,0
2259,509,71,8,104809.24,3,1,0,122531.31,Espagne,Homme,0
2260,712,37,1,72807.33,4,0,1,19041.53,France,Homme,1
2261,786,67,4,201877.9,3,0,1,62614.4,Allemagne,Femme,0
2262,507,42,10,120365.73,2,1,1,107895.53,Allemagne,Homme,1
2263,388,20,9,163712.02,2,0,1,142083.22,France,Homme,0
2264,764,77,8,47318.38,2,1,0,157684.14,France,Homme,0
2265,431,79,11,133376.92,4,1,1,21578.84,France,Homme,0
2266,705,72,13,79494.01,1,1,1,114435.07,Allemagne,Homme,1
2267,607,63,12,131603.4,2,0,1,80570.77,France,Femme,0
2268,555,41,2,195206.46,1,1,0,143558.15,France,Femme,1
2269,426,51,0,192228.3,2,1,1,67499.26,France,Femme,0
2270,826,63,1,88555.17,4,1,0,152588.87,France,Femme,0
2271,361,39,13,173569.28,3,1,1,126413.83,Allemagne,Femme,0
2272,644,28,5,235322.49,3,1,1,161089.39,France,Homme,0
2273,799,65,4,156417.33,4,1,1,197112.88,France,Femme,1
2274,573,25,0,37102.53,1,0,1,183088.41,France,Femme,1
2275,362,56,0,169927.16,2,1,0,124758.69,Allemagne,Homme,1
2276,395,60,10,26226.1,3,1,1,180346.0,France,Femme,1
2277,504,52,3,218027.6,4,1,1,43321.62,France,Femme,0
2278,462,66,11,129165.12,1,1,0,22961.5,Allemagne,Homme,1
2279,582,63,14,96285.18,3,1,1,113629.65,Espagne,Femme,0
2280,366,55,3,14251.65,4,1,1,195258.41,France,Femme,1
2281,709,25,14,95195.93,2,1,1,146301.24,France,Homme,0
2282,572,71,5,225801.67,4,1,1,71451.34,Espagne,Homme,0
2283,703,54,5,5245.75,1,0,1,138722.7,Espagne,Femme,0
2284,537,44,9,118662.04,3,1,1,22382.93,France,Femme,0
2285,797,45,13,232789.52,2,1,0,102064.63,Allemagne,Homme,1
2286,693,57,5,98710.25,1,1,0,58892.3,France,Femme,1
2287,714,51,0,107043.92,4,1,1,24101.66,France,Femme,1
2288,512,49,9,144640.01,3,1,0,61233.42,Allemagne,Homme,1
2289,845,32,8,115734.33,3,1,1,148655.18,France,Femme,0
2290,675,61,10,42150.42,1,1,1,116969.92,France,Femme,0
2291,816,34,6,4638.88,2,1,1,19335.46,France,Femme,1
2292,763,50,6,152452.91,1,1,1,90801.48,Espagne,Homme,0
2293,804,64,10,230201.65,3,0,1,154151.65,Espagne,Femme,0
2294,423,63,6,26591.03,3,0,0,191601.87,France,Femme,0
2295,582,69,1,52738.18,3,0,1,176756.15,Allemagne,Homme,0
2296,573,71,1,92557.37,2,0,1,15281.15,France,Femme,1
2297,831,33,5,202185.56,3,1,0,55459.87,Allemagne,Homme,1
2298,668,46,6,67315.08,3,1,1,53431.32,Espagne,Homme,0
2299,761,26,2,220513.6,1,0,0,91422.51,France,Homme,0
2300,409,50,12,13739.47,3,1,1,134464.59,France,Homme,0
2301,684,77,3,235239.16,4,1,1,43317.78,Allemagne,Femme,0
2302,571,66,13,140186.77,1,1,1,184400.56,Allemagne,Homme,1
2303,386,46,11,164694.42,3,0,0,158766.63,France,Femme,0
2304,826,30,2,91922.38,1,0,0,92576.41,Espagne,Femme,1
2305,627,38,6,195498.57,1,1,1,123038.79,Espagne,Femme,0
2306,545,75,6,41641.56,4,1,1,115233.37,France,Femme,1
2307,753,38,3,12227.96,1,0,1,122712.56,France,Femme,0
2308,701,22,12,98879.24,1,1,1,174121.32,Allemagne,Femme,1
2309,833,27,6,213423.93,2,1,1,52022.13,Allemagne,Femme,1
2310,591,23,4,188731.71,3,1,1,141487.08,France,Homme,0
2311,673,73,0,129288.99,2,1,1,34801.07,France,Homme,0
2312,568,68,9,143034.44,3,1,0,99945.34,France,Homme,1
2313,541,74,3,32473.21,1,1,1,132630.19,France,Femme,0
2314,366,30,6,210170.38,3,1,0,17312.81,Allemagne,Homme,1
2315,361,18,12,196739.92,1,1,1,34992.26,France,Femme,0
2316,755,37,14,164117.6,3,1,0,31884.35,Allemagne,Femme,0
2317,750,74,1,116547.76,1,1,1,84318.13,France,Homme,1
2318,743,64,1,241114.82,3,1,1,130071.66,Espagne,Femme,0
2319,723,63,0,219757.99,3,1,1,199253.53,Allemagne,Femme,1
2320,542,25,1,161107.62,3,1,1,62004.59,France,Femme,0
2321,371,27,9,92950.25,1,1,1,40152.51,Allemagne,Femme,1
2322,823,26,13,154505.57,3,1,1,91731.09,France,Homme,0
2323,469,66,7,143860.23,1,1,1,42005.46,Allemagne,Homme,1
2324,559,58,10,98560.5,2,0,1,19540.74,Espagne,Homme,1
2325,655,20,7,76668.49,3,1,1,119332.43,Allemagne,Homme,0
2326,619,28,7,101752.7,4,1,1,177720.91,Espagne,Femme,0
2327,541,29,14,143477.85,4,1,1,174257.27,France,Homme,0
2328,524,27,0,107033.71,1,1,1,33645.89,Allemagne,Homme,0
2329,634,42,0,65893.62,4,0,1,42283.23,France,Femme,0
2330,553,66,11,190240.83,1,1,1,105857.38,Espagne,Femme,1
2331,513,66,9,132866.87,1,1,1,83027.56,France,Homme,0
2332,600,42,3,16918.79,4,1,1,145068.79,France,Femme,1
2333,576,28,5,92079.13,4,0,1,106564.09,Espagne,Femme,0
2334,785,79,7,221228.36,2,1,1,18721.86,France,Femme,1
2335,730,71,12,188809.13,1,1,1,67644.37,France,Femme,0
2336,809,53,1,80811.7,4,1,1,181776.0,Allemagne,Femme,0
2337,356,56,12,234545.79,2,1,1,109629.13,Espagne,Homme,0
2338,378,70,2,19150.73,2,0,0,162620.52,Allemagne,Homme,1
2339,744,43,5,240308.68,1,1,1,89424.78,France,Homme,1
2340,382,31,9,61426.27,3,1,1,140238.27,Allemagne,Femme,0
2341,483,56,3,2273.55,4,1,1,46265.6,France,Homme,1
2342,716,73,11,108452.01,4,1,1,151258.65,Espagne,Femme,1
2343,428,57,1,89742.61,4,1,0,160517.49,Allemagne,Femme,1
2344,765,18,6,134772.25,4,1,1,31675.95,Allemagne,Homme,1
2345,784,73,3,199193.22,4,1,1,48912.49,Allemagne,Homme,0
2346,808,71,7,210607.7,4,1,1,100634.52,Allemagne,Femme,0
2347,407,21,7,100307.5,2,1,0,132925.8,Allemagne,Femme,1
2348,820,78,6,107461.44,1,1,1,132935.9,France,Femme,0
2349,375,47,9,37044.43,2,1,1,138617.55,France,Femme,0
2350,831,29,8,11886.9,4,1,0,147166.82,France,Homme,0
2351,779,73,3,160303.75,1,1,0,108566.83,France,Femme,1
2352,575,52,6,16109.41,4,1,0,121348.27,France,Femme,0
2353,634,30,9,183457.53,1,0,1,16555.13,France,Femme,1
2354,353,69,9,134772.54,2,1,1,45821.13,Espagne,Homme,0
2355,814,48,14,49645.74,1,1,1,107234.35,France,Femme,1
2356,448,55,11,134880.74,2,0,1,152934.72,Espagne,Femme,1
2357,746,60,0,45749.43,4,1,0,164651.11,Espagne,Homme,1
2358,838,40,3,109684.3,1,1,1,149854.58,Allemagne,Femme,0
2359,388,21,1,199890.08,3,1,1,104984.5,France,Homme,1
2360,620,69,8,115479.82,3,1,1,67036.35,France,Homme,0
2361,724,33,4,37174.83,2,0,1,97272.49,Espagne,Homme,0
2362,634,24,2,180957.17,2,1,0,16719.56,Espagne,Femme,1
2363,506,39,3,46692.1,2,1,0,125622.5,Espagne,Homme,0
2364,424,46,5,184637.47,2,1,1,28794.88,Espagne,Femme,1
2365,721,28,9,119838.07,4,1,0,41897.17,France,Femme,0
2366,637,73,0,113435.44,3,1,1,130805.67,Allemagne,Homme,0
2367,479,50,6,212858.76,2,1,1,17469.5,Espagne,Homme,1
2368,524,75,7,177150.88,1,0,1,121107.74,France,Homme,1
2369,811,46,6,8227.7,1,0,1,133100.32,France,Femme,1
2370,433,76,6,74043.58,4,1,1,160830.88,France,Homme,0
2371,371,56,8,217730.17,2,1,1,27585.65,France,Femme,0
2372,808,29,12,4581.54,1,1,1,15542.36,France,Homme,0
2373,376,24,3,136313.36,2,0,1,156868.71,France,Homme,1
2374,544,76,13,181956.42,1,0,1,68659.97,Allemagne,Femme,1
2375,686,72,6,155464.02,4,1,1,179132.97,Allemagne,Homme,1
2376,731,56,8,190133.05,1,1,1,49219.19,France,Homme,0
2377,585,59,14,181422.96,2,0,1,123318.56,Espagne,Homme,0
2378,789,79,4,173007.67,2,1,1,35240.79,Espagne,Homme,1
2379,441,65,1,205384.97,4,0,0,89497.68,France,Femme,0
2380,826,43,14,161422.67,3,1,0,178181.91,France,Femme,1
2381,370,57,4,100604.62,2,1,0,127544.29,France,Femme,1
2382,652,26,3,117977.28,3,1,1,142579.15,Allemagne,Homme,1
2383,813,58,7,179181.2,2,0,1,56804.51,Allemagne,Homme,0
2384,706,51,14,219076.51,4,1,1,185708.92,France,Femme,0
2385,792,62,4,68054.7,1,1,1,130344.25,France,Homme,1
2386,433,30,8,85519.2,3,1,1,34588.81,France,Homme,0
2387,611,72,8,232684.85,1,1,1,17877.17,Espagne,Homme,1
2388,496,72,2,144627.95,4,1,1,17945.67,France,Homme,0
2389,790,53,12,44740.45,4,0,1,24474.18,Allemagne,Femme,1
2390,802,42,9,165923.78,4,1,1,183648.93,France,Homme,1
2391,736,41,14,247690.54,2,1,1,81300.06,France,Homme,0
2392,606,61,5,205863.39,2,1,1,70173.02,France,Femme,0
2393,407,34,5,186435.28,2,1,1,92060.96,Allemagne,Femme,0
2394,729,19,3,52011.66,2,1,1,90770.74,France,Homme,0
2395,771,30,10,219034.95,3,1,1,59121.26,France,Homme,0
2396,364,48,12,131447.21,4,1,1,31988.18,Allemagne,Homme,0
2397,511,46,9,222322.51,3,0,1,35095.92,France,Homme,0
2398,794,67,2,82456.96,2,1,0,125849.91,Allemagne,Homme,0
2399,512,45,0,15512.76,1,1,0,88414.48,Espagne,Homme,1
2400,669,77,11,118993.99,3,1,0,181954.25,France,Homme,1
2401,846,44,6,67459.4,1,1,0,100791.29,France,Femme,0
2402,630,32,14,178807.32,2,1,1,108145.94,Espagne,Homme,0
2403,629,48,14,239276.64,3,0,0,186725.32,Allemagne,Femme,1
2404,361,57,4,172743.54,3,0,1,107803.54,Espagne,Homme,0
2405,623,32,13,221733.48,3,1,0,107866.67,Allemagne,Femme,0
2406,620,50,9,113256.0,1,1,1,82185.15,France,Femme,1
2407,841,37,14,192910.18,2,1,0,146426.19,Allemagne,Femme,1
2408,557,59,6,210760.86,4,1,1,87562.12,France,Homme,0
2409,376,29,0,177718.91,4,1,1,123839.6,France,Homme,0
2410,421,54,7,126944.32,2,0,1,97768.14,Allemagne,Femme,0
2411,409,26,2,156466.53,3,1,1,112817.8,Allemagne,Homme,1
2412,779,40,6,175126.75,4,1,0,168000.05,Allemagne,Femme,1
2413,822,25,11,63271.1,3,1,1,91540.61,Allemagne,Femme,0
2414,494,49,2,202394.82,2,1,1,57564.39,France,Femme,0
2415,442,65,13,237581.13,1,1,1,120509.28,France,Femme,1
2416,658,31,2,116309.83,3,1,0,188439.13,France,Femme,1
2417,357,44,9,175266.8,1,1,0,143244.22,Allemagne,Homme,1
2418,428,42,8,184256.48,1,1,1,72047.2,France,Homme,1
2419,376,30,12,165561.89,2,0,1,193153.86,France,Homme,0
2420,523,72,1,136778.78,2,1,1,78402.63,France,Homme,1
2421,399,38,13,220411.99,1,0,1,196901.99,Allemagne,Homme,1
2422,849,62,3,112231.68,1,1,0,50518.1,France,Femme,0
2423,548,48,5,15275.74,4,1,0,199935.16,France,Femme,1
2424,736,54,13,211139.09,4,1,1,29042.55,France,Femme,0
2425,698,65,2,168495.32,2,1,1,146949.38,Allemagne,Homme,0
2426,797,75,11,212314.66,3,1,1,151981.69,Allemagne,Femme,1
2427,777,60,9,34636.86,1,1,1,140721.32,France,Homme,0
2428,530,71,13,7688.24,3,1,1,158857.25,Allemagne,Homme,0
2429,373,22,9,233593.64,1,1,1,102289.09,France,Femme,0
2430,665,30,6,36932.08,2,1,1,25011.08,Allemagne,Femme,1
2431,727,45,6,202413.08,3,0,1,81184.36,Allemagne,Homme,1
2432,736,60,14,205802.49,2,1,1,133828.18,France,Femme,0
2433,753,42,4,177176.3,1,1,0,134555.7,France,Homme,0
2434,395,68,2,32815.55,2,1,1,51110.86,Allemagne,Homme,0
2435,364,52,1,166849.66,3,1,1,61805.96,France,Femme,0
2436,502,64,14,222271.65,4,0,1,105039.16,Espagne,Femme,0
2437,571,56,14,106382.91,2,0,1,149792.95,Allemagne,Homme,0
2438,555,24,3,103379.21,3,1,1,172767.65,Allemagne,Homme,1
2439,804,55,13,110714.58,2,1,0,30999.7,Allemagne,Homme,0
2440,622,49,14,20567.97,2,1,1,186239.68,France,Femme,1
2441,731,20,12,223006.39,4,1,0,186630.36,Espagne,Femme,1
2442,585,79,3,217295.72,3,1,0,16467.74,Espagne,Femme,0
2443,689,62,10,249477.33,3,1,0,108685.77,Allemagne,Homme,0
2444,577,56,7,146295.79,3,1,1,123621.69,Allemagne,Homme,0
2445,358,54,7,187797.91,1,0,0,117436.98,Allemagne,Femme,1
2446,515,72,12,50667.98,2,1,1,128917.76,Espagne,Homme,0
2447,781,67,4,166882.2,4,1,0,108119.99,France,Homme,1
2448,793,39,12,162433.21,3,0,1,69354.28,France,Homme,0
2449,668,79,5,225302.18,4,1,1,32705.31,Allemagne,Homme,0
2450,563,25,7,207698.18,1,1,1,53550.19,Allemagne,Femme,0
2451,466,34,14,234616.62,1,0,1,151947.2,Allemagne,Homme,0
2452,735,69,0,217208.37,4,1,1,59596.75,France,Femme,1
2453,693,44,4,217173.47,3,1,1,168496.41,Espagne,Homme,0
2454,421,50,3,15930.83,4,0,1,89645.35,France,Homme,0
2455,744,63,3,211490.49,3,1,1,91678.03,Allemagne,Femme,0
2456,413,34,10,151869.6,3,1,1,175672.27,France,Femme,1
2457,554,59,1,95111.11,1,0,0,54643.43,France,Homme,1
2458,558,29,9,14128.66,4,0,1,50079.56,Allemagne,Femme,1
2459,421,65,0,169418.44,1,1,1,197300.19,Espagne,Femme,0
2460,626,63,13,82050.44,2,1,1,115011.82,Espagne,Femme,1
2461,623,79,14,116944.07,1,1,1,50246.33,France,Homme,0
2462,827,44,5,170432.11,3,0,1,45673.89,Espagne,Homme,0
2463,669,65,6,227943.64,4,0,1,174408.02,Allemagne,Femme,0
2464,687,25,4,206359.23,2,0,1,125971.5,France,Femme,0
2465,715,40,14,112649.28,2,1,1,36282.08,Allemagne,Homme,0
2466,844,77,7,96945.79,2,1,1,179078.0,France,Homme,0
2467,444,59,8,59944.93,2,1,1,97122.43,Espagne,Femme,0
2468,515,78,10,93106.69,4,1,1,198031.1,France,Homme,1
2469,381,66,10,27761.6,3,1,0,67125.66,Allemagne,Homme,1
2470,360,76,1,242776.38,2,1,1,112831.19,France,Femme,1
2471,650,79,10,143479.36,3,0,1,47023.55,France,Femme,1
2472,566,46,12,31951.46,1,0,1,96345.61,France,Homme,1
2473,638,67,3,88201.5,3,0,1,47659.45,France,Femme,1
2474,451,37,10,136759.79,2,0,1,71837.75,France,Homme,1
2475,774,33,8,133221.41,1,1,0,64925.16,France,Homme,0
2476,741,34,4,8875.84,1,1,0,67372.38,France,Femme,0
2477,616,33,2,237710.26,1,1,1,194417.87,France,Homme,0
2478,563,36,5,68843.92,2,1,1,22112.6,Espagne,Homme,0
2479,528,73,14,4046.17,3,0,1,106919.38,Espagne,Homme,1
2480,437,73,2,19111.0,4,0,1,131410.47,Allemagne,Homme,1
2481,390,25,13,145048.73,3,1,0,137240.85,France,Homme,0
2482,750,55,4,34446.38,2,1,1,154590.95,Espagne,Femme,1
2483,425,55,2,10431.2,2,1,1,155778.6,Espagne,Homme,0
2484,726,70,5,94906.62,1,1,1,191768.05,France,Homme,0
2485,395,46,11,155690.3,3,1,1,154798.57,Allemagne,Femme,1
2486,509,58,9,27959.95,2,0,1,167382.51,Espagne,Homme,0
2487,812,53,4,78331.96,2,1,0,113478.35,Espagne,Femme,1
2488,429,43,13,104440.17,4,0,1,136669.57,Allemagne,Homme,0
2489,659,48,8,39865.02,3,1,1,103453.0,France,Femme,1
2490,435,61,2,126518.47,1,1,1,66137.15,France,Homme,1
2491,441,77,5,21303.52,1,0,1,72975.87,Espagne,Femme,0
2492,497,29,7,11629.62,1,1,1,81698.56,France,Femme,1
2493,510,72,6,129958.84,3,1,1,78019.02,France,Homme,1
2494,551,34,5,61974.24,2,1,1,113634.8,Allemagne,Femme,0
2495,773,32,13,23843.45,2,0,0,60811.87,Espagne,Femme,1
2496,765,26,14,105978.15,4,0,1,110578.79,France,Femme,1
2497,591,56,1,228785.18,4,1,1,184504.64,Allemagne,Femme,0
2498,702,59,14,181048.11,2,0,1,90103.31,France,Homme,0
2499,351,65,6,203903.98,2,1,1,56189.52,Espagne,Femme,1
2500,574,29,7,217978.5,3,1,0,79168.34,Allemagne,Femme,0
2501,638,49,0,243156.94,4,1,0,177224.15,Espagne,Homme,1
2502,582,42,14,190811.64,1,0,1,189214.12,France,Femme,1
2503,810,56,8,152101.98,1,1,1,179037.08,France,Homme,1
2504,763,35,3,91356.47,1,0,1,68159.31,France,Femme,1
2505,766,32,7,45410.81,1,1,1,86751.42,Allemagne,Femme,1
2506,426,49,14,171664.97,2,1,1,195362.76,France,Femme,0
2507,465,23,9,248737.5,2,1,0,74912.68,Allemagne,Femme,1
2508,503,75,6,116839.67,3,1,1,40504.08,France,Homme,0
2509,755,61,13,180919.84,1,1,1,67187.43,Allemagne,Femme,0
2510,452,60,12,123773.11,2,0,1,193335.84,France,Homme,0
2511,543,69,9,107983.36,2,1,0,91936.96,Allemagne,Femme,1
2512,515,52,6,102576.4,2,0,1,187768.16,Allemagne,Femme,0
2513,708,51,1,126156.17,1,1,0,34255.21,France,Femme,1
2514,439,55,0,91723.92,2,0,1,156720.28,France,Femme,0
2515,523,73,3,187193.33,4,1,1,32268.53,France,Femme,1
2516,471,71,11,218568.01,1,1,1,51536.71,Allemagne,Femme,1
2517,847,74,1,220721.33,1,1,1,128978.91,Espagne,Homme,1
2518,492,79,7,56924.68,4,1,0,95378.46,Allemagne,Homme,1
2519,831,22,9,223977.28,3,1,1,138334.74,Espagne,Femme,0
2520,455,35,6,85387.81,3,1,1,195080.16,Espagne,Femme,1
2521,724,33,7,77326.92,1,0,1,24752.04,France,Femme,0
2522,777,25,10,181689.01,1,1,1,50450.93,Allemagne,Femme,1
2523,654,42,5,76174.09,1,1,0,133441.43,France,Homme,0
2524,709,49,0,13241.6,4,1,1,180857.39,Espagne,Femme,0
2525,808,79,13,93404.44,2,0,1,162564.86,Allemagne,Femme,0
2526,666,43,12,180366.4,4,0,1,101132.76,Allemagne,Femme,0
2527,800,69,12,81739.61,2,1,1,152912.81,France,Femme,0
2528,472,39,11,157389.76,2,0,1,53498.05,Allemagne,Femme,0
2529,739,48,8,165029.86,3,1,1,17540.16,Allemagne,Homme,0
2530,358,60,5,183434.0,4,0,1,120453.08,France,Femme,0
2531,611,27,11,224282.62,4,0,0,165450.26,France,Femme,1
2532,422,73,12,108141.12,1,0,1,95187.05,Allemagne,Homme,0
2533,708,74,9,41608.02,4,1,1,120311.02,France,Homme,1
2534,572,29,0,79731.43,2,1,1,93103.52,France,Homme,0
2535,765,70,0,108041.81,2,1,1,110097.01,Allemagne,Femme,0
2536,390,45,7,178472.87,4,1,1,178604.06,France,Femme,0
2537,719,23,5,3280.53,3,1,1,103455.92,France,Homme,0
2538,553,76,7,78946.35,3,1,1,16382.98,Espagne,Homme,0
2539,613,37,7,194960.65,1,1,1,162972.0,France,Femme,0
2540,677,22,14,167714.43,1,1,1,129277.71,France,Homme,0
2541,527,40,10,182934.99,2,1,1,150122.77,France,Homme,0
2542,697,26,13,202952.69,4,1,0,181701.13,France,Homme,0
2543,667,75,7,195808.93,2,1,0,67949.63,France,Femme,1
2544,433,76,9,170545.79,2,1,1,108067.94,France,Homme,0
2545,667,46,14,109915.38,4,0,1,126459.46,France,Homme,0
2546,460,33,6,245899.58,2,0,1,78897.37,Allemagne,Femme,1
2547,600,71,6,142268.3,2,1,1,171522.42,Allemagne,Homme,1
2548,732,63,9,50692.3,3,1,0,144049.74,France,Femme,0
2549,356,39,3,73203.21,1,0,1,150680.4,Espagne,Homme,1
2550,808,25,8,173390.61,3,1,1,164481.34,Espagne,Femme,0
2551,433,76,11,231184.89,1,1,1,62745.57,Allemagne,Homme,0
2552,557,37,1,44680.03,1,1,1,152943.73,France,Femme,1
2553,737,68,10,20586.62,1,0,1,158154.27,France,Homme,0
2554,739,31,8,220382.76,3,1,1,170842.62,Allemagne,Femme,0
2555,663,56,9,228819.49,4,0,0,105379.5,France,Femme,1
2556,371,54,2,69094.84,2,1,1,108275.08,France,Femme,0
2557,759,67,13,94321.43,4,0,0,33162.97,Espagne,Homme,0
2558,732,51,12,165047.0,4,1,1,172642.38,Allemagne,Femme,0
2559,352,28,14,82482.51,1,0,1,113695.31,France,Femme,0
2560,476,71,1,219289.68,1,0,0,124970.42,France,Homme,1
2561,646,57,12,26894.68,3,0,1,37466.52,France,Homme,0
2562,537,50,3,9495.56,3,0,1,126337.17,France,Femme,0
2563,711,48,4,52121.55,2,1,1,22767.84,France,Homme,1
2564,363,76,1,71521.94,4,0,0,185793.62,Allemagne,Homme,1
2565,808,71,12,28231.65,4,1,0,174754.43,Espagne,Femme,1
2566,815,61,14,16422.61,2,1,1,50948.72,Allemagne,Femme,0
2567,361,51,0,188901.93,1,1,1,124853.12,France,Homme,1
2568,436,67,9,41069.14,3,0,1,126499.34,France,Homme,1
2569,361,24,10,228480.55,2,1,1,163635.0,Allemagne,Homme,1
2570,746,75,4,91999.92,4,0,1,155030.27,France,Femme,0
2571,374,66,8,167651.45,2,1,0,198749.99,Espagne,Homme,0
2572,650,71,14,56350.53,2,1,1,79905.53,France,Homme,0
2573,592,79,11,60080.69,4,1,0,38057.0,France,Femme,0
2574,471,40,11,143677.3,4,1,1,121092.27,Allemagne,Femme,0
2575,496,63,14,140160.73,3,1,1,156338.46,France,Femme,0
2576,404,73,4,192182.31,3,0,1,67871.77,Allemagne,Homme,0
2577,587,24,11,189453.33,4,0,1,58698.18,Espagne,Homme,1
2578,705,71,10,167671.94,3,1,1,163454.1,Allemagne,Femme,1
2579,522,42,9,112282.64,3,1,1,154438.62,Espagne,Femme,0
2580,741,78,8,222660.1,3,1,1,52627.51,France,Femme,0
2581,570,20,13,155644.62,4,0,1,175815.06,France,Femme,0
2582,468,76,12,247549.62,1,1,0,39924.94,France,Femme,1
2583,658,55,11,204842.45,1,1,1,35209.37,Allemagne,Femme,1
2584,532,37,9,11077.45,3,0,0,79954.84,Allemagne,Femme,1
2585,637,51,5,80148.48,1,0,1,179008.53,France,Homme,0
2586,656,66,2,142968.93,3,1,1,143656.43,France,Femme,0
2587,649,61,3,180367.38,1,1,1,88022.94,Allemagne,Homme,1
2588,431,61,3,137584.12,1,1,1,44091.42,Allemagne,Homme,1
2589,803,47,0,196532.61,2,1,1,146993.15,France,Femme,0
2590,751,34,2,70663.91,3,0,1,125842.24,Allemagne,Femme,0
2591,560,76,2,45978.01,1,1,1,197721.34,Espagne,Homme,1
2592,499,27,12,13479.17,1,1,0,156628.5,France,Femme,1
2593,386,52,13,143328.44,2,1,1,33892.93,France,Femme,0
2594,701,37,0,172149.88,1,1,1,149719.79,Espagne,Homme,0
2595,661,35,12,81537.43,2,1,1,62627.7,France,Homme,0
2596,710,62,8,153396.05,1,1,0,192950.7,Espagne,Homme,1
2597,408,61,10,13039.31,2,0,0,18565.62,France,Homme,1
2598,480,44,0,24823.34,2,1,1,59094.86,France,Femme,0
2599,761,76,8,175438.69,4,1,1,107314.7,France,Homme,0
2600,551,79,0,92017.43,3,0,1,29627.65,Espagne,Femme,1
2601,592,76,1,167833.51,4,1,1,78651.62,France,Homme,0
2602,384,66,1,207930.28,3,0,1,106988.47,Espagne,Femme,1
2603,794,53,13,213155.61,1,0,1,97682.65,France,Femme,1
2604,442,40,5,43041.91,3,1,1,100208.27,France,Homme,0
2605,787,49,6,121571.39,4,1,1,177619.26,France,Homme,0
2606,796,27,10,183481.68,3,1,0,108478.81,Allemagne,Homme,0
2607,556,28,0,193495.15,4,1,1,189093.67,France,Homme,0
2608,702,55,2,196169.0,3,1,1,42330.36,Espagne,Homme,1
2609,740,23,1,57041.83,1,0,0,66847.38,Espagne,Femme,1
2610,681,76,7,48133.7,1,0,1,136455.42,France,Femme,1
2611,654,58,8,147503.12,3,1,1,67377.68,Allemagne,Homme,1
2612,699,79,12,185271.45,3,1,0,79246.07,France,Homme,0
2613,562,64,1,79784.88,1,1,1,181690.22,Espagne,Femme,1
2614,508,51,1,26176.29,3,1,1,114633.45,France,Femme,0
2615,791,53,9,179186.6,2,1,1,76912.24,France,Homme,1
2616,794,54,14,74924.46,1,1,1,158691.68,France,Homme,0
2617,373,34,8,41590.68,1,0,1,28072.98,Allemagne,Homme,1
2618,753,57,13,36930.88,4,1,1,119277.58,France,Homme,1
2619,642,57,3,78727.39,4,1,1,33438.9,Allemagne,Femme,0
2620,353,71,4,148169.52,2,1,1,47717.4,Espagne,Femme,1
2621,569,29,12,89600.56,3,0,1,26552.41,France,Femme,0
2622,713,38,10,5165.46,2,0,1,181811.36,France,Femme,1
2623,731,57,8,24227.11,3,0,0,23917.82,France,Homme,1
2624,369,36,5,72625.81,4,0,0,110537.04,France,Homme,1
2625,793,20,9,164926.12,3,1,1,56620.82,France,Femme,0
2626,501,35,11,24628.77,4,1,1,85963.9,France,Homme,0
2627,399,70,8,140164.21,1,1,1,106326.39,Espagne,Homme,0
2628,526,68,8,29971.47,1,1,0,98261.13,France,Homme,1
2629,784,36,6,52903.83,3,1,1,153396.13,France,Homme,1
2630,445,64,13,43047.13,4,0,1,183698.42,France,Homme,1
2631,454,23,11,16807.16,2,0,1,70550.36,Allemagne,Homme,1
2632,769,33,9,167832.45,4,0,1,19539.99,France,Homme,0
2633,599,25,8,115850.89,4,1,1,180379.91,Espagne,Homme,0
2634,466,65,4,207763.36,4,1,1,196075.05,Allemagne,Homme,0
2635,703,35,4,24722.71,1,1,1,95169.97,Espagne,Homme,1
2636,577,69,11,36183.23,4,1,1,99320.94,France,Homme,0
2637,415,65,7,76614.43,3,1,1,41668.88,France,Femme,0
2638,684,60,9,191466.5,1,1,1,102971.84,France,Femme,0
2639,767,56,3,76439.71,1,1,0,71119.61,France,Femme,0
2640,769,66,8,102104.68,1,0,1,198960.31,France,Femme,0
2641,611,66,6,75400.89,4,1,1,49196.87,Allemagne,Femme,1
2642,644,29,6,20056.07,2,0,1,85038.55,Allemagne,Femme,1
2643,775,62,12,234858.41,4,1,0,129052.87,Allemagne,Femme,1
2644,592,27,14,137134.75,4,1,0,78847.86,Espagne,Femme,0
2645,720,24,2,196958.3,2,1,1,102768.35,Allemagne,Femme,0
2646,535,63,3,164589.27,4,1,1,195094.47,France,Homme,0
2647,595,72,6,128563.57,3,1,1,108993.2,Allemagne,Homme,1
2648,474,18,10,22419.56,2,0,0,183409.28,France,Homme,1
2649,617,66,10,160683.39,3,0,1,22970.33,Allemagne,Femme,1
2650,480,53,13,38842.59,3,1,1,37166.39,Allemagne,Homme,0
2651,586,38,4,103595.79,1,0,1,189734.65,Allemagne,Femme,1
2652,367,54,11,157278.29,1,1,1,38815.26,France,Homme,1
2653,389,69,2,195557.25,2,1,1,151261.97,France,Homme,1
2654,370,41,0,171261.29,4,1,1,97510.67,Allemagne,Homme,0
2655,748,72,6,167883.38,3,1,1,90248.44,Allemagne,Femme,1
2656,574,42,5,37260.55,4,1,1,136955.75,Espagne,Homme,0
2657,704,24,9,86532.14,3,1,1,149606.15,France,Homme,0
2658,631,59,14,10728.07,1,1,1,187414.32,Allemagne,Femme,1
2659,357,34,6,179869.22,1,0,1,62523.82,Allemagne,Femme,1
2660,449,46,14,238146.5,1,1,1,144144.87,France,Femme,0
2661,589,47,13,66027.6,2,1,1,78322.88,Allemagne,Femme,1
2662,827,24,1,21924.18,3,1,1,147757.8,France,Femme,1
2663,436,50,12,118892.52,4,1,1,41291.48,Allemagne,Femme,0
2664,647,24,11,214174.56,3,0,1,99645.37,Allemagne,Homme,0
2665,777,75,3,137993.55,4,1,1,48971.5,Allemagne,Homme,1
2666,363,41,1,11694.29,4,1,1,77242.55,France,Femme,1
2667,683,28,7,243568.06,4,0,1,147391.44,Espagne,Femme,0
2668,351,26,6,207162.48,3,0,1,58169.72,Espagne,Homme,0
2669,724,29,0,32898.52,1,0,0,141703.52,Espagne,Femme,0
2670,642,52,1,230449.44,2,1,1,106748.94,France,Homme,0
2671,674,21,1,112672.07,2,1,1,32026.76,France,Femme,0
2672,771,53,3,92974.5,1,1,0,86538.52,France,Homme,1
2673,842,45,2,115263.33,2,1,0,175803.15,France,Homme,0
2674,390,74,0,208642.99,4,1,1,198018.82,France,Homme,0
2675,667,30,11,164869.92,2,1,1,83250.4,Allemagne,Femme,0
2676,665,40,13,14812.11,3,0,1,25151.83,France,Homme,1
2677,730,36,1,239401.09,1,0,0,39084.74,Allemagne,Homme,1
2678,460,59,10,36946.03,1,1,0,160807.46,Allemagne,Femme,0
2679,363,54,8,186391.99,1,1,0,136320.61,Espagne,Femme,1
2680,580,56,12,159034.13,1,0,1,67727.22,Espagne,Femme,1
2681,822,41,0,46882.01,3,0,1,87390.23,Allemagne,Homme,1
2682,433,33,8,42683.02,4,0,1,165062.79,Espagne,Femme,1
2683,479,50,6,217581.9,4,1,1,91425.34,France,Femme,0
2684,580,29,1,104923.73,4,1,1,154818.04,France,Femme,0
2685,675,51,1,163644.13,2,1,0,69613.05,France,Homme,1
2686,494,24,4,126017.75,4,1,0,149090.18,Allemagne,Homme,0
2687,728,28,12,181838.38,2,1,0,101283.53,Allemagne,Femme,0
2688,694,48,4,119810.59,3,1,1,115890.54,France,Homme,0
2689,377,46,3,71844.98,2,1,1,125765.63,Espagne,Femme,0
2690,415,79,11,90845.84,4,1,1,98356.32,Espagne,Femme,0
2691,512,30,9,214769.42,1,0,0,101235.09,France,Femme,1
2692,578,48,9,117008.67,3,1,0,64156.09,France,Femme,1
2693,610,19,12,53362.33,4,1,1,197366.41,Espagne,Homme,1
2694,798,56,11,233651.35,4,0,1,182575.79,France,Homme,0
2695,773,32,2,199150.11,4,1,1,112565.82,France,Femme,0
2696,809,74,3,13916.54,3,1,1,21406.44,France,Femme,0
2697,789,28,9,249735.74,1,0,0,46159.17,France,Homme,1
2698,513,51,3,173731.67,1,1,1,172978.01,Allemagne,Homme,0
2699,650,56,1,40066.65,1,1,1,187200.23,France,Homme,1
2700,756,21,4,59291.92,4,1,1,44839.04,Espagne,Femme,0
2701,652,28,14,173111.37,2,1,0,150885.95,Espagne,Homme,0
2702,636,46,4,194940.26,4,0,1,130259.31,Allemagne,Homme,0
2703,744,19,4,59758.99,1,0,0,71126.22,Espagne,Homme,1
2704,359,78,10,64242.21,3,1,1,95676.91,France,Femme,1
2705,544,33,14,76780.17,2,1,0,140294.84,France,Homme,0
2706,467,56,10,149504.59,2,1,1,33739.74,France,Homme,0
2707,619,30,9,42954.04,4,1,1,49972.89,Espagne,Homme,0
2708,429,54,0,26060.8,3,1,1,21163.27,Espagne,Femme,0
2709,807,34,5,169716.02,2,1,1,181907.32,France,Homme,1
2710,442,38,10,194774.48,1,1,1,121170.8,Allemagne,Homme,0
2711,615,61,1,125232.35,4,1,1,111834.08,France,Homme,0
2712,681,77,6,90958.18,4,1,1,145654.52,France,Homme,0
2713,699,36,3,108010.68,1,0,1,197844.79,France,Femme,0
2714,710,24,14,97101.96,1,1,1,46863.9,Allemagne,Homme,1
2715,606,55,4,239996.23,1,0,1,39624.61,France,Femme,0
2716,482,25,4,192022.48,2,1,1,69536.31,France,Femme,0
2717,625,30,4,52021.8,3,1,1,182229.67,France,Femme,0
2718,613,54,1,96047.29,2,1,0,91120.21,France,Femme,1
2719,520,19,4,136003.07,3,0,1,161796.9,Allemagne,Homme,1
2720,809,58,2,153246.47,4,0,0,52541.71,France,Femme,0
2721,350,79,3,117045.97,3,1,0,106317.01,France,Homme,0
2722,662,28,12,202531.66,1,0,1,38582.05,Allemagne,Homme,1
2723,413,41,1,191901.5,2,1,1,91386.2,France,Femme,1
2724,723,23,3,126289.48,1,1,0,63522.16,Espagne,Homme,0
2725,817,78,12,213607.35,4,1,1,116644.85,Allemagne,Homme,0
2726,633,43,8,187772.38,2,0,1,159375.15,France,Femme,0
2727,470,24,7,194645.46,2,1,0,188598.52,France,Femme,1
2728,456,74,12,239100.19,1,1,1,67510.91,Espagne,Femme,1
2729,770,56,13,66616.74,2,1,1,152479.36,France,Femme,0
2730,524,36,14,66912.04,1,0,1,178834.58,France,Homme,1
2731,834,23,10,222238.06,3,1,1,38097.6,Espagne,Femme,1
2732,553,60,11,193056.59,4,1,1,123397.46,France,Femme,0
2733,514,46,2,231636.39,1,0,1,128191.57,France,Femme,0
2734,654,60,0,15782.54,4,1,1,65391.24,Allemagne,Femme,0
2735,846,56,0,156939.27,2,1,1,19165.19,Espagne,Homme,0
2736,469,19,5,36157.08,4,0,0,62490.05,Espagne,Femme,1
2737,393,36,2,125974.3,4,1,0,123175.9,France,Homme,1
2738,661,21,3,38936.73,4,1,1,51341.9,Espagne,Femme,1
2739,505,75,0,32019.63,2,0,1,68158.86,France,Homme,1
2740,716,23,7,3042.09,3,1,1,145965.66,France,Homme,1
2741,556,66,0,157559.7,3,1,1,88688.38,France,Homme,0
2742,739,74,4,89755.65,3,1,1,27103.7,France,Homme,1
2743,457,54,5,26297.07,1,1,1,88845.69,Allemagne,Femme,1
2744,600,78,14,80709.44,1,1,1,199957.26,France,Femme,1
2745,794,45,1,42236.02,2,0,1,63294.53,Allemagne,Homme,1
2746,753,47,6,235423.71,3,0,1,64072.46,France,Femme,1
2747,719,24,6,80001.22,4,1,1,46428.99,France,Femme,1
2748,683,26,0,83488.38,3,1,1,65252.92,Allemagne,Homme,0
2749,479,42,3,209964.5,1,0,1,121329.36,Allemagne,Femme,1
2750,806,50,11,161938.94,2,1,1,193451.39,Allemagne,Homme,1
2751,642,18,12,177542.9,3,1,0,127423.63,Allemagne,Femme,1
2752,369,68,3,159000.45,1,1,1,90821.8,France,Femme,1
2753,631,23,4,236549.07,1,0,1,87082.22,Espagne,Homme,0
2754,634,35,0,51750.21,4,0,1,19481.79,France,Femme,1
2755,350,27,0,247259.81,3,1,0,15470.33,Allemagne,Femme,1
2756,468,45,6,207739.04,4,1,1,162480.81,Espagne,Femme,0
2757,384,28,8,147243.15,3,1,0,105679.72,France,Homme,1
2758,547,50,0,165592.91,2,1,0,21143.74,France,Femme,1
2759,834,18,1,162206.47,3,0,0,67915.0,Allemagne,Femme,1
2760,594,30,5,14599.06,4,0,0,80986.15,Allemagne,Homme,1
2761,408,54,14,54504.12,4,0,1,159908.44,France,Femme,0
2762,674,37,14,240367.72,1,0,1,95361.54,Espagne,Femme,0
2763,510,18,5,133591.11,3,1,0,161020.53,France,Homme,0
2764,846,69,1,94588.4,3,1,1,132240.8,Espagne,Femme,0
2765,528,20,8,190509.62,2,0,1,21130.2,France,Homme,0
2766,555,35,3,131129.74,1,1,1,194207.41,Allemagne,Femme,0
2767,361,58,12,3290.69,4,1,1,48565.11,France,Homme,1
2768,839,31,6,184059.4,3,0,1,65989.62,France,Femme,0
2769,625,48,5,183054.39,1,1,1,164719.4,France,Femme,0
2770,530,44,10,41287.18,2,1,1,50120.37,France,Homme,0
2771,591,34,12,239165.02,1,1,0,89201.24,Espagne,Femme,0
2772,565,72,10,55977.03,3,1,1,175023.38,Allemagne,Homme,0
2773,600,63,2,114437.34,3,0,1,132895.37,France,Homme,0
2774,648,46,7,28683.99,2,1,1,70884.91,France,Homme,1
2775,475,53,6,150820.58,2,1,1,134149.2,Espagne,Homme,1
2776,831,54,8,93862.78,2,1,1,165335.53,Espagne,Femme,0
2777,566,43,2,88293.37,4,0,1,89719.52,France,Homme,0
2778,655,70,0,206744.22,1,0,1,120759.82,Allemagne,Homme,1
2779,634,34,1,2390.43,1,1,1,197766.62,France,Homme,0
2780,534,39,11,199486.69,1,1,1,193444.13,France,Femme,0
2781,388,78,10,142862.14,4,1,0,109171.9,France,Homme,1
2782,572,42,14,246524.63,1,1,1,32786.13,Allemagne,Homme,1
2783,533,19,11,147360.81,2,1,1,144626.19,Allemagne,Femme,0
2784,844,72,0,13844.78,1,1,1,64694.85,Espagne,Femme,0
2785,776,39,10,12661.33,4,1,1,138852.86,France,Femme,0
2786,527,22,4,220788.25,4,0,1,80074.79,France,Femme,0
2787,756,21,14,210303.54,1,1,1,147970.31,France,Homme,1
2788,777,53,9,86472.52,4,1,1,82954.67,Allemagne,Femme,1
2789,643,23,13,154508.12,4,1,1,189121.13,France,Femme,0
2790,689,69,1,122397.84,1,1,0,40284.48,Allemagne,Femme,0
2791,500,38,2,241791.01,4,1,1,27654.89,Allemagne,Homme,1
2792,733,30,7,237490.23,4,0,1,159521.83,Allemagne,Homme,0
2793,475,71,14,245959.75,1,0,1,89245.3,France,Homme,1
2794,650,54,9,216612.2,2,0,1,101131.48,France,Femme,0
2795,657,72,13,227387.9,2,1,1,187756.19,France,Femme,0
2796,685,42,4,54319.69,4,1,1,124135.33,Allemagne,Homme,0
2797,783,43,3,207751.7,3,1,1,137131.57,France,Homme,0
2798,583,72,4,177214.28,3,1,1,18601.2,France,Femme,0
2799,729,56,9,240696.63,1,1,1,139045.17,Espagne,Homme,0
2800,724,37,5,142815.46,1,1,1,86845.29,France,Femme,1
2801,357,50,11,21291.79,2,0,1,100139.68,France,Homme,0
2802,847,31,6,149349.72,3,1,1,164489.27,France,Femme,0
2803,690,73,13,171645.23,1,1,1,111901.81,Allemagne,Homme,1
2804,478,53,12,55080.26,3,0,0,197571.1,France,Femme,1
2805,613,34,8,98528.35,3,1,1,162410.06,Allemagne,Femme,1
2806,506,38,0,149625.85,4,1,1,149789.44,Allemagne,Femme,0
2807,701,63,3,93526.43,4,1,1,123907.03,Espagne,Homme,0
2808,707,33,11,93736.93,3,1,1,91293.39,France,Femme,1
2809,354,63,11,33271.66,2,1,1,24781.38,Allemagne,Homme,0
2810,844,33,8,235186.68,1,0,1,18421.74,France,Femme,0
2811,435,73,4,187623.6,1,1,1,23650.37,France,Femme,1
2812,524,37,7,310.86,2,1,1,192384.73,France,Femme,0
2813,639,46,11,191403.32,4,1,1,74794.24,Allemagne,Homme,1
2814,542,45,0,184948.75,4,1,1,144612.75,France,Homme,0
2815,660,25,3,2432.74,2,1,1,124948.2,France,Homme,0
2816,468,41,11,92401.07,2,1,1,120758.53,France,Homme,0
2817,567,20,13,151686.92,4,1,1,122159.69,France,Homme,0
2818,776,42,11,113187.66,3,1,1,70924.73,France,Homme,0
2819,807,36,8,194496.53,4,1,1,179008.52,France,Homme,1
2820,763,50,12,106364.58,3,1,1,185053.15,France,Homme,0
2821,463,19,0,38465.74,1,1,0,134237.27,France,Homme,1
2822,815,32,0,244103.91,1,0,1,174830.61,France,Homme,0
2823,494,39,3,60510.0,3,1,1,26096.49,Allemagne,Femme,0
2824,375,77,13,179423.08,3,1,1,33572.38,Espagne,Femme,0
2825,485,27,2,35789.08,4,1,1,118427.25,Allemagne,Homme,0
2826,652,35,6,82253.15,2,0,0,171603.8,Allemagne,Femme,0
2827,581,39,10,110506.9,3,1,1,73354.44,Espagne,Femme,0
2828,718,63,2,48058.0,1,1,0,116390.34,France,Homme,1
2829,425,66,0,112489.89,4,1,1,16842.7,Allemagne,Femme,0
2830,824,44,11,39290.71,1,1,1,197526.55,France,Femme,1
2831,677,30,14,139751.63,4,1,1,156891.46,Allemagne,Femme,0
2832,694,50,10,165928.31,2,0,1,81862.54,Allemagne,Femme,0
2833,651,22,9,15608.57,2,1,1,196857.37,Espagne,Femme,0
2834,801,43,1,217783.03,1,0,1,32099.18,Allemagne,Homme,0
2835,638,30,9,46285.22,3,0,1,100872.52,France,Femme,0
2836,350,44,12,56340.61,3,0,0,25887.49,France,Femme,1
2837,496,74,3,165337.46,1,1,1,76968.53,France,Homme,0
2838,636,31,0,117187.77,3,0,1,55582.37,Allemagne,Homme,1
2839,813,41,0,124848.9,3,0,1,73561.91,Allemagne,Femme,0
2840,491,20,11,32038.75,1,0,0,190270.72,France,Homme,1
2841,402,64,13,201433.96,1,1,1,94029.59,Espagne,Homme,1
2842,653,68,7,154263.56,2,1,1,75099.25,Espagne,Homme,0
2843,418,66,6,33845.51,1,1,1,133542.89,France,Homme,1
2844,710,47,13,93499.84,2,1,1,141423.3,Allemagne,Homme,0
2845,439,52,7,202602.48,2,0,1,196997.24,France,Homme,1
2846,795,65,12,142088.76,4,0,1,116020.69,Allemagne,Femme,0
2847,569,31,3,27162.19,3,0,0,154224.27,Allemagne,Femme,1
2848,799,29,5,93194.26,1,1,0,85700.53,Espagne,Femme,0
2849,847,45,14,60673.6,3,1,0,46641.04,France,Femme,0
2850,541,61,12,129366.39,4,0,0,94519.55,Espagne,Femme,1
2851,803,46,2,210840.28,1,1,1,92473.53,Espagne,Femme,0
2852,412,60,10,109066.78,1,1,1,92813.5,Allemagne,Homme,1
2853,422,34,12,108335.51,4,0,1,143652.84,France,Homme,0
2854,510,57,7,226337.73,3,0,1,90099.33,Allemagne,Homme,0
2855,518,66,3,144046.35,2,1,1,191520.1,Allemagne,Femme,0
2856,438,38,2,141547.77,4,0,1,196808.69,Espagne,Homme,0
2857,525,74,3,65477.47,4,1,0,111821.86,France,Homme,0
2858,618,40,5,151930.69,1,1,1,118312.14,France,Femme,0
2859,422,37,10,143977.62,2,1,1,90410.88,Allemagne,Homme,0
2860,594,28,6,99212.87,4,1,1,80784.81,France,Homme,0
2861,426,74,6,247673.89,3,0,1,197285.41,Allemagne,Femme,1
2862,508,74,13,220472.74,4,0,1,22521.52,France,Homme,0
2863,838,51,14,187396.57,3,0,1,90865.95,Allemagne,Homme,1
2864,808,27,11,134336.4,1,1,1,42997.97,Allemagne,Homme,0
2865,673,27,3,115514.95,4,1,1,149361.85,Allemagne,Femme,0
2866,447,60,7,46224.35,3,1,0,50972.45,Allemagne,Homme,1
2867,730,77,6,76434.37,1,1,1,178659.46,Espagne,Femme,1
2868,451,23,1,193490.2,1,1,1,84278.43,Espagne,Homme,1
2869,843,53,12,113437.24,1,1,1,184672.52,France,Homme,1
2870,481,41,7,220567.38,4,0,1,197514.07,Allemagne,Homme,0
2871,451,29,8,36977.78,1,1,1,157666.71,France,Femme,1
2872,368,60,4,127086.77,1,0,1,130284.24,France,Femme,1
2873,803,72,14,161741.42,3,0,0,42731.81,Espagne,Homme,1
2874,831,40,3,129212.11,1,0,1,187616.16,Allemagne,Homme,0
2875,431,44,3,222306.72,4,1,0,158720.33,Allemagne,Homme,1
2876,746,75,12,247390.82,2,1,0,68288.47,Allemagne,Femme,1
2877,838,74,3,28958.66,1,0,1,101672.86,Allemagne,Homme,1
2878,628,62,5,32488.73,4,1,1,27518.03,Espagne,Femme,1
2879,688,54,10,32581.03,1,0,0,136915.06,France,Homme,1
2880,714,23,3,170294.27,4,1,1,38173.96,Allemagne,Femme,0
2881,680,18,6,93169.02,1,1,0,135533.29,France,Femme,1
2882,478,23,6,183328.67,3,1,1,139237.43,France,Femme,1
2883,693,67,4,101367.87,2,1,1,75056.37,France,Femme,1
2884,659,39,12,156901.68,2,1,1,190502.6,France,Femme,0
2885,804,58,4,192464.5,4,1,1,159108.06,Allemagne,Femme,0
2886,438,41,14,137053.98,4,1,0,106895.73,Allemagne,Femme,0
2887,562,42,9,134875.9,2,1,0,184935.3,France,Femme,1
2888,492,78,7,22058.58,3,1,1,173331.0,France,Femme,0
2889,414,32,6,102695.44,3,0,1,143060.37,France,Homme,1
2890,425,43,13,136444.29,1,1,1,43298.58,France,Homme,0
2891,548,25,6,115495.21,3,0,0,106958.68,France,Homme,0
2892,492,68,5,225195.5,2,1,1,174918.23,France,Homme,0
2893,754,41,6,226632.66,2,1,1,127644.94,Espagne,Femme,0
2894,752,65,6,205479.35,3,0,0,115919.62,Espagne,Homme,0
2895,665,55,9,93824.52,3,1,1,191716.48,France,Homme,1
2896,442,78,13,179324.79,2,1,1,18061.39,France,Homme,1
2897,822,23,1,98822.12,2,1,1,17228.58,Allemagne,Femme,0
2898,766,71,13,58148.4,2,0,1,180171.8,Espagne,Femme,0
2899,654,52,9,85725.66,2,1,1,22129.38,France,Femme,0
2900,573,59,1,17741.16,2,1,0,76520.59,Espagne,Femme,0
2901,846,18,13,82944.38,3,0,1,185944.71,France,Homme,1
2902,640,77,9,115185.55,3,1,1,142863.23,Allemagne,Femme,0
2903,777,63,6,238870.22,1,1,1,134909.4,France,Homme,0
2904,451,53,13,78352.65,1,1,1,136544.69,Espagne,Homme,0
2905,823,75,9,225613.38,4,1,1,73763.95,France,Femme,1
2906,616,29,6,57214.57,1,1,1,113148.71,Allemagne,Homme,0
2907,704,55,6,47742.22,3,1,1,131545.02,France,Femme,0
2908,805,28,4,129748.86,1,1,1,71557.34,France,Homme,1
2909,459,29,0,168127.84,1,1,0,162142.32,Allemagne,Homme,0
2910,811,59,13,11083.06,3,1,1,74523.45,Espagne,Homme,1
2911,679,67,1,55266.47,2,1,1,28217.17,Espagne,Femme,0
2912,799,56,12,113920.92,3,1,1,52269.1,Espagne,Homme,0
2913,779,24,8,82751.08,3,0,0,90555.93,Espagne,Homme,0
2914,614,28,7,178155.27,4,0,1,182990.34,Espagne,Femme,0
2915,352,53,7,127790.15,4,1,1,91915.91,France,Femme,0
2916,434,69,9,40089.78,4,0,1,31613.7,France,Homme,1
2917,631,48,0,223616.34,2,0,1,51344.5,France,Homme,0
2918,677,50,5,73226.42,1,1,0,115726.48,Allemagne,Femme,1
2919,653,30,14,182782.78,4,1,1,47866.36,Espagne,Homme,1
2920,799,35,14,194978.94,3,1,1,26831.6,Allemagne,Femme,1
2921,803,58,8,240789.43,4,0,1,147243.27,Allemagne,Homme,0
2922,761,75,14,124626.87,3,0,1,160104.27,Espagne,Homme,0
2923,466,73,7,153958.88,2,1,0,172367.15,Espagne,Homme,1
2924,570,41,2,83719.07,4,1,1,171127.82,Allemagne,Homme,0
2925,503,26,3,169544.82,3,1,0,85163.02,Espagne,Femme,0
2926,502,48,14,115845.87,1,1,0,150876.95,France,Femme,1
2927,361,72,2,109413.09,2,1,1,122954.69,Allemagne,Homme,0
2928,482,78,5,213866.88,3,0,0,19322.4,France,Femme,1
2929,831,58,13,12542.21,1,1,1,89295.65,France,Femme,1
2930,653,27,8,220490.61,1,0,1,24782.61,France,Homme,1
2931,642,77,14,213017.46,3,0,1,30420.87,Espagne,Homme,1
2932,812,19,7,126591.56,4,1,0,25360.45,France,Homme,1
2933,649,55,14,122550.71,1,0,1,192775.11,Allemagne,Femme,0
2934,577,32,14,90451.84,2,1,0,171177.18,France,Femme,0
2935,620,20,12,248543.45,1,1,1,96234.33,Espagne,Homme,1
2936,392,60,9,27792.33,4,1,1,60879.53,Allemagne,Femme,1
2937,781,48,3,147553.81,2,1,1,28403.4,France,Femme,0
2938,692,23,14,170420.4,2,1,1,94771.31,France,Femme,0
2939,675,20,1,233582.5,2,1,0,126065.28,Espagne,Femme,0
2940,651,73,12,195050.87,3,1,1,162464.11,Espagne,Homme,0
2941,847,28,7,160961.8,1,1,0,24538.78,Allemagne,Homme,1
2942,713,32,7,29203.08,4,1,1,92305.95,Allemagne,Femme,1
2943,728,62,13,93433.38,3,1,1,195718.63,Espagne,Femme,0
2944,776,69,11,34710.41,3,1,0,37333.3,Allemagne,Femme,1
2945,842,45,10,220303.18,2,1,1,89055.39,Espagne,Homme,0
2946,370,27,5,187405.29,3,1,1,65885.23,France,Femme,0
2947,756,55,13,189384.2,1,0,0,39797.28,Espagne,Femme,0
2948,456,64,7,163064.13,3,1,1,170204.95,Allemagne,Femme,0
2949,685,74,8,126760.88,3,1,1,143966.31,Allemagne,Femme,1
2950,652,67,12,37492.76,2,1,1,91137.95,France,Femme,0
2951,466,67,0,82423.72,2,0,1,83277.45,Allemagne,Homme,0
2952,473,24,8,34228.95,3,1,1,168133.52,Allemagne,Homme,1
2953,748,32,1,181228.29,2,0,1,31795.01,France,Femme,0
2954,630,35,13,40057.19,4,1,1,42164.16,Allemagne,Homme,1
2955,641,35,12,175528.39,4,1,1,182711.75,France,Femme,0
2956,552,69,0,173063.85,4,1,1,166183.23,Espagne,Homme,1
2957,400,58,7,114826.12,3,1,1,158352.39,France,Femme,0
2958,620,41,7,33807.16,1,0,1,130435.55,France,Femme,1
2959,673,19,10,78700.21,1,1,1,69103.26,France,Femme,1
2960,626,57,3,80023.28,2,0,1,187935.52,Allemagne,Femme,0
2961,490,37,7,175096.28,1,1,1,105995.73,Allemagne,Homme,1
2962,819,51,6,28435.75,1,1,1,66914.61,France,Homme,0
2963,624,60,12,207267.16,3,0,0,82631.3,France,Femme,0
2964,639,43,1,190251.82,2,1,1,18115.59,Espagne,Femme,0
2965,683,24,4,46576.73,1,1,1,62204.43,Espagne,Homme,0
2966,730,55,13,179791.1,4,0,0,49771.88,France,Femme,0
2967,801,47,9,167128.3,2,1,0,40077.98,France,Homme,1
2968,845,59,3,187030.2,2,1,1,20945.9,France,Femme,0
2969,722,22,2,47232.14,2,0,1,56971.96,Espagne,Homme,1
2970,401,28,0,39397.58,4,0,0,34150.96,France,Homme,1
2971,843,18,4,59121.0,1,1,1,23350.97,France,Homme,1
2972,376,51,9,91467.93,4,1,1,40404.62,France,Femme,0
2973,506,73,7,198416.25,2,0,0,52444.62,Espagne,Femme,1
2974,588,18,11,184480.98,2,0,1,91953.03,Allemagne,Femme,1
2975,505,36,8,231362.9,3,1,1,122983.7,Allemagne,Homme,0
2976,640,19,6,14657.39,3,1,1,74619.18,Allemagne,Homme,1
2977,485,38,11,2889.07,3,0,1,41132.99,Allemagne,Homme,1
2978,493,37,10,174784.71,3,1,0,188959.91,Allemagne,Femme,1
2979,455,78,0,69821.87,2,1,1,110247.94,France,Femme,1
2980,769,40,0,83519.72,4,1,1,152247.86,Allemagne,Femme,0
2981,507,38,14,136700.51,3,1,1,143470.5,Allemagne,Homme,0
2982,495,41,0,25603.28,4,1,0,67705.9,Allemagne,Femme,0
2983,351,21,1,160673.6,3,0,0,118574.46,France,Homme,0
2984,782,29,0,81286.86,1,0,0,126400.36,France,Femme,1
2985,426,39,3,158178.78,3,1,1,80081.34,Espagne,Femme,1
2986,481,37,9,208501.73,4,1,1,139091.81,Allemagne,Homme,0
2987,439,35,8,42777.83,3,1,0,161275.16,Allemagne,Femme,1
2988,694,18,11,232718.27,1,0,1,82378.95,Allemagne,Homme,0
2989,699,47,3,132672.04,4,1,1,17759.34,France,Homme,0
2990,808,79,12,230731.94,4,1,1,79627.15,France,Homme,0
2991,612,50,3,51932.52,4,1,0,36610.89,France,Femme,1
2992,700,41,6,151140.67,2,1,1,43787.46,France,Homme,0
2993,457,31,13,100971.78,4,0,0,82700.65,Espagne,Homme,0
2994,423,53,10,193555.55,2,1,1,53409.9,France,Femme,1
2995,388,22,8,151477.24,1,1,0,187954.46,France,Femme,1
2996,746,28,6,123628.86,4,1,1,135768.54,France,Femme,0
2997,508,41,0,228246.35,4,0,1,110897.37,France,Femme,0
2998,420,77,0,94279.27,4,1,0,16799.0,France,Femme,0
2999,796,48,3,54995.05,1,0,1,34169.28,France,Femme,0
3000,661,72,3,152025.3,2,0,1,160868.4,France,Homme,0
3001,590,30,0,156007.11,3,0,1,87102.6,France,Homme,0
3002,775,33,5,109773.66,1,0,1,23416.24,France,Femme,1
3003,794,41,9,121652.51,1,1,1,167728.43,Allemagne,Femme,0
3004,647,30,1,239888.35,1,1,1,70989.51,France,Femme,1
3005,789,41,10,183171.42,2,1,1,86464.69,France,Femme,0
3006,385,71,4,27650.44,2,0,1,195258.28,France,Femme,0
3007,433,43,7,53032.52,2,0,1,17869.86,Espagne,Homme,0
3008,801,19,14,243894.16,2,1,0,148445.01,France,Femme,1
3009,723,33,2,181616.39,2,0,1,190543.57,Espagne,Homme,0
3010,612,55,8,228761.28,4,0,1,26814.02,France,Homme,0
3011,659,63,6,75965.37,3,0,1,175224.25,France,Femme,1
3012,734,18,8,185466.72,3,1,0,92004.71,France,Homme,1
3013,521,66,0,178500.68,2,1,1,177429.36,France,Femme,1
3014,725,28,4,73672.5,2,1,1,72030.8,Allemagne,Femme,1
3015,522,68,11,137704.08,4,1,1,196792.6,France,Homme,0
3016,711,52,12,156853.78,2,1,1,134704.14,Espagne,Homme,0
3017,396,60,2,120282.95,4,1,1,131011.72,Allemagne,Homme,0
3018,728,46,3,206794.68,4,0,1,164092.13,France,Homme,0
3019,490,54,3,208217.26,1,1,1,95768.42,Allemagne,Homme,1
3020,724,34,10,212650.14,1,0,1,62853.88,Allemagne,Homme,1
3021,755,75,11,200855.89,2,1,1,63642.09,France,Femme,1
3022,467,71,6,122020.87,4,0,0,76161.69,France,Femme,0
3023,626,56,9,95359.57,2,1,1,129210.24,France,Homme,1
3024,563,59,10,207844.07,1,1,0,170102.1,France,Femme,1
3025,569,45,7,122550.36,1,1,1,107421.91,France,Femme,0
3026,742,46,10,61592.85,1,1,1,89637.92,Allemagne,Homme,0
3027,375,60,9,126835.88,1,1,1,161861.83,Allemagne,Femme,1
3028,358,20,4,35462.46,1,1,1,68588.56,France,Homme,1
3029,620,69,12,172907.37,2,0,1,142471.52,France,Femme,1
3030,359,27,12,83980.32,2,1,1,34573.97,France,Femme,1
3031,821,76,11,65164.7,1,0,1,35949.08,France,Homme,1
3032,727,59,9,239127.19,2,1,0,134150.26,France,Femme,0
3033,470,31,6,194220.25,1,1,1,30308.85,France,Homme,0
3034,474,29,2,196767.38,1,1,1,43684.47,France,Femme,1
3035,519,64,2,155930.49,1,1,0,130508.28,France,Femme,0
3036,421,59,2,209793.2,2,1,1,96067.68,France,Homme,1
3037,501,47,11,189790.62,2,1,0,118839.84,France,Femme,0
3038,557,49,3,149693.43,4,1,0,195734.44,France,Femme,0
3039,398,49,5,240281.1,2,1,1,131912.79,France,Femme,0
3040,503,59,14,47898.74,2,1,1,124307.4,France,Femme,1
3041,696,49,4,235844.93,3,1,0,85325.55,Espagne,Homme,0
3042,642,43,7,100359.54,1,1,1,131712.36,Allemagne,Homme,0
3043,417,68,13,132099.75,1,1,1,17404.91,France,Homme,1
3044,399,18,13,30684.83,2,1,1,118104.25,France,Femme,1
3045,501,73,11,135026.86,2,1,1,27746.01,France,Homme,1
3046,368,78,12,152801.69,4,1,0,55731.87,France,Femme,1
3047,449,75,4,249425.39,3,1,0,119177.39,France,Homme,1
3048,409,59,10,243798.1,1,1,1,138570.85,France,Homme,0
3049,516,19,11,241599.32,1,1,1,86187.36,France,Homme,1
3050,551,34,4,87097.02,2,0,1,92511.28,Espagne,Homme,0
3051,694,47,13,247816.62,2,1,0,107134.15,Espagne,Homme,1
3052,495,73,9,113869.54,3,1,1,155428.8,Allemagne,Homme,1
3053,752,56,1,212959.06,1,0,1,18261.14,Espagne,Homme,0
3054,513,24,11,54079.99,3,1,1,97707.58,France,Homme,0
3055,807,69,10,126458.29,1,1,1,17640.62,Allemagne,Homme,1
3056,830,44,10,241503.02,2,1,1,74041.24,France,Homme,1
3057,788,26,4,236757.85,3,1,1,111171.99,Espagne,Femme,0
3058,591,39,14,170933.72,4,0,1,29785.07,Allemagne,Homme,0
3059,418,51,11,199453.58,2,0,1,104764.5,France,Homme,0
3060,524,63,6,44106.67,4,1,1,186046.17,Allemagne,Homme,1
3061,398,66,1,180414.64,4,0,1,141788.33,France,Homme,0
3062,832,18,13,154512.7,4,0,1,159716.74,France,Homme,1
3063,457,26,12,22887.93,1,1,1,122376.63,Espagne,Femme,1
3064,575,37,5,28289.75,4,1,1,180826.41,France,Homme,0
3065,510,70,6,27110.9,1,1,1,42170.82,Allemagne,Homme,1
3066,468,36,4,181089.23,3,0,1,98210.42,France,Homme,0
3067,498,53,8,35428.8,2,0,0,125451.15,France,Homme,0
3068,814,77,13,116933.07,1,1,0,176592.94,Allemagne,Homme,1
3069,499,57,3,89245.45,1,1,1,71981.9,Espagne,Homme,0
3070,781,62,13,137626.04,3,1,1,15208.68,France,Homme,0
3071,642,21,13,176619.12,3,1,1,195266.61,France,Homme,0
3072,492,26,12,171180.63,2,1,0,19805.8,France,Homme,0
3073,768,58,9,128879.98,3,1,1,43187.84,Allemagne,Femme,0
3074,825,39,14,116083.72,1,1,1,93078.57,France,Femme,1
3075,804,35,0,99453.9,2,1,1,106828.42,Espagne,Homme,0
3076,509,29,13,215477.49,2,1,0,169376.2,Allemagne,Homme,1
3077,360,59,7,82712.95,2,1,1,97846.32,France,Femme,0
3078,487,60,14,64841.46,4,1,1,116274.39,France,Femme,0
3079,806,56,7,185828.87,4,0,1,51999.98,France,Femme,0
3080,427,26,6,89940.87,1,1,1,120294.36,France,Homme,1
3081,426,23,7,211749.65,4,0,1,79450.99,Espagne,Femme,0
3082,790,36,1,81972.18,3,1,1,33265.47,Allemagne,Homme,1
3083,603,65,2,175486.21,2,1,1,190095.63,Allemagne,Homme,0
3084,758,79,8,11277.25,1,0,0,30111.59,Allemagne,Femme,1
3085,607,64,0,96390.72,3,1,1,140407.6,France,Homme,0
3086,669,24,7,85807.54,2,0,0,183015.73,France,Homme,1
3087,640,33,7,204169.68,3,1,1,48152.86,France,Femme,0
3088,612,22,6,241763.85,4,1,1,58866.77,Espagne,Femme,1
3089,434,33,12,115220.32,3,1,1,93940.75,Espagne,Femme,0
3090,495,18,13,206209.07,4,1,1,69484.34,Allemagne,Homme,0
3091,672,68,10,174923.68,3,1,1,155421.13,France,Homme,0
3092,391,54,4,241846.5,1,0,1,77558.37,Allemagne,Homme,1
3093,723,56,3,202777.13,4,1,1,197379.57,France,Femme,0
3094,474,36,9,19369.52,4,1,1,173875.64,Allemagne,Homme,1
3095,516,71,9,178320.43,2,1,1,180638.66,France,Homme,0
3096,774,54,12,133874.93,4,1,0,26777.89,France,Femme,0
3097,590,78,14,4109.01,2,0,1,47617.06,France,Femme,0
3098,808,34,9,62828.24,4,0,1,46333.16,Allemagne,Femme,0
3099,836,43,13,230438.81,4,1,0,139313.46,Allemagne,Homme,0
3100,629,39,9,231515.34,4,0,1,17203.6,France,Homme,0
3101,537,79,5,199712.62,4,1,0,164188.85,Espagne,Femme,1
3102,651,25,11,245444.9,2,1,1,116203.51,Espagne,Femme,0
3103,368,78,10,201636.31,1,1,1,119767.91,Allemagne,Homme,1
3104,417,78,0,2551.05,3,0,1,114407.24,Allemagne,Femme,1
3105,567,50,12,71958.59,4,1,1,114038.99,France,Homme,0
3106,451,19,4,7656.05,4,0,1,51608.92,Espagne,Homme,0
3107,391,47,13,23526.99,1,1,0,67388.25,France,Homme,1
3108,637,64,3,54710.2,2,1,1,105209.23,France,Homme,0
3109,516,37,3,125889.64,3,0,1,140401.23,Allemagne,Homme,0
3110,458,77,6,211883.0,1,0,1,65311.45,France,Homme,0
3111,843,35,8,215491.69,1,0,1,164134.96,Espagne,Homme,0
3112,385,60,7,154050.46,1,1,0,164959.74,France,Homme,0
3113,581,74,10,232043.98,1,1,1,65667.69,France,Femme,0
3114,578,27,12,125015.58,4,1,1,118611.97,Espagne,Homme,1
3115,702,41,13,222259.01,3,1,1,79550.73,Allemagne,Femme,0
3116,513,73,11,113516.31,4,1,0,50276.86,Allemagne,Femme,1
3117,736,21,7,69306.25,1,0,0,164109.99,France,Homme,1
3118,422,54,4,229103.23,3,0,0,198424.03,Espagne,Homme,0
3119,485,21,5,96983.77,1,1,0,119658.05,France,Homme,1
3120,702,30,1,125851.03,2,0,1,184080.14,France,Homme,1
3121,728,42,12,82215.16,1,1,1,133801.23,France,Homme,0
3122,419,30,10,165709.4,1,0,0,119658.88,Espagne,Homme,0
3123,774,35,13,248757.81,2,1,1,103826.8,France,Homme,0
3124,836,78,2,6378.39,4,1,1,58607.27,France,Femme,0
3125,545,76,4,224962.0,3,1,1,30587.23,Allemagne,Homme,0
3126,618,41,1,981.51,1,1,1,96832.14,Allemagne,Femme,0
3127,398,19,2,91056.97,1,1,1,118842.33,France,Homme,1
3128,665,65,3,42151.7,2,1,1,109248.19,Espagne,Femme,0
3129,479,50,5,189335.45,3,0,1,143680.57,France,Homme,1
3130,793,75,4,12652.71,2,1,1,50538.27,France,Homme,0
3131,354,36,9,138371.24,1,0,1,80527.55,France,Homme,1
3132,777,26,3,73731.53,4,0,1,91879.95,France,Homme,1
3133,376,45,12,33417.56,4,1,0,49506.81,France,Homme,0
3134,509,52,14,192954.55,3,1,1,182695.88,France,Homme,0
3135,498,74,1,54354.21,1,1,0,141079.62,France,Homme,1
3136,613,56,11,55918.8,2,1,1,31994.53,Allemagne,Femme,0
3137,579,78,10,68769.2,1,1,1,146867.64,Allemagne,Homme,0
3138,549,27,4,146691.69,2,1,1,116340.71,France,Femme,0
3139,399,18,4,164916.48,2,1,1,111928.99,France,Homme,0
3140,416,59,10,4400.63,3,1,1,198110.37,France,Homme,0
3141,649,38,6,60467.41,2,0,0,129367.15,Espagne,Homme,1
3142,730,26,0,107742.71,3,1,1,180894.72,Allemagne,Homme,0
3143,407,77,3,82994.24,4,1,1,184006.55,Allemagne,Femme,0
3144,608,64,10,221042.66,3,0,1,33762.45,France,Homme,0
3145,691,32,4,196927.18,3,1,1,16547.02,France,Homme,0
3146,675,52,7,156472.55,3,1,0,95524.38,France,Femme,0
3147,479,74,11,84510.6,4,0,0,157317.72,France,Femme,1
3148,564,22,14,175168.09,3,1,0,167476.25,Allemagne,Homme,1
3149,521,58,11,210909.5,2,0,1,160686.4,Allemagne,Femme,0
3150,607,75,7,148707.59,2,1,1,97748.27,Allemagne,Femme,0
3151,451,39,0,196115.37,3,1,0,153743.36,Espagne,Femme,1
3152,558,58,4,187276.24,2,0,1,147973.66,France,Femme,0
3153,640,40,9,142934.33,3,0,1,73056.56,Espagne,Femme,1
3154,703,24,0,78045.8,4,0,1,46213.3,Allemagne,Femme,1
3155,820,73,0,186445.54,2,0,1,129962.46,France,Homme,0
3156,635,40,1,51699.09,3,1,1,140260.98,Allemagne,Homme,0
3157,465,61,1,194872.09,1,1,1,120074.58,Allemagne,Femme,1
3158,613,42,14,201136.67,4,0,1,54438.22,France,Femme,1
3159,499,44,14,205536.22,1,1,1,66184.56,France,Femme,0
3160,649,58,8,118228.99,3,1,1,146069.96,France,Homme,1
3161,791,23,3,48120.19,2,0,1,193085.14,France,Femme,1
3162,385,72,2,24930.9,3,1,1,189794.59,France,Homme,0
3163,802,51,10,185840.31,2,1,1,111136.76,Espagne,Femme,0
3164,682,26,0,221565.35,3,0,1,179013.5,Allemagne,Homme,0
3165,826,77,11,162709.59,3,1,1,20448.47,France,Homme,1
3166,636,78,1,36040.02,2,1,1,174313.14,France,Homme,1
3167,652,66,5,233724.11,2,0,1,103087.9,Espagne,Homme,0
3168,660,50,8,247275.5,3,1,1,159582.56,France,Femme,0
3169,557,68,4,108344.65,1,1,1,16032.84,France,Femme,0
3170,455,77,3,148706.32,4,0,1,175683.75,Allemagne,Femme,1
3171,795,23,12,194307.13,1,1,1,125071.23,France,Homme,0
3172,507,54,4,184097.45,1,0,1,59442.62,Allemagne,Homme,1
3173,470,48,8,241946.8,1,1,1,79284.37,France,Femme,0
3174,404,51,11,28720.77,1,0,1,52123.23,Allemagne,Femme,1
3175,749,58,12,145181.22,2,1,1,93515.07,Allemagne,Femme,0
3176,361,79,6,172982.85,1,1,0,76051.12,Espagne,Femme,0
3177,494,46,7,222524.61,4,1,0,113883.09,Espagne,Homme,0
3178,749,75,14,218527.41,2,0,1,165735.12,France,Femme,0
3179,745,31,3,244499.95,1,1,1,196720.92,France,Femme,0
3180,485,53,10,128019.61,2,0,1,61519.66,France,Femme,1
3181,817,53,7,207690.22,1,1,0,34704.03,Allemagne,Femme,1
3182,352,70,5,106820.43,1,0,1,88198.44,Allemagne,Homme,1
3183,493,32,4,105578.47,4,1,0,41557.54,Espagne,Homme,0
3184,379,25,12,63337.09,2,0,1,169334.44,France,Femme,0
3185,586,43,11,204559.32,2,1,0,107708.1,France,Homme,0
3186,628,53,6,246453.78,3,1,1,129693.04,France,Femme,0
3187,697,65,5,64085.43,1,1,0,42863.32,Allemagne,Homme,0
3188,464,38,2,14032.9,1,1,1,153677.63,France,Homme,0
3189,453,45,4,203885.61,4,1,1,195112.64,France,Homme,0
3190,467,21,8,155057.51,4,1,0,104241.27,Allemagne,Homme,0
3191,354,79,6,239924.7,2,1,1,193054.6,France,Femme,1
3192,817,33,11,63059.8,4,1,1,21422.48,France,Femme,0
3193,709,39,3,17756.91,2,1,1,21608.7,France,Homme,0
3194,597,29,6,123110.57,1,1,1,192602.39,Espagne,Femme,0
3195,713,33,4,21366.51,1,1,1,144549.14,Espagne,Homme,0
3196,670,68,10,65447.5,2,0,1,49907.6,France,Homme,1
3197,470,57,12,31494.47,4,1,1,82316.84,France,Femme,0
3198,635,55,14,56033.04,4,1,1,108934.32,Allemagne,Femme,0
3199,498,59,1,26536.16,2,1,1,144987.98,Allemagne,Femme,1
3200,433,54,12,238476.5,1,1,1,170774.91,France,Homme,1
3201,803,46,5,69640.68,2,1,1,30291.43,Allemagne,Homme,0
3202,755,35,6,110974.4,4,1,1,136466.21,Allemagne,Femme,0
3203,815,27,7,224652.95,2,1,0,103191.61,Espagne,Homme,0
3204,805,59,5,169330.4,1,0,1,125560.12,Allemagne,Homme,1
3205,580,56,7,154509.37,3,0,1,109078.35,France,Femme,0
3206,637,35,6,176390.8,2,1,0,98378.21,Allemagne,Femme,1
3207,510,18,1,207205.56,3,1,1,53019.87,France,Homme,0
3208,621,56,13,219417.32,2,1,1,102382.14,Allemagne,Femme,1
3209,809,38,5,160659.92,4,0,0,50086.2,Allemagne,Femme,1
3210,387,18,8,222501.82,4,0,1,23253.13,Allemagne,Femme,0
3211,849,32,11,133849.38,3,1,0,84157.53,France,Homme,0
3212,575,21,5,69322.71,2,1,1,19616.81,Espagne,Femme,0
3213,491,77,3,220019.18,4,0,0,119070.82,Allemagne,Femme,0
3214,641,78,6,135368.21,3,1,1,28392.6,France,Homme,0
3215,830,37,2,226534.4,3,0,1,95947.42,France,Homme,0
3216,500,27,4,10041.95,2,0,1,196326.42,France,Homme,1
3217,463,40,0,99378.94,4,0,1,16828.08,Allemagne,Femme,0
3218,586,58,14,236951.25,3,1,0,82868.1,France,Femme,1
3219,415,51,9,62412.52,1,1,1,139553.63,France,Homme,0
3220,710,77,2,235384.06,1,0,1,44399.63,France,Homme,0
3221,690,63,7,238475.62,4,0,1,118735.72,Allemagne,Femme,1
3222,607,65,8,220535.58,4,1,1,62765.22,France,Homme,0
3223,824,50,8,140917.01,1,1,1,56212.21,France,Homme,0
3224,598,51,14,161734.86,3,0,1,180571.96,Espagne,Femme,0
3225,806,56,9,217404.25,2,1,1,52606.89,Espagne,Homme,0
3226,798,78,1,193974.27,3,0,1,84662.07,France,Femme,1
3227,680,27,3,157523.46,4,0,0,46375.54,France,Homme,0
3228,672,71,4,245564.85,4,1,1,67519.23,Allemagne,Homme,1
3229,529,37,14,171419.16,2,1,1,69224.74,Allemagne,Homme,0
3230,539,18,2,243870.5,3,1,1,75453.01,France,Femme,0
3231,756,30,12,14347.12,2,1,0,133597.38,Allemagne,Femme,1
3232,503,18,10,34740.09,3,1,1,152379.66,France,Femme,0
3233,545,22,0,112864.71,3,1,1,109473.9,Allemagne,Homme,0
3234,815,33,5,96219.87,1,0,1,127938.06,Allemagne,Femme,1
3235,660,32,13,195683.71,3,0,1,165454.72,Espagne,Homme,0
3236,611,66,14,40153.51,4,1,1,199918.72,France,Femme,1
3237,768,45,9,244023.79,4,1,1,99453.61,Espagne,Homme,0
3238,755,48,1,78766.47,4,1,1,188240.38,Espagne,Homme,0
3239,776,40,8,107230.93,1,1,0,105718.47,Espagne,Homme,0
3240,492,65,0,68686.26,2,1,1,159669.95,France,Homme,0
3241,691,62,10,144840.9,4,1,1,121046.26,France,Femme,1
3242,665,60,8,14657.18,4,0,1,178547.26,Espagne,Homme,1
3243,450,34,6,37419.38,2,1,1,98010.09,Espagne,Homme,0
3244,593,66,10,186449.43,1,1,0,143725.78,France,Homme,1
3245,839,51,12,46625.15,3,1,1,101268.32,France,Homme,0
3246,361,30,9,58878.61,2,0,0,173550.07,France,Homme,1
3247,588,31,1,198245.56,3,1,1,198958.21,France,Homme,0
3248,398,28,13,23325.29,3,1,1,60013.27,France,Femme,0
3249,391,45,5,109368.46,3,0,0,102752.71,France,Femme,1
3250,515,59,7,5765.85,2,0,1,30032.49,Allemagne,Homme,1
3251,431,49,14,86701.85,2,0,1,41084.16,France,Femme,1
3252,778,52,1,174745.35,3,1,1,186892.78,Espagne,Homme,0
3253,640,78,14,22525.82,1,1,1,115568.55,Allemagne,Femme,0
3254,507,76,4,222083.66,1,0,1,88096.46,France,Femme,0
3255,565,48,12,227374.76,1,1,0,139224.27,Espagne,Homme,1
3256,839,34,11,26247.59,4,1,0,118629.84,Allemagne,Femme,0
3257,507,64,10,247683.11,3,0,0,68412.78,France,Femme,1
3258,811,26,5,74382.39,4,1,1,56923.68,France,Femme,0
3259,483,27,2,21025.42,1,1,1,124194.35,France,Femme,0
3260,416,25,13,1266.78,2,1,0,49829.12,Allemagne,Femme,0
3261,685,38,11,102130.72,1,0,1,40746.84,Allemagne,Homme,1
3262,356,30,1,157452.5,4,0,1,73901.7,France,Homme,0
3263,785,76,14,83044.81,4,0,1,174348.1,France,Homme,0
3264,363,67,10,209179.34,1,1,0,21811.6,Allemagne,Femme,1
3265,422,22,5,179151.57,3,1,1,169154.26,France,Homme,0
3266,748,23,2,87540.38,2,0,1,129880.16,France,Femme,1
3267,754,47,1,183577.42,2,1,1,22468.96,Espagne,Homme,0
3268,512,48,14,235121.93,1,1,1,126377.2,Allemagne,Femme,0
3269,415,34,0,23274.0,3,1,1,93813.59,France,Femme,0
3270,696,28,13,76525.99,3,0,1,170608.61,Allemagne,Femme,1
3271,479,37,7,115831.48,1,1,1,182831.76,France,Femme,1
3272,768,65,0,124497.53,2,1,0,68001.23,Allemagne,Femme,0
3273,815,26,11,135548.91,2,1,1,160071.45,Allemagne,Femme,0
3274,555,19,14,75156.73,2,1,1,72313.52,Allemagne,Homme,0
3275,625,54,4,166814.91,3,0,0,69692.56,France,Femme,1
3276,815,18,10,161271.13,1,1,1,50638.09,France,Homme,0
3277,605,21,5,144455.38,3,1,1,140520.47,Allemagne,Femme,0
3278,615,53,10,28440.43,2,1,1,63411.81,Allemagne,Homme,0
3279,374,71,11,119241.97,3,0,1,100998.79,Allemagne,Femme,1
3280,799,75,11,89056.72,2,0,1,165243.7,France,Femme,0
3281,630,42,2,122759.62,1,1,0,161503.88,Allemagne,Homme,1
3282,602,20,13,230466.61,2,1,1,173256.88,Allemagne,Homme,0
3283,659,26,6,120132.84,4,1,0,44796.93,Allemagne,Femme,0
3284,638,39,1,3495.2,4,1,0,123575.16,Allemagne,Homme,1
3285,513,40,6,109709.18,1,1,1,184245.37,Espagne,Femme,1
3286,444,29,1,205162.05,3,1,1,22779.27,France,Homme,0
3287,619,27,4,195015.23,3,1,1,161987.45,France,Femme,0
3288,670,51,6,128347.52,3,1,1,60553.88,Allemagne,Homme,0
3289,459,60,10,62442.25,2,1,0,138885.92,France,Homme,1
3290,685,27,10,116272.17,4,1,1,147719.93,Espagne,Femme,0
3291,659,47,13,140925.55,1,1,1,186233.25,France,Homme,1
3292,587,39,2,249967.86,3,0,1,109127.89,France,Femme,0
3293,730,23,13,161044.52,3,1,1,171922.75,Espagne,Homme,1
3294,785,67,10,173566.23,1,0,0,23383.83,France,Homme,1
3295,736,19,3,122863.54,2,1,1,92800.41,France,Femme,0
3296,832,47,0,88622.39,3,1,1,96311.0,France,Femme,0
3297,774,19,2,203238.25,2,1,1,114581.52,Espagne,Femme,1
3298,739,49,8,123733.08,2,1,0,104047.99,France,Homme,1
3299,374,59,9,248672.53,2,1,1,194072.88,France,Homme,1
3300,490,33,4,114280.14,3,1,0,29529.82,Espagne,Femme,1
3301,466,29,14,17000.07,3,0,1,64028.08,France,Homme,1
3302,831,18,14,170644.53,1,1,1,194196.32,Allemagne,Femme,0
3303,741,70,7,11660.36,1,1,1,97380.97,France,Homme,1
3304,754,25,1,62625.4,2,1,1,120664.13,France,Homme,0
3305,831,65,2,88434.56,3,1,1,29989.73,Espagne,Femme,0
3306,801,67,6,184870.9,2,1,1,67549.41,France,Femme,0
3307,374,30,13,123558.98,1,1,1,22335.56,France,Femme,1
3308,428,32,9,7161.48,2,1,0,40438.4,Allemagne,Homme,1
3309,417,70,3,154212.46,4,1,1,132163.24,Allemagne,Homme,1
3310,522,61,8,102859.06,2,1,1,156270.16,Allemagne,Homme,0
3311,793,25,13,230458.63,3,0,1,175965.7,France,Femme,0
3312,361,27,6,124890.58,2,1,0,61520.91,Allemagne,Femme,1
3313,637,63,13,177243.79,2,0,0,76579.81,France,Homme,1
3314,477,22,10,54717.12,3,1,1,120338.7,Espagne,Homme,1
3315,445,67,11,190243.39,4,0,1,30481.88,Allemagne,Femme,1
3316,441,36,0,180238.83,3,1,1,164242.88,Allemagne,Homme,0
3317,490,64,3,226020.43,1,1,1,104409.03,France,Homme,0
3318,380,55,9,8455.41,4,1,1,193618.9,France,Femme,1
3319,683,76,10,111875.17,4,1,0,36703.46,Espagne,Homme,1
3320,369,28,5,169788.85,3,1,1,39658.72,Espagne,Homme,0
3321,495,70,5,23790.98,2,1,1,79486.8,France,Femme,0
3322,826,60,9,102651.02,1,1,1,53251.01,Allemagne,Femme,0
3323,665,37,5,235536.65,1,1,1,143869.18,France,Femme,0
3324,796,37,4,108983.62,4,1,0,190159.93,France,Femme,0
3325,739,38,2,246351.2,1,1,1,31632.33,Espagne,Homme,1
3326,509,35,1,14209.77,4,0,1,59813.72,Espagne,Femme,1
3327,698,74,2,179457.44,4,0,1,59011.16,France,Homme,0
3328,392,67,8,145254.06,1,0,1,109178.52,France,Femme,1
3329,603,27,2,125134.92,4,1,1,98624.71,France,Homme,0
3330,479,51,2,242711.85,2,1,1,149470.25,France,Femme,0
3331,409,43,0,32412.6,4,1,1,150536.78,France,Femme,1
3332,500,47,1,223999.74,2,1,1,120959.58,France,Homme,0
3333,816,26,10,172810.1,2,1,1,124339.12,France,Homme,0
3334,636,63,11,64749.02,2,1,0,170828.53,France,Homme,1
3335,848,68,2,225417.29,1,1,1,88433.24,Espagne,Homme,1
3336,354,48,1,107323.73,2,0,1,17283.45,France,Femme,1
3337,816,59,7,203556.83,1,1,1,54410.6,France,Femme,1
3338,767,72,5,97209.13,3,1,1,21541.99,Allemagne,Femme,0
3339,615,21,6,212732.71,2,0,1,87796.8,Espagne,Homme,0
3340,694,78,0,159157.28,4,0,0,81199.59,France,Homme,0
3341,479,78,5,35261.66,3,1,1,33246.54,Allemagne,Femme,1
3342,731,23,1,162415.79,3,1,1,154679.73,Espagne,Femme,0
3343,616,31,12,47836.19,2,1,1,117316.24,France,Homme,0
3344,527,21,14,102980.66,1,1,1,56754.82,Allemagne,Homme,1
3345,602,43,5,42573.9,3,1,1,155438.32,France,Homme,0
3346,764,64,2,5504.03,2,0,1,138567.27,Espagne,Homme,0
3347,405,65,6,52971.63,3,0,1,50445.1,Allemagne,Femme,1
3348,812,56,2,134093.01,3,1,1,196834.34,Espagne,Homme,1
3349,806,34,8,120390.24,2,1,1,47823.82,Allemagne,Femme,0
3350,820,36,2,125374.27,4,1,1,157764.55,Allemagne,Homme,0
3351,432,78,6,61921.72,4,0,1,194133.0,France,Homme,0
3352,742,68,11,171290.3,4,0,1,149217.9,Espagne,Homme,0
3353,448,66,3,176065.82,3,0,1,138168.76,Allemagne,Homme,0
3354,498,23,7,89491.96,1,1,1,182114.47,France,Femme,1
3355,678,46,13,220292.52,1,1,0,64789.46,France,Femme,0
3356,505,28,1,161005.8,3,0,1,66273.81,Allemagne,Homme,1
3357,539,33,7,178259.82,3,0,0,133614.67,France,Homme,0
3358,843,47,8,69334.98,2,0,1,178195.49,Allemagne,Femme,0
3359,720,42,12,152.91,1,1,1,129214.22,France,Homme,1
3360,612,57,7,216343.9,3,1,1,195754.02,Allemagne,Femme,1
3361,429,28,5,205606.1,4,0,1,56236.93,France,Femme,1
3362,749,24,9,30797.97,1,1,1,167787.73,France,Homme,1
3363,601,43,0,93526.28,3,1,0,186543.77,France,Homme,1
3364,446,73,6,165334.83,2,1,1,93995.44,Allemagne,Femme,0
3365,609,39,0,163027.71,2,1,1,192966.77,France,Femme,0
3366,609,42,6,215087.58,1,1,1,52397.31,France,Homme,0
3367,452,36,13,35067.04,4,1,1,191274.28,France,Homme,1
3368,389,48,1,107484.94,1,0,0,182019.49,Espagne,Femme,1
3369,622,43,7,24306.1,3,1,1,27236.99,Allemagne,Homme,0
3370,450,59,1,97398.81,4,1,1,111446.35,France,Femme,0
3371,708,58,2,3776.86,3,1,1,112835.22,Espagne,Homme,1
3372,729,53,12,224568.27,4,1,1,25540.08,Allemagne,Femme,0
3373,657,40,11,131761.0,4,1,1,22313.26,Espagne,Homme,0
3374,570,64,2,212450.57,3,1,1,15942.9,Allemagne,Homme,0
3375,657,30,0,14976.18,1,1,1,112034.14,France,Homme,1
3376,769,42,4,56864.53,2,1,1,100805.89,Allemagne,Femme,0
3377,473,19,4,64845.0,4,1,0,188985.14,France,Homme,1
3378,771,19,9,96672.87,4,1,1,78326.67,France,Femme,1
3379,580,33,4,200716.59,2,1,1,136772.07,Allemagne,Femme,1
3380,527,26,13,96639.47,1,1,1,16399.23,France,Femme,1
3381,412,45,12,51163.38,2,1,1,137754.61,France,Femme,1
3382,834,30,8,16247.57,1,1,1,183990.1,France,Homme,1
3383,465,52,5,19872.94,4,1,1,80632.07,Espagne,Femme,0
3384,540,58,5,190011.8,4,1,0,73100.56,France,Femme,0
3385,411,30,2,111200.75,3,1,1,130815.53,France,Homme,0
3386,605,48,4,181545.28,1,1,1,75782.13,Espagne,Femme,1
3387,832,38,9,170571.78,2,0,1,89447.4,France,Femme,1
3388,356,49,6,33840.62,1,1,1,65526.56,Espagne,Femme,1
3389,504,71,2,35721.98,1,0,1,78804.5,France,Homme,0
3390,441,51,1,188835.5,1,0,1,140690.96,Allemagne,Homme,0
3391,819,25,4,180317.07,1,1,1,185639.41,France,Homme,1
3392,363,76,2,94507.69,2,1,1,122876.36,France,Homme,1
3393,804,58,4,19355.57,3,0,0,16856.19,Espagne,Femme,0
3394,578,65,8,3024.51,4,1,0,63820.12,Espagne,Homme,0
3395,435,19,10,72039.24,2,1,1,191164.13,Allemagne,Femme,0
3396,482,55,9,2305.57,2,1,0,183409.53,Allemagne,Homme,1
3397,532,49,0,57518.16,4,1,1,36394.74,France,Homme,0
3398,735,71,3,104875.19,3,1,1,183057.16,Allemagne,Homme,1
3399,411,57,9,30353.94,2,1,0,193437.87,France,Femme,1
3400,568,75,14,26069.44,4,1,1,75045.8,France,Femme,1
3401,754,45,4,224109.36,3,0,1,144686.26,Allemagne,Homme,0
3402,595,54,1,146367.51,3,1,1,118596.75,France,Femme,0
3403,579,58,11,233613.92,1,0,1,77354.19,Allemagne,Femme,1
3404,428,18,1,86456.54,2,1,1,43367.12,France,Homme,0
3405,498,58,0,169286.23,3,0,1,82880.24,Allemagne,Femme,0
3406,487,27,13,51172.92,2,0,1,186642.37,France,Homme,1
3407,820,72,7,154585.08,4,1,1,165080.95,Allemagne,Femme,0
3408,663,21,1,32396.43,2,1,1,76174.79,France,Femme,1
3409,725,52,2,520.16,3,1,1,116319.94,France,Homme,1
3410,772,79,14,232882.95,4,0,1,90102.91,France,Femme,1
3411,738,27,11,138723.59,4,1,1,101254.0,France,Femme,1
3412,414,64,1,231735.17,1,0,0,155823.98,France,Homme,1
3413,362,28,3,83457.88,4,0,1,115456.15,France,Femme,0
3414,562,31,13,81946.52,3,0,0,48493.23,France,Femme,1
3415,823,55,0,100163.75,1,1,1,64771.59,France,Homme,0
3416,591,29,2,176510.25,3,0,1,120041.86,Espagne,Homme,0
3417,842,62,4,141452.16,3,1,1,143171.62,France,Femme,0
3418,562,34,9,231338.73,1,1,1,109002.28,Allemagne,Homme,1
3419,530,33,0,6360.23,1,0,0,129738.95,Allemagne,Homme,1
3420,687,52,3,177048.98,2,1,1,161034.74,Allemagne,Femme,0
3421,834,19,5,82581.92,3,1,1,115897.5,France,Femme,0
3422,522,28,14,45058.41,2,1,1,195780.42,France,Femme,0
3423,509,78,3,127598.91,4,1,1,58580.2,Allemagne,Homme,1
3424,513,58,6,126265.95,4,1,1,185142.33,France,Homme,0
3425,814,20,13,34252.76,2,1,1,60817.06,France,Homme,1
3426,832,46,6,50474.01,1,1,1,113354.25,Allemagne,Femme,0
3427,846,35,5,102041.17,4,1,0,99342.75,France,Homme,0
3428,537,37,8,102202.85,1,0,1,83983.4,Espagne,Homme,0
3429,744,64,1,79389.53,2,1,0,193105.91,Allemagne,Femme,0
3430,540,31,12,37136.29,1,1,1,65375.79,France,Femme,0
3431,754,51,9,1093.42,3,1,1,139850.78,Espagne,Femme,1
3432,657,66,7,242558.77,4,1,0,163752.69,Allemagne,Homme,0
3433,605,71,7,235874.81,1,1,1,51446.27,Allemagne,Homme,0
3434,532,48,10,120912.59,1,1,1,195033.29,Espagne,Homme,1
3435,466,75,9,248762.94,3,1,1,116128.49,France,Femme,0
3436,631,57,13,168413.58,1,1,1,184180.77,Allemagne,Homme,1
3437,545,59,13,17214.38,2,0,1,137818.0,Allemagne,Femme,1
3438,383,75,10,29429.55,2,1,0,135143.97,France,Homme,1
3439,401,35,3,229027.71,2,1,1,78933.43,Allemagne,Femme,0
3440,461,47,5,157513.05,4,0,1,157559.18,France,Homme,1
3441,601,42,10,210795.91,1,1,0,20510.47,Allemagne,Homme,0
3442,431,78,5,224567.41,4,1,1,117826.79,France,Homme,0
3443,581,36,4,111985.5,4,0,1,20945.73,France,Homme,1
3444,576,25,13,12131.49,1,1,1,71771.3,Allemagne,Femme,0
3445,582,45,0,47070.09,1,1,0,32814.72,France,Femme,0
3446,570,25,2,16642.99,2,1,0,183644.34,France,Homme,0
3447,785,48,6,47184.96,4,1,0,131228.17,Espagne,Femme,1
3448,762,20,7,102633.23,4,0,1,138674.46,France,Homme,1
3449,771,20,1,29549.2,1,1,1,172458.76,Allemagne,Homme,1
3450,391,61,2,41683.31,4,1,1,150611.01,Allemagne,Homme,1
3451,370,39,3,111455.45,3,1,1,37976.18,France,Femme,1
3452,391,34,13,85042.74,1,1,1,129244.59,Allemagne,Homme,0
3453,746,53,10,116914.53,2,1,1,195961.59,Allemagne,Homme,0
3454,462,34,4,107293.01,3,1,1,54611.44,France,Femme,0
3455,454,31,2,161119.51,3,0,1,129647.08,France,Homme,1
3456,541,68,4,234297.39,2,1,1,119268.65,France,Homme,0
3457,366,26,7,26966.08,3,0,1,87454.52,Espagne,Femme,0
3458,469,79,7,24815.04,3,1,1,191607.55,France,Homme,0
3459,742,47,13,213201.53,3,1,0,80934.07,France,Homme,0
3460,774,38,1,126599.18,4,1,1,32330.88,France,Femme,1
3461,478,29,5,191601.26,3,1,1,193070.45,Espagne,Femme,0
3462,479,54,3,53855.48,3,1,1,149905.74,Allemagne,Homme,0
3463,409,49,8,207215.64,1,1,1,78353.23,Espagne,Homme,1
3464,397,28,9,230961.66,2,1,1,66894.65,Espagne,Femme,0
3465,378,37,1,158870.75,4,1,1,186684.93,Espagne,Homme,1
3466,446,52,7,26469.76,4,1,1,65606.75,France,Homme,1
3467,359,70,0,223823.7,2,1,1,114374.17,France,Homme,0
3468,591,64,10,198121.93,4,0,1,54766.69,Espagne,Homme,0
3469,663,63,5,187719.44,4,1,1,199114.7,France,Femme,0
3470,793,28,10,9182.05,4,1,1,157359.09,France,Homme,0
3471,581,69,10,199740.63,1,0,1,120012.46,France,Homme,0
3472,626,25,13,34487.75,1,1,1,152977.89,Allemagne,Femme,0
3473,633,21,11,55596.54,4,1,1,184528.07,France,Homme,0
3474,552,44,9,144283.71,2,1,0,193177.98,Allemagne,Femme,0
3475,596,61,12,66245.19,2,0,1,160413.49,Espagne,Homme,0
3476,639,57,0,165337.05,1,1,1,172077.2,France,Femme,1
3477,613,55,1,152017.61,1,1,1,88591.88,France,Femme,0
3478,792,64,2,27037.4,3,1,1,87487.25,France,Homme,0
3479,563,47,8,164003.64,1,1,1,164534.88,France,Homme,0
3480,549,61,4,230988.73,4,1,1,155530.65,Allemagne,Femme,1
3481,782,65,9,40277.48,1,1,1,181681.62,France,Homme,0
3482,428,65,9,149265.51,3,1,1,39606.79,Espagne,Homme,1
3483,750,44,11,85466.34,3,1,0,142800.43,France,Femme,0
3484,793,38,1,114902.92,2,0,1,134814.92,Allemagne,Femme,1
3485,692,69,9,71750.04,2,1,1,162726.17,Allemagne,Homme,0
3486,693,37,4,88532.66,4,1,1,19542.19,Allemagne,Femme,0
3487,522,77,4,7227.96,1,1,1,167856.7,France,Homme,0
3488,816,21,0,245387.93,3,0,1,75388.93,France,Homme,0
3489,418,28,2,156199.98,3,1,1,142117.59,France,Homme,1
3490,765,30,4,125176.4,2,1,1,129063.52,France,Femme,0
3491,777,78,8,95928.84,2,1,1,96436.69,France,Homme,1
3492,798,26,9,134843.64,1,1,1,153015.09,France,Femme,1
3493,436,21,0,95026.5,3,0,1,192825.5,France,Homme,0
3494,450,29,7,89976.98,2,1,0,74842.87,Espagne,Femme,1
3495,357,26,0,115986.64,1,1,1,153460.64,Espagne,Femme,0
3496,682,30,8,68995.76,1,1,1,73189.35,Allemagne,Femme,0
3497,549,65,5,45012.47,1,0,1,171445.83,France,Homme,1
3498,436,43,0,139151.47,2,0,1,95895.54,Allemagne,Femme,0
3499,392,55,7,210691.36,2,1,1,98114.16,France,Homme,1
3500,734,59,4,38207.04,2,0,1,157797.91,Allemagne,Homme,1
3501,458,30,6,8183.59,4,1,1,106791.39,France,Femme,1
3502,784,56,6,61702.94,4,1,1,64329.25,France,Homme,0
3503,757,45,14,244930.16,4,1,0,199174.33,France,Homme,0
3504,832,75,6,207189.52,2,1,1,129741.7,France,Homme,0
3505,501,36,5,148966.51,2,1,1,134352.67,Allemagne,Homme,0
3506,366,41,10,232312.23,4,1,1,134617.65,France,Femme,0
3507,482,36,7,111319.78,3,0,1,178421.43,France,Femme,1
3508,497,66,8,245820.15,3,1,1,49016.32,France,Homme,0
3509,626,30,11,74075.51,3,1,1,25943.03,Allemagne,Femme,0
3510,581,30,14,60076.44,3,1,1,86539.59,France,Femme,0
3511,663,75,1,159512.05,4,1,1,119507.46,Espagne,Femme,0
3512,764,45,6,94538.49,1,0,1,67856.28,Allemagne,Homme,0
3513,715,70,14,156591.39,1,1,1,142503.3,Allemagne,Femme,1
3514,577,19,1,76248.88,3,1,1,28674.46,France,Femme,0
3515,488,27,5,154479.56,2,1,1,161281.25,France,Homme,0
3516,785,79,1,68936.57,3,1,1,147845.91,Allemagne,Femme,1
3517,748,39,9,12743.02,3,0,1,54579.79,France,Femme,1
3518,560,30,5,228033.98,1,0,1,70214.03,Espagne,Femme,0
3519,740,75,1,220801.3,2,0,1,164295.38,Allemagne,Femme,0
3520,848,26,0,242699.54,1,0,1,158067.5,France,Homme,0
3521,377,50,6,179131.79,2,0,1,165546.74,Espagne,Femme,1
3522,400,31,2,170680.29,4,1,0,74614.93,France,Femme,0
3523,840,78,13,139750.77,1,1,0,194370.67,France,Homme,1
3524,791,65,11,31485.6,4,1,1,147337.57,France,Femme,0
3525,610,37,13,47308.83,4,0,1,27062.15,France,Femme,0
3526,610,32,12,72367.42,3,1,1,103380.95,Allemagne,Femme,0
3527,699,49,3,222539.09,2,1,1,137941.2,France,Homme,0
3528,701,50,12,43242.38,1,1,1,46200.29,Allemagne,Femme,1
3529,357,34,5,230718.29,3,1,1,181827.25,France,Femme,0
3530,669,41,4,130696.43,1,1,1,154510.11,Espagne,Femme,1
3531,487,47,3,178892.41,4,0,1,30064.88,Espagne,Femme,0
3532,387,79,8,27561.12,1,1,1,183941.65,Allemagne,Femme,0
3533,460,30,5,67258.39,1,0,1,89808.39,Allemagne,Femme,1
3534,829,79,5,239629.65,3,1,1,98706.85,France,Homme,0
3535,717,76,1,66537.49,2,1,1,159875.01,France,Homme,0
3536,569,64,5,74130.43,1,1,1,134139.57,France,Femme,1
3537,686,65,6,49399.35,4,1,1,95942.81,France,Homme,1
3538,572,33,7,32268.42,4,0,1,63030.56,Allemagne,Femme,1
3539,485,19,14,58314.41,3,1,1,110625.71,France,Femme,0
3540,605,34,13,160581.72,4,1,1,122148.25,Allemagne,Homme,1
3541,709,49,7,113841.93,1,1,1,131722.48,Allemagne,Homme,0
3542,758,60,8,138438.96,2,1,1,126936.7,France,Femme,0
3543,678,25,9,30591.21,1,1,1,129201.15,Allemagne,Femme,0
3544,799,69,10,200529.11,3,0,0,103011.46,France,Homme,1
3545,812,20,12,196023.68,4,0,1,118949.25,France,Femme,0
3546,783,78,11,5397.48,1,0,1,68398.06,France,Femme,1
3547,800,29,2,95878.77,1,1,0,44299.36,France,Homme,1
3548,398,37,9,17192.65,4,1,1,127283.1,France,Femme,1
3549,641,33,14,198026.44,2,1,1,23694.76,Allemagne,Homme,1
3550,731,31,6,184317.42,2,0,1,27063.29,Espagne,Femme,1
3551,673,33,6,225497.02,2,1,1,60753.46,Espagne,Femme,1
3552,427,76,0,59100.99,4,0,1,50950.5,France,Homme,1
3553,454,70,7,114073.97,1,1,0,84210.93,Espagne,Femme,1
3554,518,66,14,46121.97,3,0,1,83688.43,Espagne,Femme,0
3555,566,79,3,92808.73,1,1,1,36618.26,France,Homme,1
3556,727,60,4,130560.81,4,1,1,60603.06,Espagne,Homme,1
3557,468,66,13,13332.7,4,0,1,15845.3,Espagne,Femme,1
3558,539,68,5,178717.6,1,0,0,79928.3,Allemagne,Homme,1
3559,604,71,2,135823.34,4,1,1,162340.51,France,Homme,0
3560,719,50,4,207239.75,1,0,1,64239.6,Allemagne,Homme,1
3561,615,47,9,67945.13,1,1,0,134019.41,France,Homme,1
3562,498,76,4,225830.28,2,1,1,33177.21,Espagne,Homme,1
3563,513,29,0,249673.56,4,1,0,17272.66,France,Femme,1
3564,489,32,2,229824.61,4,1,0,107203.36,Espagne,Femme,1
3565,696,35,2,194473.12,2,1,0,100374.55,France,Homme,0
3566,837,45,0,203092.2,2,1,1,50431.05,France,Femme,0
3567,607,79,12,143436.06,2,1,1,68018.22,Espagne,Femme,0
3568,723,40,6,47538.47,3,0,0,20674.21,Espagne,Femme,0
3569,618,31,0,169260.17,4,1,1,162592.98,France,Femme,1
3570,530,47,6,178188.25,1,1,1,70737.3,Espagne,Homme,1
3571,509,50,3,246346.29,1,1,1,55599.44,Espagne,Homme,0
3572,700,62,8,135325.33,1,0,0,163861.67,Espagne,Femme,1
3573,749,79,6,67842.25,4,0,1,22265.63,Allemagne,Femme,0
3574,637,32,4,170918.13,3,0,1,67637.28,Espagne,Femme,0
3575,637,24,6,244843.95,4,1,1,63609.21,Espagne,Femme,0
3576,729,32,8,44303.48,4,1,0,63649.93,Espagne,Femme,0
3577,575,69,9,81499.48,4,1,1,17126.72,France,Homme,0
3578,360,59,5,135470.24,4,0,1,187914.27,Allemagne,Homme,1
3579,359,63,0,42553.66,4,0,1,174866.86,Espagne,Homme,1
3580,620,55,5,5555.16,3,0,1,91681.22,Allemagne,Femme,0
3581,622,63,0,84245.78,2,1,1,97405.46,Espagne,Femme,0
3582,773,73,12,216342.7,1,1,0,111968.54,Espagne,Homme,0
3583,751,74,11,10867.1,4,1,1,103488.44,Espagne,Homme,0
3584,532,71,3,107232.26,4,1,1,159139.73,France,Femme,0
3585,806,61,13,190550.19,4,0,1,105357.69,France,Homme,0
3586,502,28,7,238295.65,1,1,0,49932.56,France,Femme,0
3587,837,46,4,246368.85,3,1,1,36639.8,Allemagne,Femme,1
3588,664,48,14,105492.35,1,0,1,184880.22,France,Homme,1
3589,683,79,4,237596.07,3,0,1,23950.79,France,Homme,0
3590,473,42,12,8854.74,2,1,1,181048.7,France,Femme,0
3591,822,69,9,186479.23,4,0,1,142738.65,Espagne,Femme,0
3592,463,71,10,160686.51,3,1,0,89870.37,France,Homme,1
3593,627,41,7,62380.46,1,1,1,49628.01,France,Homme,0
3594,849,74,7,126829.63,3,1,1,72439.21,Allemagne,Homme,0
3595,763,36,0,32388.43,3,1,1,113026.63,France,Femme,0
3596,817,19,12,217899.29,2,0,1,136517.42,France,Homme,0
3597,562,39,12,89474.52,4,0,1,142922.4,France,Femme,0
3598,521,37,4,156511.12,4,1,1,97749.34,Allemagne,Femme,0
3599,637,50,11,39694.07,1,1,0,84185.21,France,Homme,1
3600,784,25,4,51541.21,1,1,1,157138.74,Espagne,Homme,0
3601,523,42,7,247989.09,2,1,1,186201.49,France,Homme,0
3602,462,63,0,188271.6,3,1,1,184176.03,Espagne,Homme,0
3603,725,26,6,240492.97,3,0,0,117049.84,Allemagne,Homme,1
3604,754,51,6,73962.79,1,1,1,29618.76,Espagne,Homme,0
3605,832,74,12,41140.72,4,1,1,28558.62,France,Femme,1
3606,471,40,8,125767.12,3,1,1,89509.8,Allemagne,Homme,1
3607,381,22,1,123667.07,2,1,1,150577.9,Espagne,Homme,1
3608,571,72,14,43736.63,1,0,1,107008.65,Allemagne,Femme,1
3609,468,78,2,183304.89,3,0,1,131062.03,Allemagne,Femme,0
3610,388,42,3,90444.38,4,1,1,171014.03,France,Femme,0
3611,846,25,0,46591.31,4,1,0,22462.08,France,Homme,0
3612,617,33,14,82995.85,2,1,1,185906.07,France,Homme,0
3613,582,71,6,140914.67,2,1,1,76216.02,Espagne,Femme,1
3614,780,65,13,181617.73,1,1,1,23655.66,Allemagne,Homme,1
3615,367,62,9,120472.72,1,0,1,169554.28,France,Femme,0
3616,498,69,2,131398.75,4,1,1,187818.49,France,Femme,1
3617,746,78,2,34736.48,4,0,0,157195.07,Allemagne,Homme,0
3618,498,32,2,228672.73,3,1,1,163835.36,France,Homme,0
3619,475,18,7,232181.05,3,1,0,176192.05,Allemagne,Femme,1
3620,741,39,8,170856.65,3,0,0,111637.25,France,Femme,0
3621,651,20,9,4407.85,2,1,1,140885.63,France,Homme,0
3622,709,55,12,134268.55,2,1,1,67993.54,Allemagne,Femme,1
3623,587,71,13,157304.74,3,0,1,61194.6,France,Femme,0
3624,484,31,1,248663.56,4,1,1,127654.39,France,Femme,0
3625,500,53,9,249016.74,1,0,0,150902.44,Espagne,Femme,0
3626,585,35,14,214402.81,2,1,1,88471.0,France,Homme,1
3627,573,64,9,15957.75,2,0,0,89053.85,Allemagne,Femme,1
3628,552,58,0,238319.1,3,1,0,191533.21,Espagne,Femme,0
3629,605,35,13,153165.31,1,1,1,110915.17,France,Homme,1
3630,435,20,8,200221.69,2,1,1,197462.59,France,Femme,1
3631,499,27,5,101798.21,1,1,1,174625.89,Espagne,Homme,0
3632,584,66,13,79917.37,2,0,0,133336.67,Allemagne,Homme,0
3633,694,56,14,115811.04,1,0,1,16690.08,Espagne,Femme,0
3634,371,64,8,36718.63,1,1,1,69746.15,France,Homme,0
3635,697,18,5,89266.53,2,1,1,92264.1,Espagne,Femme,0
3636,634,44,1,214404.37,1,1,1,135770.76,France,Homme,0
3637,618,74,0,9487.62,4,1,1,88171.77,Espagne,Femme,1
3638,815,44,13,37719.51,2,1,1,168147.42,Espagne,Homme,0
3639,607,28,7,31279.04,2,1,1,137637.48,Allemagne,Femme,0
3640,378,66,2,100768.89,4,0,1,79224.62,Allemagne,Femme,0
3641,562,22,0,249246.73,1,0,1,160120.3,France,Femme,0
3642,812,24,14,43339.48,4,1,1,71071.71,France,Femme,0
3643,785,36,7,36370.66,2,1,1,26615.52,France,Homme,1
3644,632,74,11,228763.93,4,0,0,46922.91,Allemagne,Femme,1
3645,399,73,0,220512.63,1,0,1,15506.99,Espagne,Homme,1
3646,444,46,7,8060.09,4,1,1,168984.8,Espagne,Femme,1
3647,812,32,0,187926.49,2,0,1,131015.07,France,Homme,0
3648,848,52,8,163866.43,1,1,1,120555.32,Allemagne,Homme,1
3649,756,64,13,191935.2,2,0,1,137478.93,France,Femme,0
3650,437,54,8,123625.61,2,0,1,135915.69,France,Homme,1
3651,393,72,11,247844.8,3,1,1,119617.49,France,Homme,0
3652,810,29,12,10961.75,2,1,1,170845.86,Espagne,Femme,0
3653,627,47,8,58592.9,2,1,1,96575.2,France,Homme,0
3654,520,37,2,99136.5,1,1,0,163889.75,France,Homme,1
3655,770,54,3,112444.49,1,0,1,160527.23,France,Femme,0
3656,538,20,4,230341.85,1,1,1,51908.39,Allemagne,Femme,1
3657,702,26,5,140001.09,4,0,1,98946.23,France,Femme,0
3658,533,75,8,11277.75,4,1,0,169462.46,Espagne,Homme,1
3659,352,58,12,101965.74,1,1,1,168708.21,France,Femme,1
3660,540,56,10,104122.6,4,0,1,19441.21,France,Femme,0
3661,467,43,11,241372.73,3,0,1,56264.27,Allemagne,Homme,1
3662,368,19,3,149799.27,4,1,0,93416.76,France,Homme,1
3663,372,40,13,158912.77,3,1,1,23723.56,Allemagne,Homme,0
3664,762,40,13,178313.26,1,1,1,63215.56,Allemagne,Homme,1
3665,379,76,5,192509.83,1,0,1,62785.47,Allemagne,Femme,1
3666,644,38,12,158762.77,4,1,1,54695.15,Espagne,Homme,0
3667,457,33,0,59298.59,1,0,1,88381.91,Espagne,Homme,0
3668,716,26,1,218511.48,1,0,1,165406.99,Allemagne,Homme,0
3669,630,30,7,183029.95,2,1,0,60161.02,Espagne,Homme,0
3670,477,45,3,185467.62,1,1,1,122682.45,France,Homme,0
3671,578,44,9,249139.18,2,1,1,118151.94,Espagne,Femme,0
3672,460,68,6,200631.63,1,1,1,166315.96,France,Homme,0
3673,485,69,3,207287.85,3,1,1,87889.89,France,Femme,0
3674,711,34,13,237851.38,3,1,1,56360.19,Espagne,Femme,0
3675,535,55,8,37783.5,1,1,0,179931.32,France,Femme,1
3676,493,53,8,124431.84,3,1,1,169095.21,France,Homme,0
3677,421,18,3,145141.76,3,1,1,129978.18,France,Homme,0
3678,478,35,12,82318.93,3,1,1,32249.28,France,Homme,0
3679,713,68,14,209850.84,4,1,1,17981.8,France,Femme,0
3680,610,26,7,190604.91,3,1,1,48785.55,France,Homme,0
3681,352,30,5,180220.77,2,0,0,51378.13,Allemagne,Homme,1
3682,798,57,0,249287.36,4,0,0,40205.77,Allemagne,Homme,1
3683,737,72,14,64845.34,2,1,1,63503.55,Allemagne,Homme,0
3684,453,62,6,183864.31,2,1,1,77509.38,France,Homme,0
3685,832,32,0,137851.12,2,1,1,154571.1,Espagne,Homme,0
3686,573,60,2,78247.3,4,0,1,146261.6,France,Homme,1
3687,669,61,7,40146.72,1,1,0,34310.17,France,Femme,1
3688,711,63,14,223970.96,3,0,1,195764.79,Espagne,Homme,0
3689,703,21,8,148863.87,3,1,1,154145.76,Allemagne,Femme,0
3690,840,50,2,206233.46,1,0,1,45235.15,Espagne,Homme,0
3691,822,41,0,136336.25,1,1,1,38031.87,France,Femme,0
3692,359,53,0,54994.27,2,0,1,31196.17,Allemagne,Homme,0
3693,754,68,6,84387.2,4,1,1,150380.9,France,Femme,0
3694,733,58,4,95384.71,2,1,0,58713.01,Espagne,Homme,1
3695,651,27,12,243233.7,3,1,0,28499.08,France,Femme,0
3696,580,53,13,1408.32,1,0,0,93038.11,France,Homme,1
3697,568,37,0,246416.51,3,0,1,146109.21,France,Femme,1
3698,760,79,5,245115.41,1,1,1,71342.94,Allemagne,Homme,1
3699,415,58,13,249037.7,4,1,1,104289.43,France,Homme,0
3700,774,62,5,119147.04,2,1,1,50644.87,Espagne,Homme,0
3701,461,61,13,240952.24,3,0,1,94392.48,Espagne,Femme,0
3702,362,28,3,98899.8,4,1,1,81404.31,Espagne,Homme,1
3703,742,29,6,6573.61,3,1,0,95274.91,Espagne,Femme,0
3704,849,79,6,56086.8,1,1,1,101156.65,Espagne,Femme,0
3705,769,35,11,236324.06,3,1,1,32075.29,Espagne,Homme,0
3706,435,47,8,3441.17,4,1,0,32273.15,Espagne,Homme,1
3707,583,61,11,136498.53,4,1,1,63212.96,Espagne,Femme,0
3708,439,65,0,18900.4,2,1,0,36415.3,France,Homme,1
3709,663,54,4,71599.14,3,1,1,61765.1,France,Femme,0
3710,403,37,14,22023.21,1,1,0,19540.64,Allemagne,Femme,1
3711,361,42,9,214882.16,3,0,1,79886.79,France,Homme,0
3712,558,29,2,147767.68,2,1,1,54480.89,France,Homme,0
3713,811,38,6,225526.62,1,1,0,180047.07,Allemagne,Femme,1
3714,363,42,3,172088.3,1,1,1,173759.16,Allemagne,Femme,1
3715,470,28,3,242757.28,2,1,0,70577.49,Allemagne,Homme,0
3716,767,26,12,127469.41,1,0,0,102964.75,Espagne,Homme,0
3717,786,79,11,159677.65,4,1,1,191821.54,Allemagne,Femme,0
3718,726,67,0,144077.2,4,1,1,111957.83,France,Femme,1
3719,369,79,0,121065.11,1,1,1,171960.16,France,Homme,1
3720,424,42,9,211489.84,3,0,1,167879.33,France,Homme,0
3721,749,52,1,161131.28,1,1,0,189138.46,France,Femme,1
3722,592,69,14,200328.07,3,1,1,71554.62,France,Femme,0
3723,572,49,1,196590.98,2,1,1,23037.45,France,Homme,0
3724,419,66,0,47761.29,4,1,0,34231.44,Espagne,Homme,1
3725,661,31,7,162540.88,4,0,1,120690.04,Allemagne,Femme,1
3726,560,18,5,49912.0,2,0,1,113101.42,Allemagne,Homme,1
3727,450,34,5,145830.12,2,1,0,70213.81,Espagne,Femme,0
3728,535,42,9,169358.67,4,1,0,61011.96,France,Femme,0
3729,481,76,9,249308.77,2,0,1,146235.56,Allemagne,Femme,1
3730,460,25,8,7635.49,1,1,1,77993.03,France,Homme,1
3731,730,22,4,22810.6,1,1,0,126731.08,Espagne,Femme,1
3732,481,22,14,19256.67,3,1,1,146774.31,France,Femme,0
3733,369,58,3,99590.32,3,0,1,94636.09,France,Homme,0
3734,743,52,14,205397.09,3,1,1,50780.16,France,Homme,1
3735,373,36,10,211014.08,1,1,0,174244.33,Espagne,Homme,1
3736,576,40,5,184244.9,4,1,1,32303.23,France,Homme,1
3737,503,26,7,224219.56,3,1,1,168452.08,Espagne,Femme,1
3738,642,71,13,80714.99,1,1,1,169785.72,France,Homme,1
3739,579,47,0,22038.66,4,1,1,120634.86,France,Femme,0
3740,818,67,6,14538.26,2,0,1,131453.07,France,Femme,1
3741,659,33,7,213033.18,1,1,1,81233.16,France,Femme,1
3742,837,50,8,182609.07,2,0,1,170693.08,Allemagne,Homme,0
3743,708,19,10,174653.83,3,1,0,63785.18,Allemagne,Homme,0
3744,754,31,7,84919.08,4,1,1,118558.57,France,Homme,0
3745,551,63,6,94976.3,1,1,1,15332.04,France,Homme,0
3746,387,18,2,239528.38,3,0,1,188870.97,France,Femme,1
3747,779,43,1,15951.19,3,0,1,190434.86,France,Femme,1
3748,609,75,14,193432.93,4,1,1,146427.09,France,Homme,0
3749,537,42,2,77408.33,2,1,1,93299.37,Allemagne,Homme,1
3750,406,33,3,9763.65,3,0,1,48043.05,France,Homme,0
3751,778,32,3,185642.53,4,1,1,106105.63,Allemagne,Homme,0
3752,369,43,5,82727.97,4,0,1,161410.94,Allemagne,Homme,1
3753,622,64,11,180536.88,1,0,0,126975.62,France,Homme,1
3754,468,61,6,176913.6,3,0,1,112586.87,France,Homme,0
3755,420,33,11,133696.72,2,1,1,172147.18,Espagne,Femme,0
3756,353,31,3,194343.28,2,0,0,72929.78,France,Homme,0
3757,570,46,9,145259.58,3,0,0,174093.33,Espagne,Femme,0
3758,363,41,5,71659.21,2,0,1,96298.88,Allemagne,Homme,1
3759,352,64,8,183528.83,4,1,1,15446.56,Allemagne,Femme,0
3760,565,72,13,147284.95,4,1,1,150409.27,Allemagne,Femme,0
3761,578,32,5,3181.82,3,0,1,177401.03,France,Homme,0
3762,685,36,13,225411.04,2,1,1,104606.76,France,Homme,0
3763,535,25,2,136410.9,4,0,1,99128.36,Espagne,Femme,0
3764,404,51,0,217156.82,3,1,1,164007.96,Allemagne,Homme,0
3765,849,19,10,220684.21,4,0,0,178683.33,Allemagne,Femme,1
3766,737,44,9,111241.66,3,0,1,195267.72,France,Femme,0
3767,725,27,9,126915.0,1,0,1,78945.3,France,Femme,1
3768,603,52,12,103938.6,1,0,1,125017.42,Espagne,Homme,0
3769,373,40,4,112359.19,3,1,0,167239.89,France,Femme,1
3770,511,66,9,223786.79,1,1,1,113392.61,Espagne,Femme,0
3771,507,25,9,197036.0,1,1,0,100442.87,France,Homme,1
3772,431,45,2,31631.42,2,0,1,120807.44,Allemagne,Femme,0
3773,752,40,7,152576.95,1,1,1,81020.39,France,Homme,0
3774,508,21,9,248976.66,2,0,1,50534.08,Allemagne,Homme,1
3775,537,31,14,148887.68,1,1,1,27326.76,France,Femme,0
3776,409,70,0,196467.91,1,1,1,127846.44,Allemagne,Femme,1
3777,752,59,10,192265.37,4,1,0,85139.86,Espagne,Femme,1
3778,654,46,1,87579.38,3,0,1,178346.31,France,Femme,1
3779,668,18,2,92962.33,1,1,1,56247.45,France,Femme,0
3780,715,21,2,181019.11,3,0,0,72481.66,France,Homme,1
3781,560,49,11,124995.88,3,0,1,194543.65,Allemagne,Femme,0
3782,755,50,7,142642.68,4,0,0,117913.87,France,Femme,1
3783,501,66,4,178226.45,3,0,1,79149.31,France,Homme,0
3784,458,43,7,194393.76,3,1,1,174265.45,France,Homme,1
3785,425,34,10,67879.14,1,1,1,152524.39,France,Homme,1
3786,379,56,13,36698.44,4,1,1,121031.44,France,Femme,0
3787,663,40,14,72948.66,3,1,1,179483.44,France,Homme,0
3788,835,49,14,126884.58,1,0,0,32382.88,France,Homme,0
3789,466,69,10,85535.33,4,0,1,87981.38,France,Femme,0
3790,764,32,5,142090.69,1,1,1,164951.77,Allemagne,Femme,0
3791,705,30,14,13366.43,4,1,0,86399.45,France,Homme,0
3792,541,77,11,127437.6,4,0,1,186446.26,France,Homme,0
3793,368,19,1,91996.23,2,1,1,43216.41,Allemagne,Homme,1
3794,781,77,10,133666.69,2,1,1,77277.9,Allemagne,Homme,1
3795,522,36,3,105633.34,2,1,0,93762.37,France,Homme,0
3796,577,41,8,71056.46,3,1,1,142087.99,Allemagne,Homme,0
3797,699,62,3,226026.98,1,1,1,51139.65,Espagne,Homme,0
3798,532,41,4,46191.25,4,1,1,16824.81,Espagne,Femme,0
3799,462,28,4,170341.39,1,1,1,195654.22,Allemagne,Femme,0
3800,532,76,9,231161.18,3,0,0,181270.06,France,Femme,1
3801,830,39,7,134667.49,2,1,1,70541.09,France,Homme,0
3802,495,32,5,219102.12,2,1,1,104443.96,France,Femme,1
3803,668,27,9,31212.87,1,1,1,105450.24,France,Homme,0
3804,465,58,6,123447.19,1,1,0,175806.73,Espagne,Homme,1
3805,462,44,5,114256.32,4,1,0,125456.13,France,Femme,1
3806,600,77,13,2029.7,1,0,1,167889.74,Allemagne,Femme,1
3807,825,26,13,110814.34,4,1,1,183718.92,France,Femme,0
3808,600,69,13,92257.44,4,1,0,119701.33,France,Femme,0
3809,652,45,4,167449.68,2,0,1,67814.26,Espagne,Femme,0
3810,808,18,14,234582.44,1,0,1,107260.94,France,Homme,1
3811,662,34,4,21447.77,2,1,0,172410.88,France,Femme,0
3812,467,48,2,81869.1,4,1,0,122969.55,Allemagne,Femme,1
3813,650,61,6,111016.18,2,1,1,180708.55,Allemagne,Femme,1
3814,510,27,12,113796.34,2,1,0,180655.66,France,Femme,1
3815,750,54,9,193702.43,4,1,1,84071.53,Allemagne,Femme,0
3816,547,79,4,110848.92,3,0,1,97901.07,France,Homme,0
3817,609,46,6,6790.33,3,1,1,140414.05,France,Femme,1
3818,497,35,14,177526.02,1,1,1,35546.92,France,Homme,0
3819,589,64,1,221207.42,2,1,1,101128.09,Allemagne,Homme,0
3820,396,55,8,128476.18,1,0,1,42636.31,France,Femme,1
3821,824,56,7,145277.13,2,1,0,171871.89,Espagne,Homme,0
3822,748,66,14,40734.11,1,1,1,189415.12,Allemagne,Femme,1
3823,547,23,4,55161.49,1,1,0,41186.54,Espagne,Homme,1
3824,396,57,1,58792.56,4,1,1,138458.16,Allemagne,Homme,1
3825,427,29,5,107685.49,3,1,1,132760.5,France,Homme,0
3826,473,70,7,232036.31,3,1,1,155613.84,France,Femme,0
3827,424,31,6,130446.19,3,1,1,143719.24,Allemagne,Homme,0
3828,708,61,7,48024.41,4,0,1,55168.87,France,Femme,1
3829,486,72,3,66521.93,3,1,1,68874.34,Allemagne,Femme,0
3830,439,27,13,96003.76,4,1,1,45567.96,France,Homme,1
3831,749,71,2,155814.74,2,0,1,185411.64,Allemagne,Homme,0
3832,674,37,6,110008.29,4,1,1,111537.34,Espagne,Homme,0
3833,849,32,1,98111.21,1,0,1,195589.81,France,Homme,1
3834,410,48,13,141182.15,1,0,1,98124.54,Allemagne,Homme,1
3835,487,24,4,60458.75,2,1,1,117253.79,France,Homme,0
3836,399,75,12,19725.82,2,1,1,161019.38,France,Femme,1
3837,608,58,6,6103.58,1,1,0,162486.38,France,Femme,1
3838,810,27,0,62814.79,3,1,1,57762.67,France,Femme,0
3839,456,27,3,22898.01,3,0,1,68332.33,Allemagne,Femme,1
3840,462,65,14,84085.16,3,0,1,33094.26,Allemagne,Homme,1
3841,699,78,1,193233.39,2,1,1,164010.93,France,Femme,0
3842,603,56,5,179073.58,1,1,1,161864.38,France,Homme,1
3843,467,45,11,152731.91,4,0,1,30032.88,France,Homme,1
3844,842,47,0,213125.06,2,1,1,62625.03,Espagne,Homme,1
3845,547,54,6,70516.91,1,1,1,98225.4,Allemagne,Homme,0
3846,686,72,2,221263.44,3,1,1,115229.1,Espagne,Femme,1
3847,714,20,11,99809.79,3,1,1,111670.68,Allemagne,Homme,0
3848,400,67,0,100223.33,3,0,1,196868.93,France,Femme,1
3849,594,60,14,101337.9,1,0,1,156363.21,Allemagne,Homme,1
3850,752,32,7,24523.59,3,1,1,35939.75,Allemagne,Homme,0
3851,775,38,6,243872.62,1,1,1,69297.94,France,Homme,0
3852,384,69,1,34626.69,2,0,1,78904.04,France,Femme,1
3853,651,54,6,85221.43,4,1,0,73302.39,Allemagne,Homme,0
3854,759,73,2,79825.08,3,1,1,160399.95,Allemagne,Femme,0
3855,848,29,14,18669.86,2,0,1,81703.83,France,Homme,1
3856,418,21,12,38065.03,2,1,0,106098.94,Espagne,Homme,1
3857,698,64,8,11214.58,1,0,1,113689.02,Allemagne,Homme,0
3858,669,26,7,73101.12,2,1,1,65028.38,Allemagne,Femme,1
3859,770,56,4,216664.23,1,1,1,74698.72,Allemagne,Homme,0
3860,817,59,6,84860.55,1,0,0,159299.55,France,Homme,0
3861,398,78,2,30922.96,2,0,1,175336.35,Espagne,Homme,1
3862,754,45,0,161423.47,1,1,0,21859.82,France,Femme,1
3863,423,40,0,249150.23,1,1,1,126953.59,France,Femme,1
3864,541,62,14,58080.95,1,1,0,132185.57,Espagne,Homme,1
3865,610,78,10,69892.75,2,0,0,151402.2,France,Homme,1
3866,705,57,1,242961.76,4,1,1,143361.65,Espagne,Homme,1
3867,419,61,7,44694.07,1,1,1,177323.53,France,Femme,1
3868,439,39,0,127803.52,3,0,1,29517.38,Allemagne,Homme,0
3869,609,41,10,59913.03,2,1,0,86848.86,France,Femme,1
3870,475,68,11,233087.97,2,1,1,159686.55,Allemagne,Homme,0
3871,580,75,4,245380.25,1,1,0,171617.3,France,Femme,1
3872,644,43,8,203674.46,2,0,0,63982.16,Espagne,Femme,1
3873,847,47,11,78695.95,3,0,0,123277.55,France,Homme,0
3874,768,50,8,100871.87,4,1,0,48441.53,France,Femme,1
3875,478,33,1,60576.42,2,1,1,172415.45,France,Femme,0
3876,629,39,6,222689.49,2,1,0,150129.58,Espagne,Homme,0
3877,662,66,10,228639.57,2,1,1,56082.04,Espagne,Homme,1
3878,449,74,0,104717.67,1,1,1,130398.03,France,Femme,1
3879,675,79,2,164133.27,3,0,0,109224.27,Espagne,Femme,1
3880,646,67,5,41388.29,4,0,1,62882.95,Espagne,Femme,0
3881,531,60,8,108733.98,3,1,1,180227.68,Allemagne,Femme,0
3882,523,35,9,157874.78,3,1,1,42350.27,France,Femme,0
3883,665,24,1,96350.78,2,1,1,101480.06,France,Homme,0
3884,713,67,6,89399.88,4,1,1,122817.68,France,Femme,0
3885,537,43,14,249.75,3,1,1,167355.94,France,Homme,0
3886,406,25,3,201073.37,4,1,1,42783.28,Espagne,Homme,0
3887,380,23,1,222334.4,1,1,0,127697.3,France,Femme,1
3888,433,47,2,242365.88,2,1,1,16213.55,Espagne,Femme,1
3889,501,56,5,179817.85,1,1,1,167177.54,Espagne,Femme,0
3890,822,40,9,137198.08,4,0,1,58425.5,Espagne,Homme,0
3891,385,49,8,67321.13,2,1,1,148369.33,Allemagne,Femme,0
3892,562,39,7,249824.87,1,1,1,126347.39,Allemagne,Homme,1
3893,763,59,9,147438.21,2,1,0,24273.57,Espagne,Femme,1
3894,757,60,13,170288.52,1,1,1,48897.55,France,Homme,1
3895,713,74,10,170601.54,3,1,1,64532.03,Allemagne,Femme,1
3896,455,62,8,211312.95,2,1,0,179044.62,Allemagne,Homme,1
3897,763,26,3,2418.13,4,1,1,103948.63,France,Homme,0
3898,691,48,11,55061.74,2,1,1,183998.1,Allemagne,Femme,0
3899,569,24,3,166383.5,4,0,0,23778.23,France,Femme,1
3900,740,26,14,223786.43,1,0,1,16214.32,Espagne,Femme,0
3901,512,30,8,171334.7,1,1,1,190425.62,Allemagne,Homme,1
3902,788,75,7,103372.82,4,1,1,148924.63,Allemagne,Femme,0
3903,569,20,11,90388.87,1,1,1,159913.61,Allemagne,Homme,0
3904,619,52,14,184487.0,2,1,0,184424.04,France,Femme,0
3905,469,50,1,185309.42,1,1,1,197139.66,Allemagne,Homme,1
3906,743,38,7,151764.5,4,1,1,33076.75,Allemagne,Homme,1
3907,685,48,0,72866.76,4,1,1,44283.9,France,Femme,0
3908,749,69,8,231288.7,3,0,1,49886.09,France,Homme,0
3909,531,51,8,137969.99,4,0,1,166407.27,Espagne,Femme,1
3910,828,49,12,197623.09,1,1,1,80776.73,Allemagne,Homme,1
3911,455,74,14,53577.07,4,0,0,124755.22,Allemagne,Femme,1
3912,566,52,7,86010.2,1,0,1,173216.05,France,Homme,0
3913,554,32,10,218644.88,1,1,1,141384.57,Allemagne,Femme,0
3914,419,73,4,12526.76,3,0,1,27101.85,Allemagne,Homme,1
3915,393,49,4,128078.83,1,1,1,97449.66,France,Homme,0
3916,678,23,12,120426.37,4,0,1,27487.51,France,Homme,0
3917,650,79,2,187807.55,4,1,1,103586.06,France,Femme,0
3918,577,62,4,70473.44,4,1,1,55571.0,Allemagne,Homme,1
3919,533,38,3,54766.71,1,1,1,15242.02,Allemagne,Homme,0
3920,456,50,0,231533.21,4,1,1,165433.08,France,Homme,1
3921,433,49,8,142927.41,2,1,1,194335.83,France,Homme,1
3922,687,69,14,26172.39,2,1,1,193364.55,Allemagne,Homme,0
3923,599,36,9,48259.04,4,0,1,70349.26,France,Homme,1
3924,712,50,13,249706.51,1,1,1,168323.12,France,Homme,1
3925,790,45,3,48902.25,4,1,1,140573.73,Allemagne,Femme,0
3926,370,48,2,152618.88,2,1,1,163014.13,Allemagne,Homme,1
3927,545,38,5,105032.02,1,1,0,171554.04,Allemagne,Homme,0
3928,527,71,0,221399.77,4,0,1,196351.57,Allemagne,Femme,0
3929,766,51,4,188792.15,1,0,1,43069.98,Allemagne,Femme,0
3930,824,32,14,149237.85,4,0,1,157403.01,Espagne,Homme,0
3931,356,31,6,2684.75,3,1,1,150818.42,Espagne,Femme,0
3932,419,36,1,219948.8,1,1,1,68231.13,Allemagne,Homme,1
3933,476,60,9,111166.87,2,1,1,87628.7,Allemagne,Femme,0
3934,748,79,8,232894.41,2,0,0,47700.24,Espagne,Homme,1
3935,815,32,11,123884.75,2,0,1,183955.54,France,Femme,1
3936,509,23,14,173556.12,2,1,1,177677.11,France,Femme,0
3937,597,69,5,17323.16,4,1,1,128596.48,Espagne,Homme,1
3938,552,26,1,186287.91,4,1,0,109651.55,Espagne,Homme,1
3939,497,54,7,84499.01,1,1,1,58084.35,Espagne,Femme,0
3940,821,37,7,87839.75,3,1,1,161076.66,Espagne,Homme,0
3941,492,51,0,29663.96,3,1,1,16517.91,France,Homme,1
3942,781,55,11,36714.29,1,1,1,100615.54,Espagne,Homme,0
3943,548,43,0,46439.76,2,1,1,174201.97,France,Homme,1
3944,754,35,0,82051.54,3,1,0,129419.79,Espagne,Homme,0
3945,775,45,11,222992.48,3,1,1,132497.73,Allemagne,Femme,0
3946,503,78,3,92065.06,1,0,0,28080.87,France,Femme,1
3947,841,72,3,181090.68,2,1,1,68040.37,Allemagne,Femme,0
3948,725,68,7,20686.88,4,1,1,139664.51,France,Homme,0
3949,733,26,0,147774.7,4,1,1,24179.2,France,Femme,0
3950,491,49,9,120472.81,3,1,1,76223.11,France,Femme,0
3951,662,76,2,244489.49,4,0,0,80479.74,France,Homme,0
3952,514,70,10,211551.94,1,1,1,107262.9,Allemagne,Femme,1
3953,663,73,0,113707.44,3,1,1,82039.42,France,Femme,0
3954,370,76,8,193785.69,3,1,1,99011.74,Espagne,Femme,0
3955,431,23,9,48259.69,2,1,0,116194.51,France,Homme,1
3956,418,31,11,140584.08,4,1,1,38744.35,Espagne,Homme,0
3957,480,45,8,18654.76,2,0,1,48387.95,Espagne,Homme,1
3958,436,75,6,87022.26,3,0,1,169014.53,France,Homme,1
3959,567,41,12,56465.55,4,1,1,100057.07,France,Femme,0
3960,770,78,11,179727.45,2,1,1,80703.13,France,Homme,0
3961,821,30,14,122522.67,4,0,1,95268.08,Espagne,Femme,0
3962,654,60,7,187767.62,3,1,0,47341.43,Espagne,Femme,0
3963,752,29,0,128823.86,3,1,1,59371.74,France,Homme,0
3964,720,68,4,21621.11,3,0,1,110371.86,France,Femme,1
3965,694,36,14,183841.91,1,0,0,81401.4,Espagne,Femme,1
3966,690,38,13,208307.32,2,1,1,102959.38,Allemagne,Homme,0
3967,733,44,1,225882.81,2,0,1,42695.36,France,Homme,1
3968,745,75,12,142997.99,3,0,1,43946.64,Espagne,Homme,0
3969,794,36,0,188396.34,2,0,1,86029.46,Espagne,Homme,0
3970,774,41,2,188011.08,3,0,1,85088.66,France,Homme,0
3971,510,43,6,38937.44,2,1,1,178416.48,France,Femme,0
3972,527,62,0,41055.17,4,1,1,21188.51,Espagne,Homme,0
3973,466,45,10,17721.38,2,1,1,198678.26,Allemagne,Femme,1
3974,545,63,1,79978.41,3,1,1,191956.77,Espagne,Homme,0
3975,732,73,1,118377.15,2,1,1,115316.43,Espagne,Homme,0
3976,839,35,3,249474.46,4,1,0,147970.19,France,Homme,0
3977,676,61,14,107748.34,4,1,0,188022.11,Allemagne,Femme,1
3978,435,53,11,181560.65,4,1,1,61470.87,Allemagne,Homme,0
3979,638,59,2,173349.26,3,1,1,73391.66,France,Femme,0
3980,430,46,2,51120.49,1,1,1,35521.07,France,Homme,1
3981,501,34,9,14626.79,3,1,1,119311.53,Allemagne,Homme,0
3982,410,21,4,136501.69,4,0,0,44497.95,France,Femme,1
3983,410,61,2,175076.4,2,1,0,187211.06,Allemagne,Femme,1
3984,703,62,10,249562.95,4,0,1,94839.87,France,Femme,0
3985,377,78,6,89652.76,1,0,1,185142.04,Allemagne,Femme,1
3986,791,76,4,224091.14,1,1,0,52943.48,France,Homme,1
3987,392,46,3,95483.11,4,1,1,143396.75,Espagne,Homme,0
3988,518,21,11,172352.93,3,1,1,134804.53,France,Homme,0
3989,772,27,2,149563.23,1,1,1,88940.0,Espagne,Homme,0
3990,435,42,14,13244.7,4,1,1,181193.48,France,Homme,0
3991,526,48,11,19597.11,3,1,1,95438.38,Allemagne,Homme,0
3992,366,20,3,5191.02,2,1,0,51709.65,France,Homme,1
3993,447,64,13,92708.52,3,1,1,195742.3,Espagne,Femme,0
3994,803,19,14,186450.26,1,1,0,96674.06,Espagne,Homme,1
3995,843,74,11,43188.85,3,1,0,53493.5,Espagne,Homme,0
3996,547,42,1,151463.24,3,1,1,82272.04,Allemagne,Homme,0
3997,447,66,0,72206.95,2,1,1,128499.25,France,Femme,0
3998,414,23,2,199248.16,4,1,1,109725.09,Allemagne,Femme,1
3999,679,43,10,199599.04,3,1,1,132496.65,Espagne,Homme,0
4000,690,25,1,193853.63,2,1,1,137443.6,Allemagne,Homme,1
4001,354,52,0,131208.38,1,1,1,37825.49,Espagne,Homme,1
4002,351,44,0,71141.68,4,1,1,73253.72,France,Homme,0
4003,371,42,1,202361.01,1,1,1,153509.68,Espagne,Homme,0
4004,461,35,12,46525.14,4,1,1,135317.94,Allemagne,Homme,1
4005,406,71,12,72439.9,3,0,0,31344.44,Espagne,Homme,0
4006,415,18,8,45986.93,3,1,0,73302.3,Allemagne,Homme,1
4007,679,78,12,168552.54,4,1,1,187294.6,France,Homme,1
4008,447,65,12,171559.01,1,1,1,174472.34,Allemagne,Femme,1
4009,493,56,4,163127.5,1,0,1,139068.93,Espagne,Homme,0
4010,717,20,8,103900.37,1,0,1,28479.81,France,Homme,1
4011,784,72,7,25042.75,3,1,1,127305.21,Espagne,Femme,1
4012,474,21,12,227792.4,4,1,1,17254.8,France,Femme,1
4013,516,58,10,126932.74,4,1,1,137308.38,France,Homme,0
4014,435,54,5,101743.05,1,1,1,150274.14,France,Homme,1
4015,425,68,0,147206.22,3,1,1,106990.07,Espagne,Femme,1
4016,693,32,9,48197.61,4,0,1,15704.23,France,Femme,1
4017,844,25,4,33137.19,4,1,1,138322.87,Allemagne,Homme,1
4018,773,55,11,101381.31,1,0,1,166651.92,Allemagne,Homme,0
4019,643,67,0,56805.17,1,1,1,123385.48,France,Femme,1
4020,793,36,6,61072.57,4,1,1,146201.54,France,Homme,0
4021,408,73,9,223127.87,3,1,1,31709.45,France,Homme,1
4022,487,64,13,132689.79,2,1,1,147334.54,Allemagne,Femme,0
4023,448,43,10,120867.27,4,1,1,128625.7,France,Homme,0
4024,541,56,7,172369.9,4,1,1,76238.65,France,Homme,0
4025,592,27,7,237887.03,3,0,1,141786.79,Espagne,Femme,1
4026,668,55,6,28049.64,4,1,1,134432.83,Espagne,Femme,1
4027,398,31,1,208383.64,2,0,1,125900.14,Allemagne,Homme,1
4028,797,66,4,146004.79,3,1,1,48844.9,Allemagne,Femme,1
4029,381,58,3,36541.34,2,0,1,69801.02,France,Homme,1
4030,740,36,4,74287.33,2,0,1,198405.81,Allemagne,Femme,0
4031,626,47,9,120590.35,4,1,1,95125.2,Espagne,Femme,1
4032,369,22,8,172794.29,2,0,1,25993.91,Espagne,Femme,1
4033,503,72,14,60651.75,4,0,0,181315.98,France,Homme,1
4034,732,48,3,133719.7,4,1,0,46992.44,France,Homme,0
4035,417,24,14,171167.91,3,1,1,89651.17,Espagne,Femme,1
4036,715,36,14,112185.19,3,0,1,66429.8,France,Femme,1
4037,721,48,11,215756.49,3,1,0,193316.96,Allemagne,Homme,0
4038,563,69,7,217364.78,4,1,0,84948.24,France,Femme,1
4039,492,75,7,117672.8,2,1,1,146112.64,Espagne,Femme,0
4040,725,56,1,243231.43,2,1,0,125700.85,France,Homme,0
4041,581,41,13,18896.27,3,0,1,22950.41,Allemagne,Femme,1
4042,562,51,5,840.59,3,1,1,86098.22,France,Homme,0
4043,428,74,4,95167.07,4,0,1,87154.06,France,Homme,0
4044,563,40,1,150274.27,1,0,1,198119.17,Allemagne,Homme,1
4045,465,65,11,157300.04,1,1,0,165206.81,France,Femme,0
4046,441,62,9,119111.43,4,1,1,173481.04,France,Homme,0
4047,619,57,3,31220.83,1,1,0,73001.42,France,Femme,1
4048,760,23,6,42624.38,1,1,1,75875.1,France,Femme,0
4049,730,55,12,213037.0,1,1,1,110387.06,Espagne,Homme,0
4050,838,58,0,216977.78,3,0,1,131737.8,France,Homme,0
4051,517,53,14,168474.63,2,0,1,149734.3,Espagne,Homme,1
4052,407,44,8,166054.49,2,1,1,166848.34,France,Homme,1
4053,633,28,9,149420.53,3,0,1,176542.41,France,Femme,0
4054,375,22,11,50731.47,3,1,1,19555.79,Allemagne,Femme,1
4055,718,74,0,107062.68,3,1,1,162277.74,France,Femme,0
4056,796,34,14,173973.66,1,1,0,128004.84,Allemagne,Homme,0
4057,415,69,11,134313.07,4,1,1,113435.68,France,Femme,1
4058,758,24,4,4645.08,4,1,1,131266.27,Allemagne,Femme,1
4059,597,44,6,238389.2,1,1,1,178158.58,Espagne,Femme,0
4060,603,64,7,211204.01,1,0,1,115878.82,Espagne,Homme,1
4061,736,74,1,65136.25,3,0,1,45004.78,Allemagne,Homme,0
4062,805,32,3,154114.73,3,1,1,95803.77,Allemagne,Femme,0
4063,393,63,1,230809.85,2,0,0,186025.01,France,Femme,1
4064,446,30,3,24002.75,3,1,1,165679.5,Allemagne,Femme,0
4065,391,28,14,125757.37,1,0,1,52563.44,Espagne,Homme,0
4066,849,77,5,114060.76,2,0,0,147116.59,France,Homme,0
4067,576,62,5,102551.25,3,0,1,62401.94,Allemagne,Femme,0
4068,611,43,11,208897.15,2,1,1,79479.34,Allemagne,Homme,0
4069,516,39,12,95161.54,2,0,1,101749.71,Allemagne,Homme,0
4070,785,45,1,15915.83,3,0,1,96560.88,Allemagne,Homme,0
4071,628,41,10,16459.44,4,1,1,20416.77,France,Homme,0
4072,438,46,3,10686.15,1,1,1,158191.71,Allemagne,Femme,1
4073,728,26,3,102286.36,1,1,1,171581.41,France,Homme,1
4074,527,59,13,179601.57,2,1,1,113224.5,Allemagne,Femme,1
4075,776,21,0,50930.62,4,0,1,46995.95,France,Homme,0
4076,752,66,14,161617.13,4,0,1,60868.53,Espagne,Femme,1
4077,546,63,13,171772.12,3,1,1,38371.83,Espagne,Femme,0
4078,656,73,1,63800.53,3,1,1,46358.66,Allemagne,Homme,0
4079,616,35,13,150139.41,1,1,1,177133.52,France,Homme,1
4080,617,60,2,171217.09,3,0,1,103830.12,Espagne,Femme,0
4081,423,33,12,116653.41,3,1,1,35537.49,Espagne,Homme,1
4082,357,50,14,84179.15,2,1,1,62127.87,Allemagne,Homme,0
4083,757,46,10,154787.89,4,1,1,190657.76,Espagne,Femme,0
4084,825,56,4,244461.77,4,0,1,109214.15,France,Homme,1
4085,646,77,10,106710.35,3,1,1,110392.34,Allemagne,Femme,0
4086,513,27,7,97933.77,3,0,1,112244.3,Allemagne,Femme,0
4087,834,26,14,116066.73,3,0,0,35649.11,France,Homme,0
4088,434,76,5,19054.6,1,1,1,194508.03,Allemagne,Homme,0
4089,421,48,2,138290.82,1,0,1,30629.86,Allemagne,Femme,1
4090,404,45,5,82174.35,2,1,0,144507.11,France,Homme,1
4091,742,77,6,30355.53,1,1,1,25686.49,Allemagne,Femme,1
4092,396,74,5,116564.19,4,1,0,97064.48,France,Femme,1
4093,748,20,9,846.0,1,1,0,181440.48,Allemagne,Homme,1
4094,781,71,5,100446.31,4,0,1,157162.24,Allemagne,Femme,0
4095,587,72,0,26433.82,1,0,1,76915.06,France,Femme,0
4096,453,31,2,6073.18,1,1,1,116999.34,Allemagne,Homme,1
4097,559,75,6,206118.76,2,1,1,45575.81,France,Femme,0
4098,391,42,3,229062.2,3,1,1,191882.24,Allemagne,Homme,1
4099,665,32,11,51918.66,3,1,1,146105.31,France,Homme,0
4100,817,19,3,134824.57,3,1,1,84244.35,France,Femme,0
4101,803,41,6,69489.54,2,0,1,73817.9,France,Femme,0
4102,617,31,8,123394.36,4,1,1,59148.17,Espagne,Homme,0
4103,735,65,13,109157.83,1,1,1,160506.12,France,Femme,0
4104,612,24,10,67262.76,2,1,1,95403.64,France,Femme,0
4105,685,53,12,175098.39,4,1,0,76090.19,France,Homme,0
4106,736,67,12,31622.74,2,0,1,182466.02,France,Femme,0
4107,714,41,14,13268.2,2,1,1,42790.32,France,Homme,0
4108,608,44,1,191918.86,4,1,1,63809.57,France,Femme,0
4109,632,54,8,166482.51,3,0,1,78781.66,France,Femme,0
4110,463,55,2,124631.53,1,1,1,63072.52,France,Homme,0
4111,712,47,5,116947.44,3,0,1,123299.56,France,Femme,0
4112,389,44,3,124352.84,2,1,0,126190.76,France,Homme,1
4113,835,56,0,109256.02,4,1,1,25128.56,Allemagne,Femme,0
4114,766,32,8,98223.07,2,1,1,41737.88,Allemagne,Homme,0
4115,569,43,10,124922.65,3,1,1,51727.82,Allemagne,Femme,1
4116,478,18,14,132128.79,3,0,1,28010.69,Allemagne,Femme,0
4117,357,73,5,172975.58,3,0,0,38080.97,France,Femme,1
4118,450,21,7,177801.79,1,1,0,59335.51,Allemagne,Femme,1
4119,765,46,14,94407.27,3,1,1,78939.81,Espagne,Homme,0
4120,729,74,14,103385.13,1,1,1,161392.17,Allemagne,Homme,1
4121,525,18,1,93424.29,1,1,0,55312.44,France,Homme,1
4122,456,60,6,134133.94,3,1,1,138954.78,Allemagne,Femme,1
4123,450,67,5,113338.38,4,1,1,25707.99,Allemagne,Homme,0
4124,609,63,1,222399.12,2,1,1,136774.57,France,Homme,0
4125,827,39,1,174090.32,2,1,1,162023.05,Allemagne,Femme,0
4126,803,28,3,224664.1,1,1,1,126889.47,Allemagne,Femme,0
4127,715,27,3,177284.25,1,1,0,52257.57,France,Femme,1
4128,595,76,2,242748.04,1,1,1,76125.48,France,Femme,1
4129,624,79,7,158934.19,2,1,1,163958.55,Espagne,Femme,1
4130,381,34,13,240887.53,1,1,1,94914.8,Allemagne,Homme,1
4131,486,53,6,39542.47,4,1,1,62218.41,France,Homme,0
4132,361,73,1,13119.42,4,0,1,187547.93,Allemagne,Femme,1
4133,744,64,2,144781.3,1,1,1,132910.65,Espagne,Homme,0
4134,651,43,9,245873.3,2,1,1,164057.22,Espagne,Femme,0
4135,724,65,8,104401.31,3,1,1,19532.85,France,Homme,0
4136,365,38,12,53010.84,2,1,0,77777.27,Allemagne,Homme,1
4137,478,30,4,130385.36,3,1,1,99895.93,Allemagne,Femme,0
4138,412,26,1,162199.66,3,1,0,123672.99,Allemagne,Homme,1
4139,458,28,2,78794.67,1,1,1,50144.8,Allemagne,Femme,0
4140,724,28,7,178692.34,4,0,1,107121.41,France,Homme,0
4141,370,23,3,243778.63,1,1,1,141840.69,Espagne,Homme,0
4142,507,18,13,224240.78,3,0,1,78987.07,Espagne,Homme,0
4143,618,71,1,72896.34,1,0,1,142916.81,France,Homme,1
4144,511,23,1,81680.92,3,0,1,87086.0,France,Homme,0
4145,609,30,5,92885.31,1,1,0,101850.73,Allemagne,Homme,0
4146,761,39,7,98638.19,4,0,0,39844.19,France,Homme,0
4147,451,73,6,25079.87,4,1,1,135485.79,Allemagne,Homme,0
4148,572,48,3,190490.71,2,1,0,56491.0,France,Femme,1
4149,408,39,1,91334.82,3,1,1,168337.27,France,Femme,0
4150,596,54,8,219954.99,3,0,0,117387.02,Espagne,Femme,1
4151,477,64,3,231735.16,1,0,1,118647.5,Allemagne,Femme,0
4152,632,44,8,6107.83,2,1,1,183808.16,France,Homme,0
4153,674,67,4,247125.77,4,1,1,45969.5,Allemagne,Femme,1
4154,374,69,13,177505.68,1,0,1,113093.42,Allemagne,Homme,0
4155,480,31,11,130098.06,2,1,1,85707.93,France,Homme,0
4156,702,64,14,97381.9,4,0,1,193769.95,Espagne,Homme,0
4157,545,75,11,129629.53,1,1,1,161652.1,France,Femme,0
4158,630,22,10,81156.18,4,0,1,155137.66,Espagne,Femme,0
4159,753,75,10,155671.95,3,1,1,52762.45,France,Homme,0
4160,767,53,13,23245.07,2,1,1,58904.8,Allemagne,Homme,0
4161,503,49,6,155280.65,4,1,0,20398.45,Allemagne,Homme,1
4162,731,51,11,68836.21,2,1,0,133129.04,Espagne,Femme,0
4163,482,24,4,4408.71,1,0,1,83604.55,France,Homme,0
4164,576,59,14,138176.44,2,1,1,72727.53,France,Homme,0
4165,538,65,1,144611.94,1,1,1,132850.78,Espagne,Homme,0
4166,825,27,5,106642.25,2,0,1,168307.21,France,Femme,1
4167,826,67,6,18071.56,1,0,1,39610.47,Espagne,Homme,1
4168,614,34,13,223335.74,1,1,1,184952.37,France,Homme,1
4169,721,47,14,152857.7,1,0,0,21340.18,Allemagne,Homme,0
4170,835,38,10,28928.32,4,1,1,32594.67,Allemagne,Homme,1
4171,783,77,12,127732.64,3,1,1,170053.71,France,Homme,0
4172,483,30,5,124313.58,2,1,1,106150.21,Espagne,Homme,0
4173,560,18,12,15100.47,3,0,1,188762.15,Allemagne,Femme,1
4174,409,18,13,151714.93,3,1,0,100405.8,France,Homme,1
4175,777,64,2,202081.6,3,0,1,186332.75,France,Femme,0
4176,726,50,9,187252.01,3,0,0,59331.48,France,Femme,1
4177,744,55,7,50742.35,2,1,1,129043.18,Allemagne,Femme,1
4178,799,42,2,215573.13,2,1,1,198976.58,France,Homme,0
4179,780,43,13,85635.54,3,0,1,84571.62,France,Homme,0
4180,713,30,4,236627.09,2,0,1,15269.12,Espagne,Femme,1
4181,713,76,8,17936.99,2,1,1,26849.66,France,Femme,1
4182,806,45,10,121552.17,1,1,1,173926.03,Espagne,Homme,0
4183,562,50,4,149281.09,2,1,1,105998.84,Espagne,Femme,0
4184,565,54,14,61912.52,4,1,1,114292.87,Espagne,Homme,0
4185,575,58,6,192845.05,3,1,1,162893.83,France,Femme,0
4186,819,47,10,156723.92,2,1,1,165142.12,Espagne,Homme,0
4187,480,74,13,4527.36,3,1,1,103322.94,France,Homme,0
4188,425,66,6,152092.15,2,1,1,173741.24,France,Homme,1
4189,825,65,4,122869.56,3,0,1,101658.62,Espagne,Homme,0
4190,635,25,1,49007.3,4,1,1,139878.95,France,Homme,0
4191,823,66,4,248937.06,2,1,1,21171.94,Allemagne,Femme,1
4192,845,64,6,224290.55,2,0,0,40529.89,France,Homme,1
4193,626,73,6,73126.92,4,1,1,172512.71,France,Homme,0
4194,505,18,3,135267.73,2,1,1,72926.91,Allemagne,Homme,1
4195,597,29,0,79125.53,3,1,1,76927.63,Espagne,Femme,0
4196,567,22,5,193873.94,4,1,0,137653.37,France,Homme,0
4197,539,41,12,232582.86,1,1,0,124619.56,France,Femme,0
4198,766,23,14,89707.15,3,1,1,30204.9,France,Homme,1
4199,818,42,13,201396.06,2,0,1,156666.53,France,Homme,0
4200,512,18,2,124601.89,3,0,1,129186.15,France,Femme,0
4201,529,42,10,99144.64,4,0,1,173236.39,France,Femme,0
4202,383,18,4,234605.46,2,1,1,114066.93,Allemagne,Femme,1
4203,390,49,3,127601.17,2,0,1,91650.09,France,Homme,0
4204,656,59,14,116852.63,4,0,0,83697.98,Allemagne,Homme,1
4205,780,59,12,168108.6,1,1,1,15817.5,France,Homme,0
4206,687,20,1,65308.55,2,1,1,22360.08,Espagne,Femme,1
4207,663,66,11,81198.22,2,1,1,39274.11,France,Femme,0
4208,424,36,14,233011.46,2,1,1,186964.42,France,Femme,0
4209,790,77,6,169632.46,1,1,1,177920.35,Espagne,Homme,1
4210,628,60,13,206659.29,3,1,1,106981.33,France,Femme,0
4211,525,46,4,67777.94,1,1,0,48336.33,Espagne,Femme,1
4212,733,67,14,135947.55,3,1,1,42030.6,France,Homme,1
4213,499,19,13,242849.07,2,1,1,62384.16,Allemagne,Homme,1
4214,622,26,6,79675.97,3,0,1,183113.72,France,Femme,1
4215,674,73,8,40119.12,3,1,0,111471.59,Allemagne,Femme,0
4216,457,34,3,127721.5,3,1,0,163747.74,France,Femme,1
4217,488,77,4,96955.27,3,1,1,108749.56,France,Homme,0
4218,699,63,8,39894.31,2,1,0,127747.75,Allemagne,Homme,1
4219,620,53,12,222137.85,4,1,1,127868.98,France,Femme,0
4220,696,78,9,247680.98,1,1,1,20797.49,Allemagne,Femme,1
4221,768,34,10,142145.55,3,1,1,97374.68,Allemagne,Femme,0
4222,638,66,13,193669.19,2,1,0,174849.07,Allemagne,Femme,0
4223,561,29,12,214759.59,2,0,0,105483.25,France,Femme,1
4224,730,77,3,175245.5,2,1,1,95537.05,France,Homme,0
4225,621,37,4,11039.01,2,1,1,112410.93,Allemagne,Homme,1
4226,767,67,12,39408.56,3,1,1,85441.9,Espagne,Homme,1
4227,415,20,4,17747.3,1,1,1,110348.99,Allemagne,Homme,1
4228,832,60,7,2469.9,2,0,1,40038.79,Allemagne,Femme,0
4229,773,74,14,76499.1,1,1,0,194070.16,Allemagne,Homme,1
4230,597,67,12,98088.99,1,0,1,21314.04,Allemagne,Femme,0
4231,505,21,14,60257.43,1,1,1,104393.37,Espagne,Homme,1
4232,396,34,3,16151.16,4,1,1,53848.62,France,Homme,0
4233,772,67,3,132465.77,2,1,1,25795.82,France,Homme,0
4234,803,54,12,68329.83,2,0,1,135565.5,Espagne,Homme,0
4235,550,63,6,199009.29,2,1,1,197258.53,France,Homme,0
4236,497,59,10,2013.16,1,1,1,153676.92,Allemagne,Homme,0
4237,473,32,4,210631.76,2,1,1,61993.82,Allemagne,Femme,0
4238,350,50,5,238688.42,2,1,0,106276.98,Allemagne,Homme,1
4239,805,33,5,179033.77,1,1,1,24209.59,Allemagne,Femme,1
4240,596,28,11,183411.02,2,1,1,113359.0,France,Femme,0
4241,692,72,5,233390.58,3,1,1,33400.69,Allemagne,Femme,0
4242,477,37,13,52267.82,4,1,0,162002.41,Allemagne,Homme,1
4243,540,55,9,248641.39,3,1,1,25490.68,Espagne,Homme,0
4244,416,41,4,193370.3,3,1,1,16731.78,France,Femme,0
4245,353,78,12,181642.68,3,0,1,174388.05,France,Femme,0
4246,791,71,12,90272.64,1,1,1,189370.31,France,Femme,1
4247,758,33,4,136444.37,2,0,1,31012.49,Allemagne,Homme,0
4248,652,47,8,163479.45,3,0,1,66599.58,France,Homme,1
4249,643,51,12,155085.72,3,1,1,152214.0,France,Femme,0
4250,492,18,7,176246.16,2,1,1,114835.89,France,Femme,1
4251,540,41,14,20595.43,1,0,0,190608.81,Espagne,Femme,1
4252,370,41,3,88912.11,3,1,1,86998.3,France,Homme,0
4253,576,26,6,108500.0,2,1,1,15614.73,France,Homme,1
4254,662,39,7,65157.32,2,1,1,18652.94,Allemagne,Homme,0
4255,466,29,11,43156.82,4,1,1,119498.07,France,Femme,1
4256,786,34,8,34731.87,3,0,1,154139.5,France,Femme,0
4257,651,79,4,91595.85,3,0,1,161264.15,Allemagne,Homme,0
4258,849,42,2,123360.43,4,0,0,183630.65,Allemagne,Homme,1
4259,491,45,14,15744.11,2,0,0,57378.79,Allemagne,Homme,1
4260,833,78,12,236614.52,2,1,1,151605.09,France,Femme,1
4261,809,32,3,191310.83,3,1,1,168013.15,France,Femme,1
4262,750,47,14,182712.94,3,1,1,169710.94,Espagne,Homme,0
4263,388,68,9,43215.13,4,1,1,91135.56,France,Femme,1
4264,742,44,5,150950.19,3,1,1,130806.86,Allemagne,Homme,0
4265,704,39,9,132431.24,3,1,1,117039.58,Espagne,Homme,0
4266,601,27,10,245617.21,1,1,1,125534.9,France,Femme,1
4267,682,78,4,186917.94,4,1,1,67175.78,France,Homme,1
4268,556,75,8,143940.47,2,0,1,141398.37,Allemagne,Femme,1
4269,559,48,12,212703.17,3,0,0,146353.2,France,Femme,0
4270,464,44,10,38773.57,2,1,1,51250.45,Espagne,Homme,1
4271,574,29,10,3804.13,3,1,1,97072.0,France,Femme,1
4272,483,63,13,172558.33,1,1,1,93089.53,France,Homme,1
4273,600,48,2,24577.87,4,1,1,153555.87,Espagne,Homme,0
4274,568,49,1,28858.41,4,1,1,138303.07,France,Homme,0
4275,756,49,5,186170.18,2,0,1,103096.23,Espagne,Homme,1
4276,792,58,12,67633.71,1,1,1,135718.29,France,Femme,0
4277,440,76,6,157157.8,2,1,1,63629.4,Espagne,Femme,0
4278,703,62,4,229351.73,1,1,1,57984.36,France,Femme,0
4279,725,52,0,79118.63,3,1,1,59385.14,France,Homme,0
4280,395,70,2,54286.04,3,1,1,20457.07,France,Femme,1
4281,387,78,2,26640.72,1,1,1,142849.11,France,Femme,1
4282,491,63,11,32615.59,3,1,1,197381.9,France,Homme,0
4283,449,38,13,15555.67,4,1,1,72170.95,France,Femme,1
4284,677,27,3,21910.59,1,1,0,187019.17,Allemagne,Homme,0
4285,539,33,13,108001.15,1,0,0,127210.38,Espagne,Homme,0
4286,384,24,9,80216.26,2,1,1,56612.84,Espagne,Homme,0
4287,496,21,5,176640.2,1,0,1,17194.96,Allemagne,Homme,1
4288,379,44,4,217560.41,2,1,1,148890.31,France,Homme,1
4289,683,69,0,196193.3,1,0,1,143866.23,France,Homme,1
4290,433,72,14,132659.31,4,1,1,57411.87,France,Homme,0
4291,718,42,5,25610.53,4,1,1,76550.44,France,Homme,1
4292,630,48,13,177441.82,4,1,1,181138.65,Allemagne,Femme,0
4293,773,28,13,90707.18,2,1,1,44088.16,Allemagne,Femme,0
4294,693,65,8,21412.6,2,1,1,169557.12,Espagne,Femme,0
4295,619,37,10,210616.6,3,0,0,46306.34,Espagne,Femme,1
4296,503,53,0,84554.13,2,1,0,104119.52,Allemagne,Femme,1
4297,451,71,7,54562.21,2,1,1,107308.58,Espagne,Femme,0
4298,564,71,7,217863.02,4,1,1,102336.58,France,Femme,0
4299,499,72,2,225533.47,1,1,0,68266.97,Espagne,Femme,1
4300,781,34,14,84742.71,2,0,0,61872.47,France,Homme,1
4301,432,62,12,88700.35,3,1,1,150633.63,France,Femme,0
4302,459,28,8,144907.13,1,1,0,66000.23,Allemagne,Homme,1
4303,784,47,10,183360.37,2,0,1,127834.34,France,Femme,0
4304,736,52,12,15787.3,1,1,1,171628.34,France,Homme,1
4305,775,58,12,148335.91,1,1,1,169851.37,France,Femme,0
4306,624,55,10,238205.02,1,0,1,45923.01,Allemagne,Femme,0
4307,550,39,7,65523.47,1,1,1,136126.46,Espagne,Homme,0
4308,633,70,2,227206.8,1,1,1,126421.64,France,Femme,0
4309,817,60,9,237542.09,2,1,0,67167.13,Espagne,Femme,1
4310,522,65,4,67288.41,1,1,1,87418.99,Espagne,Femme,1
4311,676,68,2,188550.47,1,1,1,67745.91,France,Femme,1
4312,555,44,4,59693.75,3,1,1,114357.05,Allemagne,Homme,0
4313,412,54,8,184402.79,3,1,1,163671.07,Espagne,Homme,0
4314,422,63,14,199354.99,1,1,0,177338.12,Espagne,Homme,1
4315,600,66,11,61801.43,2,1,1,148722.36,France,Femme,0
4316,473,52,3,178967.39,3,1,1,104438.32,France,Femme,1
4317,724,21,5,203026.13,3,1,1,192247.63,Espagne,Femme,0
4318,470,33,2,89644.72,1,0,1,119317.62,Allemagne,Femme,1
4319,624,33,2,41925.69,2,1,1,103531.14,France,Homme,0
4320,780,38,4,22991.14,4,1,1,173503.12,France,Femme,0
4321,849,43,7,143845.43,2,1,1,49155.32,Allemagne,Femme,0
4322,747,74,13,244524.53,3,1,1,44207.49,France,Homme,0
4323,469,53,7,205737.58,3,1,1,159770.36,Allemagne,Homme,0
4324,771,36,2,108959.91,3,1,1,176055.6,Allemagne,Homme,0
4325,786,75,7,134155.23,3,0,1,28463.33,France,Femme,0
4326,666,34,12,69881.97,3,1,1,156355.93,France,Homme,0
4327,513,62,10,40766.47,1,1,1,93525.42,Espagne,Homme,0
4328,773,43,12,120520.29,1,1,1,145189.46,Allemagne,Femme,1
4329,814,39,7,115875.39,1,1,1,39969.33,Allemagne,Homme,1
4330,635,72,2,130482.49,3,0,1,195007.36,Allemagne,Femme,0
4331,614,75,9,238201.15,1,1,1,178036.85,France,Homme,1
4332,669,73,14,150973.83,3,1,1,90104.92,Allemagne,Homme,1
4333,510,45,12,151442.96,2,1,1,180271.38,Allemagne,Femme,1
4334,725,18,14,32006.19,4,1,1,180561.26,France,Femme,0
4335,657,61,9,249122.22,2,1,0,100331.81,France,Homme,0
4336,438,53,1,193211.24,4,0,1,190173.82,France,Femme,1
4337,491,60,9,219300.84,1,0,1,195718.57,France,Homme,1
4338,552,54,1,103575.1,4,0,1,55184.36,Espagne,Femme,1
4339,658,19,8,125532.02,2,1,1,27333.34,France,Homme,0
4340,576,34,6,130520.95,2,0,1,76262.71,France,Homme,0
4341,838,57,5,48523.63,4,1,0,105434.52,Espagne,Femme,1
4342,792,55,6,172372.29,2,1,1,32145.13,Allemagne,Homme,1
4343,683,38,7,225744.18,1,1,0,41022.02,Allemagne,Femme,1
4344,571,78,11,40926.45,2,1,1,194764.34,Allemagne,Femme,1
4345,390,26,0,21579.57,4,1,1,151400.61,France,Homme,1
4346,545,30,7,184554.73,1,1,1,176863.54,Espagne,Homme,0
4347,417,28,2,68300.46,4,1,1,194663.6,France,Femme,0
4348,825,78,2,155965.64,3,1,1,84956.71,France,Femme,1
4349,613,33,5,173939.58,3,1,1,142254.83,France,Homme,0
4350,351,33,3,80477.69,1,1,1,49044.07,Allemagne,Femme,1
4351,710,76,3,203786.15,1,1,1,117058.43,France,Femme,0
4352,474,19,3,137497.25,2,1,1,53827.52,France,Femme,0
4353,459,59,9,217249.85,4,1,0,44679.73,France,Homme,1
4354,435,61,8,190823.39,3,1,1,33212.07,France,Homme,0
4355,774,25,7,217143.91,2,1,0,122251.26,France,Femme,1
4356,469,60,2,5040.35,3,1,1,190722.47,France,Femme,1
4357,476,79,0,60876.57,2,1,1,37611.03,France,Femme,0
4358,604,59,0,22501.99,2,1,1,107928.17,France,Femme,0
4359,532,30,0,110520.75,3,1,1,142107.6,France,Homme,1
4360,365,74,3,222490.03,2,0,1,106734.41,Allemagne,Homme,1
4361,826,34,13,116885.07,3,0,0,183678.55,France,Femme,1
4362,411,56,5,212428.26,1,1,1,45764.7,France,Femme,1
4363,718,41,3,81794.56,4,0,1,19470.2,Espagne,Femme,0
4364,781,20,10,84892.52,2,1,0,85876.85,Espagne,Homme,0
4365,507,47,10,223890.43,3,0,1,117765.43,Allemagne,Homme,0
4366,617,69,2,106454.29,3,0,1,62083.81,France,Femme,0
4367,384,30,7,197441.37,4,1,1,46160.21,Allemagne,Femme,1
4368,616,36,13,59160.89,4,1,0,163895.0,France,Homme,0
4369,413,24,7,237200.21,4,1,1,49886.41,France,Homme,0
4370,843,26,5,143644.56,2,0,1,96896.21,France,Homme,0
4371,399,36,8,189830.89,3,1,1,191579.01,Espagne,Homme,1
4372,818,62,11,22378.92,2,1,1,128350.39,Allemagne,Femme,1
4373,604,71,9,123166.06,2,1,0,107078.84,France,Femme,0
4374,498,57,0,225259.62,1,0,1,81646.29,Espagne,Femme,1
4375,674,39,12,219259.66,4,1,0,111271.31,France,Homme,0
4376,653,35,7,11703.49,1,1,1,150846.81,France,Femme,0
4377,625,78,5,75924.62,1,1,1,167167.54,Allemagne,Femme,0
4378,706,40,0,110830.0,2,1,1,135221.83,Allemagne,Femme,1
4379,800,19,3,43066.2,2,1,1,161208.66,France,Homme,0
4380,521,67,4,182499.58,3,1,1,31357.29,France,Homme,1
4381,766,67,6,46128.0,1,0,1,17659.27,France,Femme,0
4382,550,28,7,86659.92,4,1,1,150866.04,Allemagne,Femme,0
4383,794,48,8,165820.16,1,0,1,63415.25,France,Femme,0
4384,742,50,11,120522.34,3,1,1,177370.48,Allemagne,Femme,0
4385,673,31,11,184642.76,1,1,1,114132.38,France,Homme,0
4386,384,33,5,240301.98,1,1,1,103526.38,France,Homme,1
4387,814,28,9,29136.67,1,1,1,157971.47,France,Homme,1
4388,831,50,8,177391.93,3,1,0,152102.76,Espagne,Femme,1
4389,565,79,3,57586.04,1,1,1,145291.16,Allemagne,Femme,0
4390,829,24,7,103619.18,2,1,1,142631.68,Allemagne,Homme,0
4391,414,48,2,8215.68,1,0,1,110348.26,Allemagne,Femme,1
4392,357,78,3,33976.85,2,1,1,186397.97,Espagne,Homme,1
4393,650,65,9,79944.32,1,1,0,179768.66,France,Homme,0
4394,692,79,3,85496.45,2,0,1,75939.91,Allemagne,Homme,1
4395,780,63,5,224896.3,1,1,1,163868.49,Allemagne,Femme,1
4396,773,64,14,185453.23,4,0,1,179855.08,Allemagne,Femme,1
4397,681,31,8,243045.74,2,0,1,129377.17,Espagne,Femme,0
4398,787,45,5,149767.88,4,1,0,117782.15,Allemagne,Homme,0
4399,425,70,0,60428.43,2,1,1,139299.05,Espagne,Femme,0
4400,523,60,4,81913.76,1,1,1,45166.22,France,Homme,0
4401,396,33,8,79958.98,3,1,0,31158.58,France,Homme,0
4402,364,36,4,81623.58,1,0,0,166727.8,France,Homme,1
4403,710,34,5,168241.04,3,1,1,121065.35,Espagne,Femme,1
4404,496,76,2,132701.98,4,1,1,37662.78,France,Homme,0
4405,375,43,7,96356.04,3,1,1,92018.84,Allemagne,Femme,0
4406,657,23,9,37272.44,3,0,0,70173.36,France,Homme,0
4407,442,60,10,5534.79,3,0,1,176963.42,Espagne,Femme,1
4408,755,66,12,54708.67,3,1,0,108835.73,France,Homme,1
4409,581,26,3,26867.85,4,1,1,121839.82,Allemagne,Femme,0
4410,370,67,3,196361.26,3,1,1,58528.72,Allemagne,Femme,0
4411,656,34,10,28124.49,1,0,1,162826.76,France,Femme,1
4412,387,48,11,181057.06,2,1,0,187068.74,Allemagne,Femme,0
4413,625,29,4,96414.67,2,1,1,161611.45,France,Homme,1
4414,506,40,13,18344.6,1,1,0,106178.94,Espagne,Femme,0
4415,528,71,9,203182.51,4,0,1,169491.45,France,Femme,0
4416,481,71,14,144907.64,1,0,1,49772.39,Allemagne,Homme,1
4417,660,79,8,58940.38,1,1,1,35981.53,France,Homme,1
4418,804,22,12,223670.29,3,0,1,96070.54,France,Femme,0
4419,697,60,7,11314.58,3,1,1,48583.88,France,Homme,0
4420,377,53,6,50454.9,4,1,1,62944.7,Allemagne,Homme,0
4421,609,76,4,188011.73,4,1,1,123246.6,Allemagne,Homme,1
4422,755,53,8,177344.48,2,1,1,89722.08,France,Femme,1
4423,425,20,8,72317.92,4,1,1,175187.48,Espagne,Femme,0
4424,778,75,9,15506.22,1,0,1,56738.28,France,Femme,0
4425,416,41,9,214519.52,2,0,1,199406.28,France,Femme,0
4426,691,72,1,78424.41,2,1,1,81487.78,France,Femme,0
4427,841,74,3,48928.35,3,0,1,110349.53,France,Homme,1
4428,543,34,7,129015.46,3,0,1,39481.44,France,Femme,0
4429,821,56,12,227556.8,2,1,1,122170.32,France,Homme,0
4430,511,43,13,10886.64,3,1,0,192837.71,France,Femme,1
4431,696,21,0,191451.02,3,1,1,153638.59,Espagne,Homme,0
4432,788,72,12,143118.31,3,1,1,60150.09,France,Femme,0
4433,710,62,14,106362.28,2,0,1,96883.17,France,Homme,1
4434,606,29,4,186020.11,2,0,0,93705.16,France,Femme,0
4435,421,18,7,241456.11,2,1,1,33120.34,France,Femme,0
4436,436,38,1,57301.55,1,0,1,178882.28,France,Homme,0
4437,771,36,1,35911.84,2,0,1,85569.37,Allemagne,Femme,0
4438,611,38,12,228220.44,3,1,0,106438.03,Allemagne,Homme,1
4439,563,69,7,167238.27,2,1,1,68880.84,France,Homme,0
4440,502,35,9,109496.51,1,0,1,43193.19,France,Homme,0
4441,559,60,11,143314.89,3,1,1,181890.46,Allemagne,Femme,0
4442,750,69,8,186403.48,4,1,0,21918.53,Allemagne,Homme,0
4443,410,20,6,193257.97,2,1,0,88977.71,France,Homme,1
4444,617,78,7,229973.55,2,0,1,150178.65,France,Femme,0
4445,611,66,4,106710.7,4,1,1,72138.71,Allemagne,Femme,0
4446,567,61,0,73352.73,3,1,1,97515.29,Allemagne,Homme,0
4447,632,49,3,159916.07,2,0,1,119428.29,Espagne,Homme,0
4448,485,27,14,103931.97,1,1,0,199090.1,France,Femme,0
4449,816,57,1,148649.61,3,1,0,155285.75,Allemagne,Homme,1
4450,729,32,2,104996.45,2,1,1,193916.34,France,Homme,0
4451,711,22,11,38248.95,3,1,1,143231.91,Allemagne,Homme,1
4452,798,21,2,117356.69,2,1,1,64774.78,France,Homme,0
4453,790,75,8,172729.46,4,1,1,68185.43,France,Homme,0
4454,442,45,12,199820.95,2,1,1,167155.9,Allemagne,Femme,0
4455,458,70,14,123331.57,3,0,0,94127.0,Allemagne,Homme,1
4456,590,69,9,41309.47,2,0,1,83491.48,France,Femme,0
4457,704,68,14,103671.93,2,1,1,189842.39,Allemagne,Femme,0
4458,773,70,3,196573.48,3,1,1,17448.14,France,Homme,0
4459,491,21,1,103214.82,2,0,1,112118.87,Allemagne,Homme,1
4460,640,32,2,174132.7,2,1,1,158389.18,France,Homme,0
4461,781,34,2,126803.42,3,0,0,151191.27,Allemagne,Homme,0
4462,586,61,13,60305.78,4,1,0,83001.26,Allemagne,Homme,1
4463,689,20,6,199037.63,1,1,1,114094.94,France,Homme,1
4464,661,27,7,21053.36,1,0,1,16031.8,France,Homme,0
4465,526,64,12,131222.57,1,1,1,113943.6,France,Homme,1
4466,490,59,10,52222.76,1,1,0,124224.23,France,Femme,1
4467,538,73,12,16766.41,1,0,1,176836.4,France,Homme,0
4468,835,40,5,125733.48,1,1,1,53986.39,Espagne,Homme,0
4469,398,35,3,124890.54,3,1,1,167651.96,Espagne,Homme,0
4470,651,18,5,176725.23,3,1,1,147842.3,Allemagne,Homme,0
4471,718,52,12,186187.67,3,0,1,138215.71,France,Femme,1
4472,539,70,10,181947.87,2,1,0,87961.75,Espagne,Homme,0
4473,485,75,0,102389.68,4,1,1,82975.36,Allemagne,Homme,0
4474,392,48,12,157922.45,4,1,0,145103.33,France,Femme,0
4475,753,76,9,144236.31,1,1,0,198191.29,France,Femme,0
4476,729,61,7,105390.44,1,1,0,89990.45,Allemagne,Femme,0
4477,702,18,0,149303.17,3,0,1,184940.96,France,Homme,1
4478,439,20,14,236811.97,4,0,1,123510.84,France,Femme,1
4479,644,20,4,48223.44,2,0,1,175610.65,France,Femme,1
4480,690,54,1,226443.02,2,1,1,55180.23,France,Homme,1
4481,594,36,14,13363.88,3,0,1,156012.93,France,Femme,0
4482,782,46,5,77097.3,1,1,0,169464.55,France,Homme,1
4483,541,42,8,72036.31,4,1,1,168951.29,Espagne,Homme,1
4484,667,50,4,156591.28,2,1,1,160171.61,Allemagne,Femme,0
4485,455,53,3,32806.24,1,1,1,71276.19,France,Homme,0
4486,712,78,13,220586.9,4,1,0,111560.79,France,Homme,1
4487,659,46,1,207137.85,2,1,0,70445.38,Allemagne,Femme,1
4488,731,75,11,163016.45,1,1,1,78448.69,France,Femme,1
4489,582,43,2,114603.46,2,0,0,70725.49,France,Homme,0
4490,614,21,5,233239.01,1,0,1,67582.0,Allemagne,Homme,1
4491,693,66,7,207686.64,1,0,0,143283.01,France,Homme,0
4492,386,31,13,124828.79,1,1,0,135298.78,France,Femme,1
4493,654,67,7,175468.34,4,1,1,52788.88,Espagne,Femme,1
4494,390,44,4,141732.49,3,0,1,142930.96,France,Femme,0
4495,366,50,4,146985.56,1,0,1,68847.69,Allemagne,Femme,1
4496,693,39,9,82744.02,1,1,1,52317.89,France,Homme,0
4497,626,65,13,115521.15,2,0,1,153241.6,Espagne,Femme,1
4498,656,20,12,19530.36,2,1,1,82130.6,Allemagne,Femme,1
4499,408,40,2,89337.17,4,0,1,120329.85,Espagne,Femme,1
4500,772,38,14,173957.13,3,1,1,52022.93,Allemagne,Homme,0
4501,532,58,6,238304.01,2,1,0,128533.36,France,Femme,0
4502,390,40,14,240766.03,4,1,1,53478.79,Espagne,Femme,0
4503,388,21,12,138930.72,4,0,1,45872.23,Allemagne,Femme,0
4504,746,38,5,151655.56,4,0,1,86507.79,Allemagne,Homme,1
4505,541,54,14,46430.3,1,1,1,161161.44,France,Femme,0
4506,616,60,0,173827.03,3,1,0,47658.85,France,Homme,1
4507,843,48,3,17664.7,3,1,1,36649.91,Allemagne,Femme,1
4508,496,38,5,71171.42,3,1,1,20854.82,France,Femme,1
4509,744,43,10,167090.84,1,0,1,91953.66,Espagne,Homme,0
4510,682,58,5,77577.53,1,1,1,67174.64,France,Homme,0
4511,476,75,10,12461.72,2,1,1,69040.06,Allemagne,Homme,1
4512,395,52,13,207967.6,2,1,1,196659.26,Espagne,Homme,0
4513,394,55,14,77582.5,2,1,1,50912.83,France,Homme,0
4514,350,41,11,15776.31,4,0,1,99809.0,France,Homme,1
4515,517,28,11,18697.04,3,1,0,197478.11,France,Femme,0
4516,457,58,2,62939.7,1,1,1,20664.34,Allemagne,Homme,1
4517,368,46,5,44503.99,2,1,1,143881.63,France,Homme,1
4518,681,64,11,193575.03,4,0,1,83650.35,Espagne,Femme,0
4519,421,72,9,80421.01,1,1,1,182628.06,Allemagne,Femme,1
4520,805,77,5,201173.95,4,0,1,183709.17,Allemagne,Homme,1
4521,794,20,11,43461.5,4,1,1,86634.36,Espagne,Homme,1
4522,458,18,8,123219.79,4,0,1,55970.74,France,Homme,1
4523,617,69,8,172009.28,3,1,1,94180.64,Allemagne,Femme,0
4524,794,78,1,162997.71,1,1,0,193581.66,Allemagne,Femme,0
4525,589,71,3,150282.35,1,0,0,67058.74,France,Femme,1
4526,766,36,8,231205.4,4,1,1,196543.79,Espagne,Femme,0
4527,650,63,14,57131.29,3,1,1,166587.43,Allemagne,Femme,0
4528,439,66,13,123429.8,4,1,1,64478.68,Espagne,Homme,1
4529,452,39,12,220998.14,2,0,1,161347.85,Espagne,Femme,0
4530,825,31,3,19473.44,1,1,1,24212.9,France,Femme,0
4531,599,66,7,13972.07,1,1,1,116391.72,Espagne,Homme,1
4532,802,74,9,58325.57,3,1,1,81109.59,Allemagne,Homme,1
4533,357,76,11,158255.3,1,1,1,93983.16,Espagne,Homme,0
4534,502,31,2,64969.91,1,0,1,102478.05,France,Homme,1
4535,696,61,2,47559.97,1,1,1,108001.86,France,Homme,1
4536,523,33,8,114700.58,3,1,1,136436.27,France,Femme,1
4537,692,50,10,153399.52,4,1,1,143903.75,France,Femme,1
4538,507,30,9,62139.43,1,1,1,195505.25,France,Femme,1
4539,842,55,7,75172.8,4,1,1,156114.05,France,Femme,0
4540,780,66,0,153389.83,3,1,0,142242.59,France,Femme,0
4541,564,29,9,236434.61,4,1,1,87604.89,France,Homme,0
4542,526,72,13,168685.43,2,1,0,36794.49,France,Homme,1
4543,524,68,1,195726.04,1,1,0,25875.86,France,Homme,1
4544,689,55,2,91702.52,3,1,1,103371.67,France,Homme,0
4545,687,56,13,68063.59,3,1,1,138627.49,France,Homme,0
4546,495,50,10,113566.94,4,0,1,135279.57,Allemagne,Homme,0
4547,799,50,1,201783.21,1,1,1,191279.36,France,Femme,0
4548,673,46,2,114074.91,3,1,1,85749.55,France,Femme,0
4549,827,22,7,211681.35,2,1,1,131140.01,France,Homme,1
4550,510,23,10,247193.0,4,0,1,179256.66,Espagne,Homme,0
4551,476,48,10,18006.67,2,0,1,89754.38,Allemagne,Homme,0
4552,769,33,11,11352.54,2,0,1,103382.48,Espagne,Femme,1
4553,431,48,13,37397.43,4,1,1,185749.99,France,Homme,1
4554,834,42,5,96092.42,2,0,1,116794.76,France,Femme,0
4555,496,65,14,32760.55,4,1,1,162927.84,Espagne,Femme,0
4556,588,63,13,217666.12,4,1,1,188090.41,France,Femme,0
4557,761,50,6,5786.56,3,1,1,120645.74,France,Femme,0
4558,773,30,9,78948.18,3,0,1,35199.59,Espagne,Homme,0
4559,433,69,14,46173.66,2,1,1,167014.49,France,Femme,1
4560,462,27,14,232884.83,2,1,1,166289.7,Allemagne,Femme,1
4561,574,41,12,167370.25,2,0,1,36272.26,France,Femme,0
4562,681,27,9,228007.56,2,1,1,116401.86,France,Femme,0
4563,727,58,5,243082.18,2,1,1,105110.84,France,Femme,0
4564,592,48,0,124274.56,3,1,1,171725.14,France,Femme,0
4565,492,30,10,58579.78,2,1,1,65806.15,Espagne,Homme,1
4566,390,20,2,48432.2,2,0,1,93861.38,Allemagne,Homme,0
4567,772,76,12,55729.72,1,1,1,126886.34,France,Homme,0
4568,607,67,0,177148.33,4,1,0,110690.36,Allemagne,Homme,0
4569,796,69,11,10111.43,4,1,1,191681.34,Allemagne,Homme,1
4570,634,51,14,12840.27,3,1,1,192721.61,Allemagne,Femme,0
4571,454,66,9,152035.74,4,0,1,30090.91,France,Femme,0
4572,551,45,11,160514.29,2,0,1,70101.69,Espagne,Femme,0
4573,799,36,8,166315.73,4,0,1,16393.94,Espagne,Femme,0
4574,656,40,12,92970.13,3,0,1,92304.16,France,Homme,0
4575,680,62,8,201486.22,4,0,1,137495.72,Espagne,Femme,1
4576,810,49,4,133406.15,4,1,1,102187.68,Allemagne,Femme,0
4577,615,30,3,26366.41,1,1,1,27428.65,Espagne,Homme,0
4578,747,50,11,199274.83,1,1,1,51251.9,France,Femme,1
4579,559,51,8,238266.95,2,1,1,47058.9,Allemagne,Homme,0
4580,400,50,8,15009.08,4,1,1,109558.73,France,Femme,1
4581,467,73,14,97837.83,2,1,1,140370.8,Allemagne,Homme,1
4582,550,22,2,121879.01,4,0,1,73520.2,Allemagne,Femme,0
4583,726,73,4,36617.69,2,1,0,39135.11,France,Femme,1
4584,388,20,2,216927.24,2,0,1,162740.56,Allemagne,Homme,1
4585,377,78,9,71037.41,4,0,1,173796.94,Allemagne,Femme,0
4586,608,77,1,195752.13,1,1,1,66150.32,Allemagne,Femme,1
4587,433,24,0,167748.62,3,1,1,92838.32,Espagne,Homme,0
4588,803,41,11,149511.46,2,1,1,30157.25,Espagne,Femme,0
4589,504,39,9,48035.71,3,1,1,57123.99,France,Homme,0
4590,466,62,1,55175.88,4,0,0,156895.07,Espagne,Femme,1
4591,351,78,7,11837.1,2,1,1,82561.61,Allemagne,Femme,1
4592,442,40,10,60178.11,4,0,1,126868.07,France,Femme,0
4593,515,47,7,86360.9,2,0,1,190044.13,France,Homme,0
4594,736,77,2,208286.33,1,0,1,148873.0,Espagne,Homme,1
4595,749,35,6,91598.17,2,1,1,98888.65,Allemagne,Femme,1
4596,699,49,6,188655.45,2,1,1,82872.86,France,Homme,0
4597,645,73,1,109860.57,2,1,1,50247.5,France,Homme,0
4598,607,70,8,196217.08,4,1,1,154885.91,France,Femme,0
4599,430,24,2,244067.9,1,1,1,35798.67,Espagne,Femme,1
4600,774,50,1,59960.39,4,1,0,26357.83,France,Homme,0
4601,617,22,11,215585.4,3,1,1,34393.3,France,Femme,1
4602,768,66,2,155456.02,1,1,1,59937.5,Allemagne,Homme,0
4603,584,45,1,204323.57,2,1,1,131017.83,France,Femme,1
4604,670,78,14,162896.48,2,1,1,174346.07,France,Homme,1
4605,660,25,7,105987.38,2,1,0,198635.14,Allemagne,Homme,1
4606,650,32,4,57018.73,3,1,1,150324.57,Espagne,Femme,1
4607,812,69,2,17508.81,3,1,0,42005.76,France,Homme,1
4608,823,21,4,133879.59,2,1,1,66375.38,Espagne,Femme,1
4609,706,51,10,247581.52,2,1,0,39417.55,France,Homme,1
4610,562,22,10,184510.45,3,1,1,36377.08,France,Femme,0
4611,411,50,7,81836.39,4,0,1,120030.54,France,Femme,0
4612,398,74,6,206801.2,1,1,1,182743.77,France,Homme,1
4613,476,22,5,192246.0,1,1,1,141600.38,France,Femme,1
4614,572,55,13,70408.95,3,0,0,163120.29,France,Homme,1
4615,758,51,12,3576.87,3,1,1,108997.9,France,Homme,0
4616,628,75,0,29540.66,4,1,0,102934.4,Allemagne,Femme,1
4617,757,43,9,219326.55,2,0,1,188434.64,Allemagne,Homme,0
4618,643,18,0,209140.76,3,0,1,148563.46,Allemagne,Homme,1
4619,633,21,0,73802.25,4,1,1,99978.11,France,Femme,0
4620,626,56,13,71298.86,3,1,1,76527.75,France,Homme,0
4621,787,71,9,198216.25,2,0,0,32228.59,France,Femme,1
4622,456,43,13,234434.37,3,1,1,166881.84,France,Femme,1
4623,495,50,7,194784.31,2,1,1,46324.88,Allemagne,Femme,0
4624,769,50,7,151394.67,4,1,1,110277.93,Allemagne,Femme,1
4625,448,25,13,60667.84,1,1,1,132896.66,Espagne,Homme,1
4626,778,37,6,131436.98,4,0,1,152654.45,France,Homme,1
4627,724,33,5,58377.96,1,1,0,30418.56,France,Homme,0
4628,422,38,3,202002.86,4,1,1,16976.94,France,Homme,0
4629,786,62,0,96740.27,1,1,1,145611.57,France,Femme,1
4630,835,72,14,208424.3,4,1,1,99062.39,Allemagne,Homme,0
4631,471,73,14,95402.3,2,0,1,48510.04,France,Femme,1
4632,379,43,8,206037.35,1,0,1,196675.07,Allemagne,Femme,1
4633,537,40,14,83329.45,1,0,0,161400.52,France,Femme,0
4634,713,35,0,110033.18,2,0,1,122024.92,Espagne,Femme,1
4635,703,79,3,153872.1,2,1,1,144889.81,France,Homme,0
4636,637,48,2,17571.9,1,1,1,43679.34,France,Homme,1
4637,800,69,6,237051.77,1,0,1,193011.66,France,Homme,0
4638,544,59,4,143401.45,1,0,0,199327.91,France,Femme,1
4639,505,29,4,126955.0,3,0,0,134962.42,Allemagne,Homme,0
4640,521,18,3,209848.49,4,1,1,138637.83,Allemagne,Femme,0
4641,684,59,0,216440.68,2,1,0,145324.83,Allemagne,Homme,1
4642,390,26,4,130565.1,2,1,1,138170.45,France,Homme,0
4643,412,20,3,231815.58,4,1,1,96130.05,Espagne,Femme,1
4644,372,77,13,16184.44,2,1,1,115025.1,France,Femme,1
4645,709,68,9,28306.45,2,0,1,67304.35,France,Homme,0
4646,424,43,12,149197.06,1,1,1,97666.86,Espagne,Homme,1
4647,397,26,7,88516.47,2,1,1,95679.11,Espagne,Femme,0
4648,509,59,1,116056.29,3,1,1,68305.98,Allemagne,Homme,1
4649,662,68,7,82019.8,3,1,1,160540.39,France,Homme,1
4650,467,33,0,101181.33,1,1,1,90789.32,France,Femme,0
4651,449,41,12,205661.59,1,0,1,117067.33,Allemagne,Femme,1
4652,729,67,3,148369.05,2,0,1,43876.75,Allemagne,Homme,0
4653,766,31,2,249336.14,1,1,0,102868.88,France,Homme,0
4654,757,78,4,196719.8,1,0,1,155869.24,Allemagne,Homme,0
4655,516,20,12,68416.56,4,0,1,97237.24,France,Homme,0
4656,639,51,4,66086.28,1,1,1,118182.16,Espagne,Femme,0
4657,789,50,4,83974.57,3,1,0,144815.72,Allemagne,Femme,0
4658,505,67,11,210814.87,2,1,1,86960.48,Espagne,Femme,0
4659,770,41,3,6821.91,1,0,1,80357.27,Allemagne,Femme,1
4660,356,26,7,57545.32,4,0,1,30862.26,France,Homme,0
4661,545,30,2,226229.61,2,1,1,122720.39,France,Femme,0
4662,770,19,11,159974.11,2,1,1,145787.33,Allemagne,Femme,0
4663,405,24,3,56711.77,2,1,1,122531.71,France,Femme,0
4664,670,65,0,54786.24,4,1,1,67452.19,Espagne,Femme,0
4665,542,38,6,215654.53,3,1,1,63532.32,France,Homme,0
4666,396,36,0,223439.38,4,0,1,44505.21,Espagne,Homme,1
4667,497,42,14,64032.77,4,0,1,23693.3,France,Femme,0
4668,624,64,1,105127.59,2,0,1,93972.44,France,Homme,0
4669,506,39,10,208648.93,4,1,1,44696.26,France,Homme,0
4670,551,28,6,192751.86,2,0,1,142797.57,Allemagne,Homme,1
4671,793,50,0,203479.03,1,1,1,192920.61,Allemagne,Femme,0
4672,751,49,10,129599.55,1,1,0,28594.09,France,Homme,1
4673,825,38,2,227887.26,4,0,0,180196.82,France,Femme,1
4674,768,56,12,81487.89,3,1,1,136677.48,France,Femme,1
4675,776,37,5,39168.03,2,1,1,174151.61,France,Femme,0
4676,844,25,5,177183.08,4,1,1,43667.39,Espagne,Femme,0
4677,828,59,5,134838.6,4,1,1,182699.18,Allemagne,Femme,0
4678,824,54,10,213646.44,3,0,1,192206.29,France,Homme,0
4679,475,26,12,20289.81,2,1,1,182742.11,France,Femme,1
4680,744,42,1,210923.1,4,0,1,160317.43,France,Homme,0
4681,654,42,1,73323.66,3,1,1,31706.29,Allemagne,Homme,0
4682,718,50,5,163713.92,2,1,1,55835.25,Espagne,Homme,0
4683,643,19,9,10032.2,1,1,1,183930.01,Allemagne,Homme,0
4684,413,36,4,152395.32,3,0,1,57443.49,Allemagne,Femme,1
4685,674,63,13,179317.92,4,1,1,79327.1,France,Homme,0
4686,741,37,6,92187.55,1,1,1,24338.23,Espagne,Homme,0
4687,767,59,6,53852.68,2,1,1,131197.21,France,Homme,1
4688,525,58,4,134407.67,3,0,1,119210.67,Espagne,Femme,1
4689,465,59,7,208297.7,1,1,0,192927.76,France,Femme,1
4690,789,46,9,80886.84,1,0,1,180083.76,France,Homme,0
4691,553,23,5,63117.32,4,0,0,108599.62,France,Homme,0
4692,835,34,14,69733.83,1,1,0,127727.4,France,Homme,1
4693,670,77,4,237283.04,4,0,1,91441.41,France,Homme,1
4694,380,42,3,89819.23,2,1,1,39504.94,France,Femme,1
4695,737,55,6,901.06,4,1,1,175541.26,Allemagne,Homme,0
4696,462,21,3,195420.3,3,1,1,116664.64,Allemagne,Femme,1
4697,714,47,4,174818.7,1,0,1,93697.54,France,Homme,1
4698,783,37,4,32142.07,2,0,1,27666.1,France,Homme,1
4699,674,20,0,246226.06,4,0,1,138095.93,Allemagne,Femme,0
4700,763,40,14,152015.57,4,0,1,88938.01,Allemagne,Homme,1
4701,725,68,0,125194.87,4,1,1,61933.74,Allemagne,Femme,0
4702,693,35,2,95554.82,2,1,0,177199.36,Espagne,Homme,0
4703,792,43,14,224668.19,2,1,1,48971.89,France,Femme,0
4704,416,73,13,60990.87,3,1,1,110278.68,France,Femme,1
4705,424,53,10,71442.23,2,0,1,162214.86,Allemagne,Femme,1
4706,394,25,2,30602.7,4,0,0,172078.83,Espagne,Homme,1
4707,609,34,1,189779.77,2,1,1,166460.5,Allemagne,Femme,0
4708,503,48,11,148887.32,4,1,1,180875.87,Allemagne,Femme,0
4709,504,54,1,152266.54,3,1,1,41336.11,Allemagne,Femme,0
4710,779,62,5,54617.61,3,0,0,188984.83,France,Homme,0
4711,712,74,12,162792.1,4,0,1,16998.54,France,Homme,0
4712,797,50,0,191364.61,2,0,1,62342.24,France,Femme,0
4713,824,44,5,89472.13,2,1,1,30547.17,France,Femme,0
4714,583,62,4,200336.79,1,0,1,189923.63,France,Femme,0
4715,400,21,5,87197.65,3,1,1,93428.1,Espagne,Homme,1
4716,655,39,4,189534.62,3,1,0,73324.84,France,Homme,1
4717,611,43,6,8432.53,4,1,0,45911.18,France,Homme,0
4718,664,49,0,137791.15,1,0,1,43826.31,France,Homme,0
4719,474,41,12,242381.64,2,1,1,128577.36,Allemagne,Homme,0
4720,748,63,2,245311.15,4,0,1,23710.57,Allemagne,Femme,0
4721,594,52,5,70438.14,2,1,1,124951.12,Allemagne,Homme,1
4722,379,54,0,110349.77,2,0,1,158310.13,France,Homme,1
4723,775,49,12,15744.48,2,0,1,126187.75,Allemagne,Femme,0
4724,834,24,10,218335.33,1,1,1,167917.07,Allemagne,Femme,1
4725,471,50,10,142143.04,3,1,0,64072.86,Allemagne,Femme,1
4726,474,48,6,96275.17,3,0,1,29276.73,France,Femme,1
4727,386,72,3,28192.64,2,1,1,148383.26,France,Homme,1
4728,519,78,2,236691.82,1,0,1,168204.12,Espagne,Homme,1
4729,473,29,9,132554.76,2,0,1,107810.16,Allemagne,Homme,1
4730,706,28,8,70731.98,2,1,1,166814.13,Espagne,Homme,0
4731,384,41,0,87553.78,4,0,1,99715.04,France,Femme,0
4732,436,25,7,67674.3,1,1,1,51727.61,France,Femme,1
4733,483,49,0,150452.45,1,1,1,102762.89,France,Femme,0
4734,545,74,12,232490.89,3,1,1,54950.87,France,Homme,1
4735,623,55,13,214173.45,3,0,0,102325.84,Allemagne,Homme,1
4736,550,77,4,115095.22,2,1,0,42297.04,Allemagne,Femme,1
4737,718,39,9,206624.84,4,1,1,49328.98,France,Homme,0
4738,634,51,7,105776.37,4,1,1,178338.86,France,Femme,0
4739,426,36,5,63076.79,4,0,0,36433.76,France,Homme,1
4740,408,69,6,245853.78,2,1,1,56490.74,Espagne,Femme,1
4741,780,37,10,75971.89,3,1,1,199171.21,France,Femme,0
4742,475,73,7,80931.06,1,1,1,121563.43,France,Femme,1
4743,849,31,12,247423.22,2,1,1,123376.56,France,Homme,0
4744,750,50,5,33481.87,4,1,1,171319.61,Allemagne,Homme,0
4745,458,27,10,190133.5,4,0,0,111999.13,Espagne,Femme,1
4746,573,33,5,233953.19,2,0,1,56029.66,France,Homme,0
4747,845,79,10,127948.75,4,0,1,93156.31,France,Femme,0
4748,627,21,5,630.44,1,0,1,154675.23,France,Homme,1
4749,417,44,4,93764.74,2,1,1,176402.96,France,Femme,0
4750,418,45,7,27892.25,1,1,0,65542.71,France,Femme,1
4751,514,78,12,104046.92,3,1,1,63465.42,France,Femme,0
4752,838,60,1,197506.69,4,1,1,75607.52,Espagne,Homme,0
4753,654,33,6,109677.89,4,1,0,125298.98,Espagne,Homme,1
4754,746,76,14,107981.28,3,0,1,66524.18,Espagne,Homme,0
4755,511,69,3,139197.37,3,1,0,180230.33,Allemagne,Homme,0
4756,714,50,0,145422.65,3,1,1,195931.4,France,Homme,0
4757,691,65,12,214074.08,4,1,1,140637.19,France,Homme,0
4758,658,36,4,77088.86,3,1,1,194505.44,Allemagne,Homme,0
4759,728,38,2,205417.82,2,1,1,68252.34,Allemagne,Homme,1
4760,692,39,3,141483.44,3,1,0,165806.52,Allemagne,Femme,1
4761,784,26,6,75132.39,2,1,1,140512.26,Allemagne,Homme,0
4762,736,26,4,73781.51,2,0,1,63690.49,Espagne,Femme,1
4763,391,26,13,90284.38,1,0,0,73905.35,Allemagne,Homme,1
4764,703,44,14,155673.31,2,1,1,105395.75,France,Homme,1
4765,765,34,3,57702.93,2,1,1,161454.02,France,Homme,0
4766,458,61,0,230083.39,3,0,1,176361.12,France,Femme,1
4767,400,74,5,143728.15,4,1,0,132280.2,Allemagne,Homme,1
4768,599,62,10,230003.94,3,1,1,148491.63,France,Homme,0
4769,846,25,9,11601.09,1,1,1,63812.16,France,Homme,0
4770,690,33,5,85652.84,1,1,1,152098.24,Espagne,Femme,1
4771,779,35,6,5701.92,4,1,1,126921.27,France,Homme,0
4772,732,78,0,68062.95,2,1,1,56240.37,France,Homme,1
4773,841,76,13,215501.62,1,0,1,190784.59,France,Femme,0
4774,370,50,3,9152.43,4,1,0,109879.03,Espagne,Homme,1
4775,649,18,11,109036.77,3,0,1,161975.47,Espagne,Homme,1
4776,488,29,8,29391.77,3,0,1,112238.36,Allemagne,Homme,0
4777,708,23,14,104210.16,3,1,1,187593.29,Allemagne,Homme,0
4778,673,58,11,209712.9,2,1,1,41136.69,Espagne,Homme,0
4779,848,72,13,155767.76,2,1,1,116038.61,France,Homme,0
4780,734,22,9,184189.09,4,0,0,19653.68,France,Femme,1
4781,441,76,5,87276.03,1,1,1,51517.81,France,Homme,0
4782,796,33,1,236099.42,3,0,1,66989.9,France,Femme,1
4783,629,35,3,177315.52,2,0,1,102432.86,France,Homme,0
4784,474,66,5,105449.7,2,1,1,166731.94,Espagne,Femme,1
4785,832,35,3,106616.2,1,1,1,101331.08,France,Homme,0
4786,746,18,14,229671.04,3,1,1,118819.63,Espagne,Femme,0
4787,460,36,9,144101.17,3,1,0,185950.06,Allemagne,Femme,0
4788,703,71,6,176594.8,1,1,0,154958.51,France,Femme,1
4789,488,78,11,104258.81,4,0,0,24287.63,Espagne,Femme,1
4790,833,25,12,55923.19,4,0,1,47645.58,Allemagne,Homme,1
4791,784,20,2,180889.82,1,1,1,22070.24,Allemagne,Homme,0
4792,622,75,5,151955.94,1,1,1,27775.41,France,Femme,0
4793,448,42,12,125335.72,4,1,1,77688.14,Allemagne,Homme,0
4794,601,75,14,156005.23,1,0,1,149653.82,France,Femme,1
4795,687,22,11,52071.4,3,1,1,60205.29,France,Homme,1
4796,453,72,3,198484.68,4,0,1,87572.96,France,Femme,0
4797,563,57,2,237040.7,4,1,1,87866.81,France,Femme,0
4798,598,36,11,222775.79,4,1,1,124206.71,Allemagne,Homme,0
4799,501,35,2,80358.94,3,0,1,180190.02,Allemagne,Homme,0
4800,599,67,13,101501.44,1,1,0,196897.05,France,Femme,1
4801,624,70,1,202100.57,2,1,1,126853.03,Allemagne,Femme,1
4802,514,48,10,148779.28,2,1,0,108438.04,France,Homme,0
4803,836,50,2,136978.61,3,1,0,141147.0,France,Homme,0
4804,690,64,12,231660.49,3,1,1,138585.78,France,Homme,0
4805,357,35,11,134006.24,1,1,0,111929.98,Allemagne,Homme,1
4806,633,78,13,128734.67,2,1,0,151336.92,Allemagne,Femme,0
4807,354,74,9,10504.65,4,0,0,105885.21,France,Femme,1
4808,494,56,0,17354.24,3,0,0,199344.81,France,Homme,1
4809,450,33,14,1855.08,2,0,1,24064.5,France,Homme,0
4810,513,33,2,228311.06,4,1,1,96994.89,Allemagne,Homme,0
4811,723,64,8,102096.67,4,1,1,88449.5,Espagne,Homme,0
4812,496,55,3,117140.34,1,1,1,157506.23,Allemagne,Homme,1
4813,413,58,14,211346.74,3,0,1,50302.69,France,Homme,1
4814,440,24,2,152311.58,4,1,1,95303.97,Allemagne,Femme,1
4815,466,31,7,152375.4,3,1,1,144119.74,Espagne,Femme,0
4816,703,60,0,74133.61,2,0,0,126590.5,Espagne,Homme,1
4817,616,70,4,208477.09,2,1,1,115847.54,Espagne,Femme,1
4818,659,65,0,41457.49,3,1,1,95466.7,Allemagne,Homme,1
4819,522,42,6,13287.4,4,1,0,154121.63,France,Femme,1
4820,396,49,4,47900.84,4,1,1,134588.65,Espagne,Homme,1
4821,489,55,14,66934.3,2,1,1,176821.54,Espagne,Femme,0
4822,595,39,1,70577.76,4,1,0,150604.79,France,Femme,1
4823,498,76,11,167628.4,4,0,1,40975.4,Allemagne,Homme,1
4824,595,33,13,54456.15,2,1,1,129614.54,Espagne,Femme,0
4825,744,69,0,169164.58,1,1,1,23239.61,Espagne,Femme,0
4826,836,46,10,22783.04,2,1,0,86663.61,Allemagne,Femme,0
4827,825,33,14,36800.62,3,0,0,91208.48,Allemagne,Homme,0
4828,354,29,6,127205.36,1,1,1,173153.34,Allemagne,Femme,1
4829,814,34,11,230473.95,3,1,0,48368.77,Allemagne,Homme,0
4830,533,54,0,214891.9,1,0,0,134055.18,France,Homme,0
4831,369,44,2,242188.36,1,1,1,50591.6,France,Femme,1
4832,774,42,10,162619.77,2,1,0,190503.98,Allemagne,Homme,1
4833,395,30,14,168953.72,2,1,1,112956.93,France,Homme,0
4834,361,25,5,156255.75,3,1,1,146019.55,Allemagne,Femme,1
4835,419,73,14,155704.73,2,0,1,134610.9,France,Homme,1
4836,366,22,5,36780.09,1,1,1,71173.13,Allemagne,Homme,1
4837,720,29,14,135934.74,2,1,1,181721.59,Allemagne,Femme,0
4838,496,58,6,96516.98,3,1,1,131041.0,Espagne,Homme,0
4839,503,20,10,110634.3,1,0,1,109408.83,Allemagne,Femme,1
4840,653,52,13,130900.14,3,1,1,112746.73,Allemagne,Femme,1
4841,457,50,10,32099.04,4,1,1,179777.75,France,Femme,1
4842,585,74,0,89871.93,2,1,0,25937.1,France,Femme,0
4843,657,39,6,15862.39,1,1,0,86976.49,France,Homme,1
4844,701,67,1,244917.03,3,1,1,170701.09,Espagne,Homme,0
4845,419,73,5,29632.01,2,1,1,21940.32,Allemagne,Homme,1
4846,532,61,12,64631.18,2,1,1,133248.53,France,Homme,0
4847,599,26,7,222823.23,3,0,1,89603.87,Allemagne,Homme,0
4848,577,58,12,120677.51,1,1,1,52847.94,France,Femme,0
4849,451,35,4,33909.3,3,1,1,128109.9,France,Homme,1
4850,424,67,9,96057.63,2,1,1,168746.29,France,Femme,0
4851,766,46,2,28967.0,3,1,1,101457.82,France,Femme,0
4852,795,56,10,50054.0,4,0,0,42146.42,France,Homme,0
4853,565,44,7,13007.46,2,0,1,71637.98,Espagne,Femme,0
4854,756,53,7,109556.87,1,1,0,196550.35,Allemagne,Femme,0
4855,748,62,3,201659.03,4,0,1,35552.0,Allemagne,Femme,1
4856,760,34,7,146492.29,3,0,1,44732.28,Allemagne,Femme,1
4857,552,73,4,151586.33,1,1,1,198182.9,France,Femme,1
4858,541,51,12,50146.01,4,1,1,178188.76,Espagne,Homme,0
4859,598,63,10,85973.46,3,0,1,145818.82,Espagne,Homme,0
4860,848,20,4,211310.53,4,0,1,42931.9,Allemagne,Femme,0
4861,591,22,2,21964.05,2,0,1,59501.59,France,Homme,1
4862,814,31,14,214482.66,1,1,0,48333.71,Espagne,Femme,0
4863,528,20,6,120922.51,4,1,1,131726.65,France,Femme,1
4864,786,40,10,209286.86,2,0,0,88790.74,Allemagne,Homme,0
4865,811,56,13,79501.6,3,1,1,23839.14,France,Homme,0
4866,568,47,10,84710.74,2,0,1,68889.08,France,Homme,0
4867,431,67,8,187901.22,3,0,1,174220.85,Espagne,Femme,0
4868,441,62,8,196249.04,1,1,1,162267.83,Espagne,Homme,1
4869,784,78,0,57411.17,2,0,1,133957.18,Espagne,Homme,1
4870,524,40,0,243217.83,2,1,1,30825.55,France,Homme,0
4871,588,44,9,21122.53,3,1,1,178316.3,France,Homme,0
4872,609,71,11,17125.74,4,0,1,113885.79,Espagne,Femme,1
4873,740,27,11,148876.05,3,1,1,106496.56,France,Femme,0
4874,714,42,10,180685.19,4,1,1,187801.76,Allemagne,Homme,1
4875,512,30,14,240221.53,3,1,1,16636.14,France,Femme,0
4876,397,33,4,101236.45,1,1,1,117840.98,France,Femme,0
4877,678,58,0,6322.85,4,1,0,161380.21,Espagne,Femme,0
4878,677,51,3,150724.08,2,0,1,26782.74,France,Femme,0
4879,465,72,11,72424.01,4,1,1,81076.83,Allemagne,Homme,0
4880,778,54,0,108236.78,3,0,1,195834.76,France,Homme,0
4881,686,78,14,122117.37,3,0,1,54180.42,France,Femme,0
4882,686,39,1,16128.15,4,1,1,113268.2,France,Homme,0
4883,718,34,1,121495.45,2,0,1,153022.77,Allemagne,Femme,0
4884,574,40,3,106579.92,1,0,1,87219.16,Espagne,Femme,0
4885,701,71,7,178136.07,2,1,0,90456.55,Espagne,Homme,1
4886,677,53,1,161416.48,4,1,1,26704.65,Allemagne,Femme,0
4887,496,66,13,46303.93,3,0,1,50167.27,Allemagne,Homme,1
4888,412,26,8,51534.73,2,0,1,177912.71,Espagne,Homme,1
4889,643,69,14,62751.54,3,0,1,166388.76,France,Femme,0
4890,672,19,11,44737.61,3,0,1,71358.13,Allemagne,Homme,1
4891,792,49,8,164303.3,2,1,1,85616.59,Espagne,Femme,0
4892,674,73,1,248607.54,4,1,1,96475.93,Allemagne,Femme,0
4893,362,67,0,163027.09,2,1,1,78999.57,France,Homme,1
4894,780,70,9,151670.39,1,1,1,135973.67,Allemagne,Homme,0
4895,843,76,14,102481.98,3,1,1,17373.26,France,Femme,0
4896,538,39,9,78145.06,3,1,1,177831.09,Espagne,Homme,1
4897,636,60,8,227768.44,4,1,1,70620.08,Allemagne,Femme,0
4898,557,30,14,242250.47,3,1,0,176389.09,Espagne,Femme,0
4899,463,25,1,124194.04,3,1,1,99061.38,France,Homme,1
4900,829,76,7,72550.12,3,1,1,158621.23,Espagne,Homme,0
4901,371,18,13,192530.55,2,1,1,167769.27,Allemagne,Femme,1
4902,698,34,2,33114.2,3,1,0,70738.43,Espagne,Femme,1
4903,563,29,0,191397.06,2,0,1,133460.09,Allemagne,Homme,0
4904,520,21,10,204737.09,4,1,0,127371.59,France,Homme,0
4905,672,70,0,31225.99,1,1,1,103062.61,France,Femme,1
4906,403,30,9,244215.37,3,1,0,101870.21,France,Femme,0
4907,743,48,1,246378.07,1,1,1,71462.61,Allemagne,Homme,1
4908,647,78,6,234179.87,2,1,1,72385.24,France,Femme,0
4909,669,58,11,124008.7,4,0,0,116408.05,Allemagne,Homme,1
4910,475,76,5,61518.54,4,1,0,20970.06,Allemagne,Femme,1
4911,626,79,11,145502.32,2,1,1,187727.91,France,Femme,0
4912,813,24,10,104983.46,1,1,0,135246.17,France,Femme,0
4913,553,40,1,51487.16,3,0,1,97037.05,France,Femme,0
4914,543,41,3,105919.1,2,0,1,26434.11,Espagne,Homme,1
4915,518,22,1,165972.46,2,1,0,131552.31,France,Homme,0
4916,501,22,0,17728.33,2,1,0,18282.39,France,Homme,0
4917,384,34,11,83354.5,2,1,1,140775.43,Allemagne,Femme,0
4918,533,47,2,4448.72,2,0,1,28417.02,Allemagne,Homme,1
4919,635,26,14,187373.88,4,0,1,136378.91,France,Homme,0
4920,406,23,3,160172.82,2,0,1,90089.24,France,Femme,0
4921,571,42,9,15668.03,4,0,0,137586.27,France,Homme,1
4922,652,36,4,241184.39,1,0,1,40622.01,France,Homme,0
4923,512,33,4,5655.39,3,1,1,36715.84,France,Femme,1
4924,368,38,14,147490.16,4,1,0,60773.45,France,Homme,1
4925,719,19,6,194091.87,3,1,0,91129.59,France,Homme,1
4926,613,27,13,196974.08,3,1,1,61810.73,France,Femme,0
4927,631,33,14,8571.28,3,1,1,30172.85,Allemagne,Homme,0
4928,462,54,9,226603.78,4,1,1,75130.2,Allemagne,Homme,0
4929,837,32,7,229612.92,4,0,1,145565.77,Espagne,Femme,0
4930,676,30,8,140347.59,4,1,0,122870.93,Espagne,Femme,0
4931,379,30,11,120520.8,1,1,1,193215.04,Espagne,Homme,0
4932,484,49,6,11216.87,4,1,0,95645.51,France,Homme,0
4933,416,62,4,140488.54,1,1,1,76568.44,France,Femme,1
4934,414,64,8,102344.77,4,0,1,143330.71,Allemagne,Homme,1
4935,641,63,7,193201.6,4,1,1,91212.38,Espagne,Homme,0
4936,374,25,9,100970.89,3,1,1,129387.21,Allemagne,Homme,1
4937,386,60,8,170895.21,2,0,1,190063.15,France,Femme,1
4938,350,35,9,25352.04,3,1,1,107350.01,Allemagne,Homme,0
4939,748,73,7,33238.07,4,1,0,107162.38,France,Homme,0
4940,386,53,5,34927.55,2,0,1,158405.81,Espagne,Homme,1
4941,490,43,3,11381.37,2,0,1,154874.18,Allemagne,Femme,1
4942,581,27,8,135332.21,1,1,1,110502.82,Allemagne,Homme,0
4943,485,48,11,198491.93,2,1,0,26973.26,France,Homme,1
4944,738,50,8,152602.8,1,0,1,196445.59,Allemagne,Femme,0
4945,537,46,9,143738.72,3,1,0,84804.28,Allemagne,Homme,1
4946,477,22,9,170155.98,1,1,1,73590.69,Allemagne,Homme,1
4947,550,30,8,84911.33,4,1,0,196586.16,Espagne,Homme,0
4948,476,18,13,90488.52,2,1,1,176345.02,Allemagne,Homme,1
4949,606,40,9,78567.52,4,1,0,76090.08,Allemagne,Femme,1
4950,513,57,2,178027.23,2,1,1,72037.18,Espagne,Homme,0
4951,384,20,10,40410.08,2,0,1,148376.52,France,Femme,1
4952,543,20,11,3256.32,3,0,1,76848.44,France,Femme,1
4953,540,24,14,149049.11,1,1,1,61514.91,Allemagne,Homme,0
4954,453,53,2,235595.34,3,0,0,196239.11,France,Femme,0
4955,372,52,10,152351.98,1,1,1,119656.39,France,Homme,0
4956,614,32,5,195730.41,3,1,1,156062.06,France,Femme,1
4957,639,57,5,168197.68,3,0,0,146915.17,Allemagne,Homme,1
4958,779,20,14,124359.16,2,1,1,154772.31,France,Homme,0
4959,811,46,12,179598.1,3,1,1,182127.15,France,Homme,1
4960,733,47,14,206026.03,3,1,1,107642.14,France,Homme,0
4961,609,56,12,56182.91,1,0,1,154374.96,Allemagne,Femme,1
4962,763,35,5,84032.62,3,0,1,162410.56,France,Homme,0
4963,828,28,4,55931.43,2,1,0,190081.15,Espagne,Femme,1
4964,707,60,13,113043.24,3,1,1,146922.89,Allemagne,Femme,0
4965,424,66,4,221266.14,4,1,0,180133.92,France,Homme,1
4966,704,77,1,86301.78,4,1,1,32582.05,Allemagne,Homme,0
4967,421,55,13,93616.72,1,1,1,38327.87,France,Homme,1
4968,608,57,6,215091.81,1,1,1,44294.05,Espagne,Femme,0
4969,747,18,11,128843.58,4,1,1,41790.42,France,Homme,1
4970,537,46,3,133862.25,3,0,1,31190.98,France,Homme,0
4971,810,27,13,215200.3,3,1,1,37676.15,Allemagne,Homme,0
4972,522,45,2,122631.68,1,0,1,199243.4,France,Femme,1
4973,829,74,7,170389.38,2,1,1,65354.23,Allemagne,Homme,0
4974,639,48,3,21411.17,3,0,1,103438.9,Espagne,Femme,0
4975,394,36,14,44657.93,4,1,1,166998.84,Allemagne,Homme,1
4976,410,20,10,101094.05,2,1,1,36886.36,France,Femme,1
4977,432,53,3,123709.77,2,1,1,73712.53,Espagne,Femme,0
4978,472,60,7,241433.43,3,1,1,44467.91,France,Homme,0
4979,707,32,0,242662.91,2,1,1,26572.88,Allemagne,Homme,0
4980,365,50,8,212799.27,1,0,1,192739.38,Allemagne,Femme,0
4981,415,58,13,78899.71,2,1,0,173796.2,France,Femme,0
4982,773,60,6,241007.07,1,1,1,177670.13,Allemagne,Femme,0
4983,494,68,14,172335.22,3,1,1,175705.82,Allemagne,Femme,1
4984,724,62,11,98235.03,2,1,1,43594.86,Espagne,Femme,0
4985,511,43,1,175418.73,4,1,0,160224.43,France,Homme,0
4986,583,33,10,4130.68,4,0,1,149656.17,France,Femme,0
4987,729,53,11,36538.67,1,0,0,186201.84,France,Homme,1
4988,493,50,5,207421.43,1,1,1,55574.62,Allemagne,Homme,0
4989,707,37,7,161393.41,3,1,1,91598.21,Allemagne,Femme,1
4990,537,30,10,91048.68,2,0,0,69561.77,France,Femme,1
4991,671,50,4,125166.66,1,0,1,62714.8,France,Femme,1
4992,799,22,5,226285.54,1,0,1,135690.61,France,Homme,0
4993,823,54,11,157894.53,3,0,1,45329.52,Allemagne,Femme,1
4994,362,31,9,99537.32,2,1,1,100989.32,Espagne,Femme,0
4995,533,44,7,30081.66,2,1,1,134628.48,France,Femme,0
4996,460,40,12,73436.7,1,1,1,39106.07,Allemagne,Homme,0
4997,764,31,5,244585.06,2,0,1,62541.33,Allemagne,Homme,1
4998,639,57,11,109340.77,2,1,1,193962.72,France,Homme,0
4999,644,21,8,117959.87,2,0,1,162154.43,Allemagne,Femme,1
5000,800,56,14,124649.51,4,1,0,140236.62,Allemagne,Homme,0
5001,741,69,11,221026.01,2,1,1,173354.3,France,Femme,0
5002,564,36,8,150982.07,4,1,1,17584.16,Espagne,Homme,0
5003,811,64,8,173419.26,2,0,1,16123.77,Allemagne,Homme,0
5004,469,71,5,97353.39,2,0,1,43483.83,France,Homme,1
5005,731,21,11,7271.9,2,1,1,106622.57,Espagne,Homme,0
5006,404,47,14,232743.23,1,0,1,120445.14,France,Femme,1
5007,376,36,11,237281.92,1,1,1,36032.38,Allemagne,Homme,1
5008,467,48,8,237288.26,4,1,1,28372.84,Allemagne,Homme,0
5009,570,48,2,235921.77,2,1,1,168241.81,Allemagne,Femme,1
5010,580,26,4,203810.49,4,1,1,100926.67,Allemagne,Femme,0
5011,402,70,1,171149.01,2,0,1,198611.47,France,Femme,1
5012,644,30,11,211127.48,3,1,1,57429.13,France,Femme,1
5013,670,31,12,150136.56,4,0,1,134732.21,Allemagne,Femme,0
5014,750,72,12,33592.4,1,0,0,163811.81,Allemagne,Femme,1
5015,582,77,7,97804.54,3,1,0,176438.06,Espagne,Femme,1
5016,507,63,10,242823.73,1,0,1,71669.02,Allemagne,Femme,1
5017,786,71,12,87784.45,3,0,1,50756.87,France,Femme,0
5018,618,27,3,216956.98,3,1,0,56827.5,France,Homme,0
5019,370,65,5,23302.87,3,1,1,138347.41,Allemagne,Homme,0
5020,752,48,5,83545.96,4,1,1,111631.02,Espagne,Femme,0
5021,402,54,4,87738.33,4,1,1,125813.41,Allemagne,Homme,0
5022,624,40,11,12900.64,1,1,1,18797.79,France,Femme,0
5023,662,44,11,29773.58,4,1,1,87330.04,Espagne,Homme,1
5024,630,23,0,48291.3,1,1,0,72377.47,France,Homme,1
5025,563,43,10,209453.9,2,0,1,174799.54,France,Femme,0
5026,380,19,6,15850.5,1,1,1,158607.86,Allemagne,Homme,0
5027,686,62,9,74675.23,1,1,0,94470.79,France,Femme,1
5028,532,78,14,2543.75,4,0,1,131647.97,Allemagne,Homme,1
5029,372,30,7,173906.94,1,0,1,23820.69,France,Femme,1
5030,381,68,0,155075.77,4,1,1,132891.52,France,Femme,1
5031,795,67,9,161245.57,1,1,1,32982.92,France,Homme,0
5032,423,77,6,93595.7,2,1,1,147093.47,Allemagne,Homme,1
5033,359,36,3,52066.96,4,1,1,121160.11,France,Femme,0
5034,833,18,5,180080.05,4,1,1,70591.25,France,Femme,0
5035,805,57,8,202779.47,2,1,1,83605.4,France,Femme,1
5036,403,49,14,34650.37,4,1,1,31666.94,France,Homme,1
5037,401,39,4,121707.36,1,1,1,74715.87,Allemagne,Femme,0
5038,497,65,7,62178.92,3,0,1,193865.94,France,Femme,0
5039,509,46,4,42026.72,4,1,1,104944.2,France,Femme,0
5040,719,19,1,183581.33,3,1,0,102734.57,Allemagne,Femme,1
5041,363,57,3,134524.23,1,1,1,131407.33,France,Homme,1
5042,527,55,13,54046.33,2,0,1,104622.1,Espagne,Homme,0
5043,761,65,1,77500.0,4,1,1,80769.18,Allemagne,Femme,0
5044,715,72,6,241663.42,3,0,1,40811.49,France,Homme,1
5045,849,28,6,212169.89,2,1,1,131608.32,France,Homme,0
5046,402,34,13,219986.69,2,1,1,153550.65,Espagne,Femme,0
5047,757,72,14,115003.02,4,1,1,185773.99,Allemagne,Homme,1
5048,684,68,2,155951.82,3,1,1,15557.56,Allemagne,Femme,0
5049,371,60,13,94191.94,4,1,1,27332.18,Allemagne,Homme,0
5050,379,77,12,19427.99,1,1,1,181390.05,France,Femme,1
5051,540,25,6,100267.33,2,1,1,131763.77,France,Femme,0
5052,609,39,14,148495.19,3,1,1,192213.4,France,Femme,0
5053,554,21,0,71786.07,4,1,1,94706.25,Allemagne,Homme,0
5054,408,28,0,211987.64,2,0,1,92087.13,Espagne,Homme,1
5055,820,25,8,37775.04,4,1,1,78688.95,France,Femme,0
5056,613,26,5,91782.27,3,1,1,41421.5,Allemagne,Femme,1
5057,815,43,12,31225.98,1,0,1,85047.09,Espagne,Homme,0
5058,361,19,13,101208.03,1,0,1,17709.98,France,Homme,1
5059,468,33,11,9915.33,1,0,1,109222.96,France,Homme,0
5060,764,48,4,68137.35,4,1,1,171733.89,France,Homme,1
5061,811,23,12,100183.81,2,1,1,74421.4,France,Femme,1
5062,639,70,5,119541.34,1,1,1,32508.43,Allemagne,Femme,1
5063,687,38,5,135924.09,1,1,1,195145.84,France,Femme,1
5064,597,43,0,68747.78,1,1,1,38860.86,France,Homme,1
5065,703,76,4,130760.33,1,1,1,112809.04,Allemagne,Femme,1
5066,476,36,8,127251.16,3,1,1,164699.35,Allemagne,Femme,0
5067,424,45,3,79044.51,3,0,0,61683.86,Espagne,Homme,1
5068,710,25,2,207550.08,2,1,1,170675.56,Espagne,Homme,1
5069,553,31,0,136410.28,3,1,1,118049.65,Espagne,Femme,1
5070,398,41,13,83067.43,3,1,1,76408.1,France,Femme,0
5071,428,65,14,236834.63,3,1,1,175152.5,France,Femme,0
5072,790,61,1,211278.1,4,1,1,130070.03,France,Femme,0
5073,828,54,2,245646.95,3,1,1,128846.12,France,Homme,0
5074,590,73,3,173058.47,4,1,1,108241.8,France,Homme,1
5075,698,43,6,94555.73,4,0,1,65826.44,Allemagne,Homme,0
5076,503,48,5,70215.17,3,1,1,71399.18,Allemagne,Femme,1
5077,623,73,10,165829.46,4,1,0,31294.63,France,Femme,1
5078,445,68,7,245204.15,1,1,0,60088.89,Allemagne,Femme,0
5079,563,49,13,156678.77,2,1,1,66397.64,France,Homme,1
5080,643,67,8,220403.74,3,0,1,25859.78,France,Homme,0
5081,558,58,14,82275.86,3,0,0,35408.23,France,Femme,0
5082,692,19,5,101738.45,2,1,1,64996.8,Espagne,Homme,0
5083,437,42,6,226568.81,3,0,0,140291.72,Espagne,Femme,0
5084,655,69,3,189216.68,3,0,1,49083.47,France,Femme,1
5085,613,61,1,245352.58,2,1,1,111542.18,Espagne,Femme,0
5086,774,78,8,193691.05,4,0,1,108962.1,France,Homme,1
5087,739,19,8,112128.93,1,0,1,169297.04,Allemagne,Femme,0
5088,674,59,14,132767.0,4,1,1,127695.3,Allemagne,Femme,1
5089,777,18,3,225128.87,1,0,1,184644.83,Allemagne,Femme,1
5090,726,53,11,137911.68,2,0,1,131198.75,France,Homme,1
5091,669,74,2,63849.34,4,0,1,19720.39,France,Homme,1
5092,506,29,9,108904.95,4,1,1,85576.03,France,Femme,0
5093,505,26,13,129079.0,1,1,0,144323.88,Allemagne,Homme,1
5094,488,53,10,24179.96,1,0,0,102897.55,Allemagne,Femme,1
5095,470,58,5,185940.67,1,0,1,92588.61,Allemagne,Homme,1
5096,414,45,13,27338.48,1,1,1,139235.94,France,Femme,1
5097,456,55,13,101229.43,3,0,1,67860.58,Espagne,Femme,1
5098,496,50,2,201155.61,2,1,1,183160.94,Espagne,Femme,0
5099,486,59,0,116892.59,1,1,1,91431.57,France,Homme,0
5100,760,78,3,210503.88,4,0,0,131775.3,France,Femme,1
5101,511,63,0,85470.33,4,1,1,196731.65,Allemagne,Homme,0
5102,777,39,1,239409.07,4,1,1,160313.84,France,Homme,0
5103,801,42,2,52367.11,1,0,1,113350.28,France,Femme,1
5104,449,78,7,9566.04,2,1,1,173986.7,France,Homme,0
5105,687,35,9,218106.64,3,1,0,118680.98,Allemagne,Femme,0
5106,748,23,3,188050.68,1,0,1,96705.89,France,Homme,0
5107,656,35,3,57995.96,1,1,1,176588.79,France,Homme,0
5108,490,69,12,246185.4,3,0,0,20023.74,Allemagne,Femme,1
5109,432,33,9,125570.03,2,1,0,90381.24,Espagne,Homme,0
5110,526,32,8,237766.36,1,1,1,78453.61,Allemagne,Homme,0
5111,547,65,6,126257.19,4,0,1,147105.97,France,Homme,0
5112,461,25,1,117968.65,4,1,0,17328.45,France,Homme,1
5113,405,30,2,112284.63,1,1,0,137257.71,France,Homme,1
5114,809,72,3,83718.82,2,1,1,79076.83,Allemagne,Femme,0
5115,528,60,3,133425.37,4,1,0,33110.28,France,Femme,0
5116,770,77,9,113138.67,4,1,0,196361.19,Allemagne,Homme,1
5117,750,78,7,9186.72,3,1,1,54262.32,Espagne,Femme,0
5118,535,74,9,65108.81,2,0,1,79589.04,France,Femme,1
5119,820,24,13,53280.7,1,1,1,53303.62,Allemagne,Homme,1
5120,567,34,9,216858.9,3,1,1,137468.37,Allemagne,Femme,1
5121,762,67,5,149717.49,3,1,1,159765.52,Espagne,Homme,0
5122,766,49,2,190920.78,3,1,1,174218.55,Espagne,Homme,0
5123,665,39,10,239206.51,2,1,1,72534.67,France,Homme,0
5124,824,72,8,161009.82,2,0,0,112042.38,France,Femme,0
5125,566,68,9,245652.5,2,1,1,137702.66,France,Homme,1
5126,469,74,7,77941.01,1,0,1,131461.38,France,Homme,1
5127,788,30,8,46566.8,2,1,1,147465.03,France,Homme,0
5128,743,64,14,100827.47,3,0,1,157399.55,Espagne,Homme,0
5129,524,40,4,117699.85,4,0,1,33032.57,France,Femme,0
5130,372,79,2,223840.39,1,1,1,46137.54,France,Femme,1
5131,562,71,3,139985.11,1,1,0,150849.39,Allemagne,Homme,1
5132,754,46,13,73045.25,1,1,0,103184.97,Allemagne,Homme,1
5133,584,39,12,185658.57,3,1,1,94001.25,Allemagne,Femme,0
5134,362,18,11,126457.98,2,1,0,99256.42,France,Femme,0
5135,450,46,4,40532.99,3,1,1,83824.81,France,Femme,0
5136,766,65,8,144204.95,4,1,1,124347.49,France,Femme,0
5137,373,22,8,227848.63,2,1,1,74815.23,Espagne,Femme,0
5138,713,75,13,210655.65,4,1,1,132810.85,Espagne,Homme,0
5139,360,52,2,146702.49,1,1,1,52487.87,France,Femme,0
5140,622,72,6,94270.79,1,1,1,155172.45,Allemagne,Homme,1
5141,801,27,5,21744.69,3,1,1,159596.0,Espagne,Femme,0
5142,780,36,14,117412.23,2,1,1,122026.35,France,Femme,0
5143,630,54,3,188019.86,1,1,0,83324.84,Allemagne,Homme,0
5144,443,24,4,90068.43,3,0,1,17663.37,France,Homme,1
5145,550,63,13,58861.71,4,1,1,37483.51,France,Femme,0
5146,370,52,14,232844.93,3,1,1,29742.1,Espagne,Femme,0
5147,689,62,9,205388.93,2,0,1,16887.93,Allemagne,Femme,1
5148,816,30,1,159568.9,2,0,1,148610.66,Espagne,Femme,0
5149,560,27,10,34195.84,2,1,1,191872.35,Allemagne,Homme,0
5150,489,19,6,36227.21,1,1,1,17066.13,France,Homme,1
5151,642,23,13,25804.9,3,1,1,35847.76,France,Femme,1
5152,647,25,3,154074.17,4,0,1,174225.03,Espagne,Femme,1
5153,750,53,1,28890.7,2,0,0,142372.92,France,Homme,1
5154,450,42,10,210656.8,3,1,1,89871.42,France,Femme,0
5155,653,61,5,248241.25,1,0,1,198667.36,France,Femme,0
5156,708,77,10,91587.05,4,1,1,121119.95,France,Femme,1
5157,377,64,11,113417.46,4,0,1,138875.82,France,Homme,0
5158,390,57,1,177916.79,4,1,1,135837.63,Espagne,Homme,0
5159,704,24,9,234288.25,1,0,1,56199.8,France,Homme,0
5160,652,63,1,223523.44,2,1,1,105303.02,Espagne,Femme,0
5161,845,40,6,14397.96,1,1,1,55036.09,France,Femme,0
5162,495,36,0,42267.95,4,1,1,109250.94,France,Homme,1
5163,605,63,6,188649.3,3,0,1,20694.53,France,Femme,0
5164,811,39,9,172223.28,4,0,0,85662.45,Allemagne,Femme,1
5165,576,30,4,33304.65,3,0,1,83858.86,Allemagne,Homme,1
5166,585,78,0,125516.15,1,1,1,68951.67,Allemagne,Homme,0
5167,710,38,5,195203.66,1,1,1,29657.35,Allemagne,Femme,0
5168,729,18,6,54695.17,1,1,1,157628.91,France,Femme,0
5169,804,76,0,217821.91,3,0,1,92784.15,Allemagne,Femme,1
5170,838,36,8,13242.94,1,1,1,165585.04,Allemagne,Femme,0
5171,362,78,14,195548.77,2,1,1,169609.54,France,Homme,0
5172,559,77,6,153954.72,4,1,1,54515.52,Allemagne,Femme,1
5173,578,50,0,78799.84,2,1,1,92946.07,France,Femme,0
5174,746,21,2,180233.14,3,0,1,148380.19,France,Homme,0
5175,449,59,4,195591.45,1,1,1,107406.79,France,Femme,0
5176,380,20,3,233474.74,4,1,1,173187.62,France,Femme,1
5177,735,44,1,91943.67,1,1,1,120740.27,Allemagne,Homme,0
5178,365,69,14,171504.18,1,1,1,131472.48,France,Femme,1
5179,486,58,0,150654.07,4,0,1,160599.34,France,Homme,0
5180,678,52,3,131301.52,4,1,1,37611.09,Espagne,Homme,0
5181,515,45,6,222604.12,2,0,0,123085.92,Espagne,Homme,0
5182,808,23,10,791.83,2,0,0,30804.53,Espagne,Homme,1
5183,659,23,3,70527.9,2,1,1,63201.96,France,Femme,0
5184,789,72,8,134569.31,2,1,1,54325.77,Allemagne,Femme,0
5185,819,74,13,44573.32,2,0,1,119909.08,France,Femme,1
5186,830,61,7,226966.63,3,0,1,171121.94,France,Homme,1
5187,449,40,7,161898.78,3,1,0,39569.78,Allemagne,Femme,1
5188,458,79,4,119470.75,1,0,1,157153.36,Allemagne,Femme,1
5189,692,50,11,203675.44,1,1,1,41467.23,Allemagne,Homme,0
5190,522,33,14,112721.55,2,0,1,50089.27,Espagne,Femme,0
5191,586,41,0,139663.25,1,0,0,184633.94,Allemagne,Homme,1
5192,511,22,14,687.75,3,1,1,16799.89,Espagne,Femme,1
5193,742,58,8,91425.13,3,1,1,51471.65,Espagne,Femme,0
5194,565,59,1,34697.62,1,1,1,54877.88,Allemagne,Femme,1
5195,613,30,5,172422.17,2,1,1,67147.9,France,Femme,1
5196,612,64,9,119756.74,3,0,1,82231.17,France,Homme,1
5197,641,29,13,75439.39,4,1,1,34087.93,France,Femme,0
5198,623,22,4,116958.08,4,1,1,101664.04,France,Femme,0
5199,352,54,9,52407.47,1,1,1,88879.82,Allemagne,Femme,0
5200,377,48,12,231271.66,2,1,1,130612.76,France,Homme,0
5201,675,45,14,13493.16,1,0,1,175490.76,Espagne,Femme,1
5202,841,45,7,216354.26,2,0,1,70078.25,Allemagne,Femme,0
5203,777,47,10,127839.7,2,1,0,116100.24,France,Femme,1
5204,498,35,2,154736.62,4,0,1,83704.81,France,Homme,0
5205,377,61,5,75651.41,3,1,1,22446.3,France,Femme,0
5206,837,44,5,241674.4,3,0,1,166898.94,France,Homme,1
5207,659,52,9,70462.74,1,1,1,132330.04,France,Homme,0
5208,787,43,2,147219.5,1,0,0,15401.87,Espagne,Homme,0
5209,414,74,11,248354.18,2,0,0,61170.81,Allemagne,Homme,1
5210,705,56,11,220273.6,3,1,1,72163.04,France,Homme,0
5211,370,66,14,134082.46,2,1,0,165133.33,France,Femme,1
5212,601,68,11,247593.63,4,1,1,155731.94,Allemagne,Femme,0
5213,584,77,6,175342.47,4,0,1,88286.61,Allemagne,Homme,0
5214,576,35,10,52175.1,2,1,1,44108.31,Allemagne,Femme,0
5215,362,50,3,101399.05,2,1,1,86415.95,France,Homme,0
5216,662,42,4,83623.33,2,1,0,164877.07,Espagne,Femme,0
5217,398,73,8,86003.43,2,0,1,98692.4,Allemagne,Homme,0
5218,467,48,5,190114.11,2,1,1,36435.98,France,Homme,1
5219,403,54,9,146065.73,4,1,1,22131.28,France,Femme,0
5220,487,76,14,9523.18,4,1,1,76667.03,France,Homme,1
5221,402,77,12,219362.12,4,0,1,42447.12,France,Homme,0
5222,393,19,3,74199.04,1,1,1,152832.62,Allemagne,Homme,1
5223,652,50,7,249268.72,4,0,1,66570.01,France,Femme,0
5224,402,56,8,238547.68,3,1,1,177328.81,Espagne,Homme,1
5225,423,78,9,235132.68,3,1,1,129209.62,France,Femme,0
5226,395,60,4,202781.9,2,1,0,87827.8,Espagne,Homme,1
5227,362,60,1,55153.33,4,1,1,127860.65,Allemagne,Homme,0
5228,514,49,14,133158.19,2,0,1,69607.19,France,Homme,0
5229,451,35,14,56075.66,2,1,1,41144.92,France,Femme,0
5230,629,34,5,64918.86,3,1,1,193372.86,Espagne,Homme,0
5231,607,51,10,152737.94,3,1,1,119184.87,France,Homme,0
5232,819,56,14,10208.39,2,1,1,16355.7,France,Homme,0
5233,686,24,11,242364.64,3,1,1,72408.13,Espagne,Femme,0
5234,705,59,7,229668.29,2,1,1,44513.88,Espagne,Homme,0
5235,747,71,12,95191.89,2,1,1,62763.91,Espagne,Femme,1
5236,487,70,4,128855.61,2,1,0,25307.37,Allemagne,Homme,1
5237,512,52,0,116529.85,1,1,1,60340.84,France,Femme,0
5238,758,47,7,220549.94,3,1,1,141357.98,France,Homme,0
5239,736,29,8,172150.47,3,1,1,166812.77,Allemagne,Homme,0
5240,460,52,0,69527.81,4,0,1,79267.52,France,Femme,0
5241,451,28,7,111710.31,3,0,1,111656.16,France,Femme,1
5242,366,78,9,107241.49,4,0,1,22731.26,Allemagne,Femme,1
5243,617,61,11,239833.79,2,1,1,31798.15,France,Femme,1
5244,531,74,1,43827.73,1,1,1,117105.97,Allemagne,Homme,1
5245,721,21,3,22394.08,2,0,1,170506.73,France,Femme,1
5246,373,42,12,220154.71,2,1,0,31277.77,France,Homme,1
5247,378,65,14,224171.5,2,0,0,92431.13,Allemagne,Homme,0
5248,520,49,14,217934.77,4,1,0,194528.56,Allemagne,Femme,1
5249,758,37,1,127744.23,1,1,0,151676.62,France,Femme,0
5250,577,67,1,164936.11,2,1,1,51556.6,Espagne,Homme,1
5251,727,48,9,140840.76,4,0,1,67757.24,France,Femme,0
5252,537,21,2,17361.96,2,1,1,190364.5,France,Femme,0
5253,695,71,13,148958.72,1,1,1,55882.72,Allemagne,Homme,1
5254,579,55,7,3403.54,2,1,0,96567.87,France,Homme,1
5255,670,70,3,81246.85,2,1,1,80787.86,Allemagne,Homme,1
5256,689,64,6,233073.14,3,1,1,105657.18,Allemagne,Homme,0
5257,468,18,11,76011.32,4,1,1,58767.33,Allemagne,Femme,1
5258,505,20,9,234956.66,1,1,1,138644.83,Espagne,Homme,1
5259,621,54,2,62533.49,4,1,0,58399.33,Espagne,Homme,0
5260,524,39,9,78640.56,3,0,0,126388.75,Espagne,Homme,1
5261,814,79,11,157101.87,2,1,0,81187.32,Allemagne,Homme,0
5262,453,34,13,190406.74,1,1,1,61523.08,France,Homme,1
5263,441,79,14,125346.94,1,1,1,143575.49,France,Homme,0
5264,535,31,13,220528.92,4,1,0,193569.36,France,Femme,0
5265,809,58,12,10060.11,2,1,1,175834.46,France,Homme,1
5266,632,79,10,230548.71,3,1,1,31064.55,Allemagne,Homme,1
5267,530,52,13,49076.95,2,1,1,99066.55,Allemagne,Homme,0
5268,519,75,2,221059.69,4,1,0,143534.29,France,Femme,0
5269,536,30,1,100215.79,1,0,1,119083.93,Espagne,Homme,1
5270,524,52,12,208189.26,1,1,1,149376.01,Allemagne,Homme,1
5271,571,60,11,167916.39,2,1,1,195397.23,France,Homme,0
5272,582,19,5,43985.41,2,1,1,78320.28,France,Femme,1
5273,511,73,5,229511.89,2,0,0,157611.53,France,Homme,1
5274,770,64,0,61379.35,2,1,1,32403.19,France,Femme,0
5275,483,30,6,61035.03,3,0,1,175903.42,Espagne,Homme,0
5276,740,68,11,203544.72,3,0,0,159009.96,Allemagne,Homme,0
5277,829,71,13,26468.31,3,1,1,111378.98,France,Homme,0
5278,573,33,13,55508.98,3,0,1,166891.19,France,Femme,0
5279,502,35,3,125919.39,4,1,1,138325.34,Allemagne,Femme,0
5280,382,24,12,207619.26,1,1,1,117161.85,Espagne,Femme,1
5281,404,62,10,36870.99,1,0,1,190010.09,France,Femme,1
5282,791,53,11,136917.06,4,1,1,39099.07,Allemagne,Homme,1
5283,356,58,2,177810.15,4,0,1,198699.02,Espagne,Homme,0
5284,593,47,12,215148.81,3,1,1,43570.08,Allemagne,Femme,0
5285,662,59,12,233891.39,2,0,1,103832.55,Espagne,Homme,0
5286,475,58,7,196159.98,1,0,1,57811.03,France,Femme,1
5287,361,24,1,163207.1,4,1,1,65304.03,Allemagne,Femme,0
5288,365,32,8,108405.02,2,1,1,131888.91,France,Homme,1
5289,557,77,12,28027.54,3,1,1,21421.38,Allemagne,Femme,1
5290,392,57,7,177434.3,4,0,1,189038.15,France,Homme,0
5291,722,36,7,248184.33,1,0,0,66730.09,Allemagne,Homme,1
5292,833,60,12,184190.15,1,1,1,65418.52,France,Femme,0
5293,810,54,2,4177.77,1,1,0,174759.29,Allemagne,Homme,1
5294,484,19,12,124064.99,4,1,0,156494.69,Allemagne,Homme,1
5295,577,59,3,153661.66,1,1,1,139268.56,Espagne,Homme,0
5296,460,65,1,172418.55,3,0,1,42076.31,Allemagne,Homme,0
5297,656,72,1,179931.46,1,0,1,157379.09,Allemagne,Homme,0
5298,806,30,3,139527.11,3,1,1,81741.76,Allemagne,Femme,0
5299,509,57,5,55840.08,1,0,0,198869.4,France,Femme,1
5300,680,58,4,235550.17,3,0,1,139181.17,Allemagne,Femme,0
5301,613,60,14,174166.62,4,0,1,169640.22,Allemagne,Homme,1
5302,574,60,0,59210.01,3,1,1,150750.28,France,Homme,1
5303,820,72,12,80580.46,4,0,1,124934.09,Espagne,Homme,0
5304,566,75,9,230481.92,2,1,0,147519.03,France,Femme,1
5305,805,48,0,221871.3,3,1,1,125534.51,France,Homme,0
5306,394,33,14,101286.61,4,0,0,24471.74,France,Homme,1
5307,563,59,5,9576.81,2,1,0,78921.78,France,Homme,1
5308,408,78,2,12124.34,1,1,1,73537.24,France,Homme,0
5309,481,73,2,70979.57,2,1,1,147085.04,France,Femme,0
5310,453,61,6,157280.55,3,0,1,121592.04,France,Homme,1
5311,544,74,12,146048.66,2,0,1,127940.43,Allemagne,Femme,0
5312,762,23,12,158456.95,1,1,1,171691.59,France,Femme,0
5313,838,45,0,179320.74,2,1,0,112181.82,Allemagne,Femme,1
5314,506,49,0,4758.06,3,0,1,55381.28,France,Homme,0
5315,447,61,13,26271.4,3,1,0,17301.34,Espagne,Homme,1
5316,575,27,12,89870.86,4,1,1,44507.04,Espagne,Femme,0
5317,761,67,9,38715.0,1,0,1,20657.13,France,Femme,0
5318,554,35,2,18830.01,1,1,1,58857.01,Allemagne,Femme,1
5319,428,21,13,160241.1,2,0,0,132474.48,Allemagne,Homme,1
5320,473,26,7,203834.12,1,1,0,43012.51,France,Homme,1
5321,820,24,0,188156.66,3,0,1,30155.8,France,Homme,0
5322,777,67,9,204259.94,2,1,1,194608.1,Allemagne,Homme,0
5323,567,25,12,166464.14,4,0,0,199427.43,France,Homme,1
5324,353,60,3,183836.33,2,1,1,132849.35,Espagne,Femme,1
5325,439,24,8,67944.69,2,0,1,35084.78,Espagne,Homme,0
5326,453,58,13,248252.01,4,1,1,166981.32,France,Homme,0
5327,742,57,3,45791.41,2,0,0,114754.53,Allemagne,Homme,0
5328,468,20,9,53623.47,1,0,1,48683.62,Allemagne,Homme,0
5329,482,34,7,72230.46,2,0,1,121503.06,Espagne,Homme,0
5330,661,19,6,243833.11,2,0,1,22285.69,Allemagne,Femme,0
5331,445,32,2,247072.15,2,1,1,194907.16,Allemagne,Femme,0
5332,817,63,6,198723.44,3,1,1,167803.62,Allemagne,Homme,1
5333,783,46,14,157264.4,3,1,0,63243.73,France,Femme,0
5334,680,67,6,130015.64,1,1,0,92498.7,Espagne,Homme,0
5335,492,65,9,242655.21,4,0,0,88127.46,France,Femme,1
5336,637,69,2,173905.7,3,0,1,174376.42,France,Homme,0
5337,377,39,1,236182.53,3,1,1,80607.36,France,Homme,0
5338,627,21,14,79137.7,1,1,0,23876.33,France,Homme,0
5339,582,74,8,83443.7,1,1,1,54717.44,Allemagne,Homme,0
5340,366,69,14,213681.15,4,1,1,54880.39,France,Homme,0
5341,408,23,0,37463.73,2,0,1,190609.59,France,Femme,1
5342,439,55,13,236481.97,2,0,1,185950.13,France,Homme,0
5343,841,43,6,126868.59,4,1,1,70609.76,France,Homme,0
5344,548,28,3,231603.47,4,1,1,15511.91,France,Femme,0
5345,711,43,1,84198.2,4,0,1,110644.56,Espagne,Femme,0
5346,790,34,14,178989.73,1,1,1,162489.39,Allemagne,Homme,0
5347,375,41,1,120718.78,2,1,1,64691.92,France,Homme,1
5348,374,45,7,156700.91,4,1,1,96223.14,France,Femme,0
5349,743,52,6,126093.12,4,1,0,46966.0,Espagne,Femme,0
5350,650,48,11,241778.9,2,0,1,75568.12,France,Femme,0
5351,688,30,6,173026.35,2,1,1,155387.81,France,Homme,0
5352,616,71,4,62829.74,1,1,0,94232.04,Espagne,Homme,0
5353,810,52,13,227419.23,3,1,1,97745.11,France,Femme,0
5354,530,33,9,73507.43,3,0,1,161067.05,Allemagne,Homme,0
5355,805,32,7,92901.27,1,1,1,156149.96,France,Femme,1
5356,709,60,13,25530.92,1,0,1,49623.27,Espagne,Femme,0
5357,417,35,1,224991.63,2,0,1,91825.35,France,Femme,0
5358,844,64,1,71528.01,1,1,0,172038.7,Espagne,Femme,1
5359,700,54,4,64729.4,1,1,1,99496.47,Allemagne,Femme,1
5360,761,65,14,230065.65,4,1,1,137426.24,France,Femme,1
5361,808,79,0,201381.72,1,1,0,71603.0,Allemagne,Femme,0
5362,840,65,5,35269.73,1,1,1,26018.33,Espagne,Homme,0
5363,670,66,3,192331.13,4,1,1,45506.32,France,Femme,0
5364,398,58,5,228258.27,2,1,1,89318.37,Espagne,Femme,1
5365,524,44,6,19627.8,2,1,1,80391.4,France,Homme,0
5366,401,72,12,206303.75,1,1,1,180693.54,France,Femme,0
5367,451,52,2,136855.01,1,1,1,115940.19,France,Homme,0
5368,565,69,10,167299.36,3,1,1,131023.75,Espagne,Homme,1
5369,787,62,12,123213.58,4,1,1,142406.3,Espagne,Femme,0
5370,537,71,7,174450.77,3,1,1,113350.8,Espagne,Femme,1
5371,406,52,6,8524.47,1,1,1,157384.45,France,Homme,1
5372,396,45,12,190676.68,3,1,1,159873.59,Espagne,Femme,0
5373,508,56,0,8335.92,3,1,1,80006.4,France,Femme,0
5374,838,78,5,113824.96,2,1,0,30685.25,France,Femme,0
5375,523,55,6,37741.25,4,0,1,197475.53,France,Homme,0
5376,591,26,13,205893.57,2,0,1,133884.83,Espagne,Homme,0
5377,631,29,10,78415.23,2,1,0,146149.47,Allemagne,Femme,0
5378,590,32,14,113523.39,3,0,1,154988.76,France,Femme,0
5379,719,38,3,107187.69,4,1,1,128398.23,Allemagne,Homme,0
5380,354,69,13,193125.49,1,1,1,102116.77,France,Femme,0
5381,433,52,1,120286.09,4,1,1,197163.89,France,Homme,0
5382,657,59,9,197239.58,2,0,0,149616.62,France,Femme,0
5383,710,50,8,18377.07,3,1,0,171482.02,France,Femme,0
5384,808,68,6,47898.49,1,1,1,96339.94,France,Homme,1
5385,597,36,0,137883.56,2,1,0,182383.84,Allemagne,Femme,0
5386,403,72,7,236772.08,3,1,1,150447.94,France,Homme,0
5387,510,40,14,18689.46,2,1,1,153033.68,Allemagne,Homme,0
5388,783,30,2,10771.05,3,1,0,31082.28,Allemagne,Femme,0
5389,771,61,3,39137.67,4,1,0,129229.49,Allemagne,Femme,0
5390,760,18,11,160288.28,2,1,1,77015.1,France,Homme,0
5391,575,68,4,99748.23,4,1,1,138765.31,France,Femme,1
5392,364,46,0,206388.09,4,1,0,120119.61,France,Femme,1
5393,573,41,14,17983.29,3,1,0,35570.06,France,Femme,0
5394,410,33,5,49103.52,1,1,1,113047.73,Allemagne,Femme,1
5395,471,42,9,75006.6,4,0,1,98482.81,Allemagne,Femme,0
5396,626,72,5,156682.52,2,1,1,158642.05,France,Homme,0
5397,395,40,1,171293.17,2,1,1,107988.08,Allemagne,Femme,0
5398,802,45,10,31050.82,3,1,1,104015.0,France,Femme,0
5399,739,64,9,235951.18,4,0,1,148105.83,France,Femme,0
5400,643,33,5,85261.03,1,0,0,138688.76,Allemagne,Homme,0
5401,411,60,7,178292.19,1,1,1,198493.06,Allemagne,Homme,0
5402,435,73,5,131051.93,2,1,1,80111.25,France,Homme,1
5403,795,55,3,55689.53,3,0,0,142345.97,Allemagne,Femme,0
5404,559,28,14,211557.08,4,1,0,45942.83,Allemagne,Homme,0
5405,427,20,3,204559.51,2,1,0,163843.74,France,Femme,1
5406,551,32,8,99017.96,3,1,1,160438.79,Espagne,Femme,0
5407,651,18,5,147151.9,1,1,1,149276.83,France,Femme,0
5408,746,24,7,64456.42,2,0,0,37024.39,France,Homme,1
5409,572,18,7,172462.91,3,1,1,197695.75,Allemagne,Homme,0
5410,571,66,6,77256.7,1,1,1,189382.96,Espagne,Femme,1
5411,352,49,2,211019.68,3,1,1,83466.92,France,Homme,0
5412,827,26,9,54346.28,2,0,1,121803.44,Allemagne,Femme,1
5413,355,46,0,3700.86,4,1,1,179444.09,France,Femme,0
5414,442,43,4,67127.01,3,0,1,106509.14,France,Femme,0
5415,357,40,12,47763.12,4,1,1,125845.22,France,Homme,0
5416,777,62,14,127071.61,2,1,1,126599.93,Espagne,Homme,1
5417,842,60,9,50925.82,1,1,1,135112.17,France,Femme,0
5418,584,46,9,190797.47,3,0,1,121467.57,France,Homme,0
5419,457,69,14,60342.66,1,1,0,90099.68,France,Femme,1
5420,510,55,1,176742.04,4,1,1,114803.68,France,Homme,0
5421,558,50,11,144617.73,4,1,0,176216.9,France,Femme,0
5422,589,24,9,246562.46,1,0,1,174859.12,France,Femme,1
5423,680,29,12,249975.24,2,0,1,157920.96,Espagne,Femme,0
5424,682,48,1,217381.52,4,0,1,91609.91,Allemagne,Femme,0
5425,399,49,13,189995.84,2,1,0,160404.92,France,Femme,0
5426,360,71,6,96614.1,1,1,1,86753.42,France,Femme,1
5427,700,37,10,188319.18,2,0,0,137852.71,France,Homme,0
5428,505,72,12,239168.88,4,1,1,119974.21,France,Homme,1
5429,841,68,2,5844.39,1,1,1,70504.56,Espagne,Femme,1
5430,419,34,12,134478.68,2,1,1,98782.48,Espagne,Femme,1
5431,518,53,7,54499.58,2,1,1,168616.93,France,Femme,0
5432,621,20,8,139469.08,3,1,1,183859.27,Allemagne,Femme,0
5433,417,18,13,116611.77,4,1,1,52979.65,Allemagne,Femme,0
5434,704,67,12,143942.15,3,1,1,99399.74,France,Homme,1
5435,601,44,7,137740.56,2,1,1,95198.53,France,Femme,1
5436,397,70,5,240026.76,4,1,1,105467.83,France,Homme,0
5437,533,64,4,138046.53,1,1,1,195675.75,France,Homme,0
5438,669,57,2,211558.02,1,1,1,110967.36,France,Homme,1
5439,536,50,2,79955.07,1,1,1,168564.19,Espagne,Homme,0
5440,439,37,6,109525.17,2,1,1,137828.36,Allemagne,Femme,0
5441,795,31,12,117603.37,2,1,1,34830.32,France,Homme,0
5442,681,53,4,69682.01,1,1,1,143696.51,France,Homme,0
5443,488,22,11,94947.57,3,0,1,134705.95,France,Homme,1
5444,706,40,13,149628.27,3,1,1,155316.75,Allemagne,Femme,0
5445,438,62,5,145046.94,4,1,1,28772.98,Espagne,Homme,0
5446,623,77,13,159108.84,4,1,1,59641.9,Allemagne,Homme,1
5447,368,73,5,87954.48,1,0,1,157318.41,Espagne,Homme,1
5448,820,32,8,78957.87,2,1,1,83563.95,France,Homme,0
5449,660,23,0,152904.47,2,0,0,183501.51,Espagne,Homme,0
5450,707,50,7,33215.44,4,1,0,110769.03,France,Femme,1
5451,723,72,9,63257.89,1,0,0,15190.02,France,Femme,1
5452,815,36,12,10531.93,4,1,0,144284.65,France,Homme,1
5453,503,30,12,18152.71,3,1,0,109990.83,France,Femme,0
5454,739,46,4,60845.82,1,1,1,73662.46,France,Homme,0
5455,609,78,12,4882.32,1,1,1,18781.53,Allemagne,Femme,1
5456,457,23,5,61352.65,1,0,1,51768.05,Allemagne,Homme,1
5457,720,32,5,163744.08,3,1,1,44894.87,France,Homme,1
5458,634,33,0,15276.77,1,1,1,122828.02,France,Femme,0
5459,408,41,2,109184.17,4,0,0,157367.49,Allemagne,Femme,0
5460,474,40,11,228277.2,3,1,1,58402.19,France,Femme,0
5461,703,65,5,197821.21,2,1,1,144078.78,Allemagne,Homme,1
5462,622,27,13,76359.38,4,0,0,181467.49,France,Femme,0
5463,456,71,14,231201.37,4,0,1,129993.41,Espagne,Homme,1
5464,648,58,13,82411.62,4,0,0,158494.81,France,Homme,0
5465,594,58,10,18128.87,3,1,0,52782.83,France,Femme,0
5466,685,66,10,248513.99,4,0,1,28863.63,Allemagne,Homme,1
5467,799,34,8,217505.63,3,0,1,82596.74,Allemagne,Homme,1
5468,767,66,5,116483.2,1,1,1,146166.28,France,Femme,1
5469,596,73,14,166594.13,2,1,1,141928.24,Espagne,Homme,0
5470,357,61,11,167807.02,1,1,1,191689.66,France,Femme,1
5471,490,62,12,48620.56,4,1,1,131546.01,France,Femme,0
5472,711,47,5,50012.16,3,0,1,91087.63,Allemagne,Femme,0
5473,357,61,0,117395.18,3,0,1,162469.31,France,Homme,1
5474,827,63,8,227893.29,1,0,1,43317.56,Espagne,Femme,0
5475,701,27,3,2498.44,4,1,1,165409.13,France,Homme,0
5476,833,72,14,195626.41,2,1,1,82697.14,Allemagne,Femme,1
5477,844,36,1,14381.7,3,1,1,43491.85,France,Homme,0
5478,443,46,0,119555.53,3,1,1,44996.02,France,Homme,0
5479,670,19,2,159468.21,4,1,0,196965.54,Allemagne,Femme,0
5480,776,53,2,171689.82,3,1,1,130296.21,France,Femme,0
5481,388,36,4,14619.82,4,1,1,47238.95,Allemagne,Femme,1
5482,430,24,0,104650.9,4,1,1,64684.07,France,Homme,0
5483,536,43,6,145959.32,2,1,1,83834.76,France,Homme,0
5484,433,32,12,16511.38,4,1,0,25341.4,France,Homme,0
5485,437,64,0,33773.64,1,1,1,35056.91,Espagne,Homme,1
5486,591,73,3,165912.25,2,1,1,155924.54,Allemagne,Femme,0
5487,691,55,5,130409.55,4,0,1,160571.68,France,Femme,0
5488,442,20,14,40457.17,4,0,1,197823.4,Allemagne,Femme,0
5489,435,55,0,133809.83,2,1,0,27505.33,Allemagne,Femme,1
5490,393,33,6,228173.09,3,1,0,179499.12,Allemagne,Homme,1
5491,486,19,9,3896.9,2,1,1,73684.97,France,Femme,1
5492,770,48,14,160658.44,3,1,1,75652.36,Allemagne,Femme,0
5493,423,45,6,18412.61,2,1,1,38547.22,France,Femme,1
5494,385,24,2,1612.36,2,0,1,197465.53,France,Femme,0
5495,450,47,3,37663.62,1,1,0,196483.01,Espagne,Femme,1
5496,825,60,5,105726.66,2,1,1,174993.48,Allemagne,Femme,0
5497,505,75,13,200586.0,1,1,1,31794.32,Allemagne,Femme,1
5498,775,79,10,70446.37,4,0,1,170705.18,France,Femme,0
5499,604,24,6,156418.3,3,1,1,132403.59,Allemagne,Homme,0
5500,520,53,13,102789.16,3,1,1,38823.46,France,Femme,0
5501,818,46,12,58582.95,1,0,0,63425.19,Allemagne,Homme,0
5502,565,41,3,128561.78,3,1,1,142506.46,France,Femme,0
5503,519,69,9,199366.12,3,1,1,163636.54,France,Femme,0
5504,601,56,10,208123.09,2,1,1,171896.1,Espagne,Femme,0
5505,709,21,8,211629.88,1,1,1,115608.59,France,Femme,0
5506,671,46,8,84639.45,3,0,0,113904.68,Allemagne,Femme,1
5507,404,61,8,198364.02,4,0,1,141578.67,France,Femme,0
5508,805,22,11,53044.61,1,1,1,158878.67,Allemagne,Femme,1
5509,781,72,9,184606.28,2,0,1,46558.37,France,Femme,0
5510,440,46,5,237096.11,4,1,0,151869.97,Allemagne,Homme,0
5511,627,79,1,3435.96,3,1,1,78212.02,France,Homme,0
5512,450,47,1,110090.98,3,1,1,85995.34,Espagne,Homme,1
5513,504,46,10,161942.75,1,1,1,29376.9,France,Femme,0
5514,726,43,3,175443.94,3,0,0,123857.84,France,Femme,1
5515,698,36,8,44021.94,1,1,1,32282.72,Allemagne,Femme,1
5516,800,43,2,243045.82,3,1,0,183930.09,France,Femme,1
5517,713,54,5,153816.34,4,1,1,129879.51,Espagne,Homme,0
5518,490,44,1,41085.15,2,1,1,198202.14,France,Femme,0
5519,522,47,14,5130.63,4,0,1,60445.65,France,Homme,0
5520,359,68,0,195816.05,2,0,0,140726.1,France,Femme,1
5521,577,70,11,19926.18,1,1,0,193419.55,Espagne,Femme,1
5522,614,47,4,35262.73,3,1,1,70236.98,Allemagne,Femme,0
5523,787,20,7,143707.51,4,0,1,32819.69,Allemagne,Homme,0
5524,597,76,9,150876.38,3,1,1,132285.67,Allemagne,Homme,0
5525,596,75,9,171721.78,1,1,1,82728.35,Espagne,Femme,1
5526,504,60,1,98378.5,2,1,1,65515.66,Espagne,Homme,0
5527,383,24,9,193474.67,4,0,1,198813.72,Espagne,Homme,1
5528,848,78,8,243589.65,2,1,1,154510.23,France,Femme,1
5529,478,66,11,67773.74,2,0,0,104798.01,France,Femme,0
5530,509,74,7,175757.15,1,1,1,24250.63,France,Homme,0
5531,438,26,2,232117.16,2,0,1,50448.9,Espagne,Femme,1
5532,442,70,0,171571.69,1,1,1,70274.01,Espagne,Femme,1
5533,676,58,3,170277.37,2,1,1,105131.37,Allemagne,Femme,0
5534,590,59,7,55943.14,2,1,1,106991.22,France,Homme,0
5535,672,30,2,133782.55,4,1,0,19575.67,France,Femme,0
5536,817,32,9,140630.71,1,0,1,189520.91,Allemagne,Femme,1
5537,753,71,11,175032.39,3,1,1,115419.33,France,Homme,1
5538,466,22,1,249205.36,3,1,0,18649.53,Allemagne,Femme,1
5539,443,46,6,8410.96,3,0,1,144747.01,Allemagne,Homme,0
5540,512,52,3,16308.17,4,1,1,28200.03,France,Femme,1
5541,448,44,5,19487.52,4,1,1,148416.53,Espagne,Homme,1
5542,462,44,4,185744.78,2,1,1,144776.11,France,Femme,0
5543,708,25,1,34088.45,2,1,1,197210.79,Espagne,Femme,0
5544,440,49,9,155612.97,3,0,1,78276.92,Allemagne,Homme,0
5545,695,37,1,81167.22,2,1,1,41700.55,France,Homme,0
5546,555,27,13,114329.99,2,1,0,31995.82,Espagne,Femme,0
5547,366,30,8,53915.79,4,0,1,28269.32,Allemagne,Homme,0
5548,623,46,10,216526.64,3,1,0,164911.64,Espagne,Homme,1
5549,522,52,9,146537.58,1,1,1,147931.39,Allemagne,Homme,1
5550,465,78,1,236140.82,3,0,1,195544.32,Allemagne,Homme,1
5551,698,71,7,143649.06,4,1,1,72199.42,Espagne,Homme,1
5552,817,25,7,30977.01,3,1,1,163573.95,France,Homme,0
5553,530,46,0,42717.61,1,1,1,32207.61,France,Femme,0
5554,440,48,0,247268.49,2,0,1,182217.78,France,Femme,1
5555,431,58,12,181391.3,3,1,1,24588.61,Espagne,Homme,0
5556,673,47,3,12319.69,4,0,1,160758.44,Allemagne,Femme,1
5557,798,39,1,175945.25,4,1,1,71860.77,France,Homme,0
5558,463,38,11,103043.26,3,1,1,48520.71,France,Homme,1
5559,606,29,14,76802.1,2,1,1,145335.19,France,Homme,0
5560,407,28,0,38515.2,2,1,1,180737.44,Espagne,Homme,0
5561,503,19,8,209975.99,4,1,1,156363.32,Espagne,Femme,0
5562,714,67,12,15960.34,4,1,1,72923.49,Espagne,Femme,1
5563,753,58,2,72458.87,1,1,1,80410.57,Allemagne,Femme,1
5564,465,19,13,76595.72,2,1,1,50021.35,France,Homme,1
5565,692,51,13,40226.32,3,1,1,167451.39,Allemagne,Femme,0
5566,615,20,13,127046.22,4,1,1,34812.32,Allemagne,Femme,1
5567,664,33,0,2925.66,4,1,1,182094.58,Allemagne,Homme,0
5568,552,68,1,75243.88,4,1,1,126209.84,France,Homme,0
5569,390,21,7,233407.36,4,1,1,123938.17,France,Femme,1
5570,454,40,4,77632.39,2,0,1,169996.97,France,Femme,1
5571,738,74,10,90114.85,4,1,1,138493.65,Espagne,Homme,0
5572,727,67,6,118291.26,2,1,1,71284.26,France,Femme,0
5573,542,37,5,140423.34,1,1,0,79660.3,Allemagne,Femme,0
5574,750,42,12,202177.16,1,1,0,47015.03,France,Homme,1
5575,627,47,0,47580.31,3,0,1,100851.7,France,Homme,0
5576,703,35,5,217936.59,4,0,1,35378.63,Espagne,Femme,0
5577,586,59,10,189387.34,3,1,1,135811.75,France,Femme,0
5578,774,28,6,180662.58,2,0,1,46307.34,France,Homme,0
5579,570,46,3,21701.14,3,0,1,174827.38,France,Homme,0
5580,417,34,7,5410.17,3,1,1,144585.58,Allemagne,Femme,0
5581,546,43,7,148503.18,4,1,0,179929.58,Allemagne,Femme,0
5582,605,73,6,215783.49,2,1,1,31100.73,France,Homme,0
5583,488,74,10,146110.37,2,1,1,162724.23,Allemagne,Homme,1
5584,661,40,14,53308.72,4,0,1,177948.87,Espagne,Homme,1
5585,784,73,1,22629.97,2,1,1,23245.41,France,Femme,1
5586,498,69,5,174899.11,1,0,1,199829.05,Allemagne,Femme,1
5587,448,65,5,180442.57,4,0,1,70619.2,Allemagne,Femme,0
5588,425,37,11,43132.93,4,1,0,54168.42,France,Homme,1
5589,631,62,14,7047.58,4,0,0,91757.47,Allemagne,Homme,1
5590,720,19,11,102070.88,1,1,1,16597.55,France,Femme,0
5591,752,41,6,145679.68,2,1,0,178892.67,Espagne,Femme,1
5592,458,48,5,176500.6,1,0,1,64670.81,France,Femme,1
5593,537,44,1,202486.25,1,1,1,111494.43,Allemagne,Homme,1
5594,548,19,7,152634.36,1,1,0,130358.51,France,Femme,0
5595,652,74,14,27720.15,3,1,1,161351.98,Espagne,Femme,0
5596,676,31,3,170645.42,2,1,1,61288.13,France,Homme,0
5597,503,21,8,246044.16,2,0,1,147672.08,Espagne,Femme,1
5598,389,66,7,226396.15,4,1,1,36767.26,Espagne,Femme,0
5599,482,30,13,217917.23,4,1,1,145283.51,France,Homme,1
5600,754,53,2,75542.54,3,1,1,185069.67,Espagne,Femme,1
5601,811,52,2,187697.04,1,1,1,30729.86,Allemagne,Homme,0
5602,481,61,7,212775.86,4,1,0,36590.02,France,Femme,0
5603,628,71,1,169581.55,2,0,0,118087.09,France,Homme,1
5604,711,72,8,62640.44,4,1,1,23584.08,Espagne,Femme,0
5605,433,25,3,238458.49,1,1,0,49667.24,France,Homme,1
5606,748,19,14,112704.85,3,1,1,50185.55,France,Homme,0
5607,591,23,5,32451.39,1,1,1,104030.78,Espagne,Femme,1
5608,465,48,2,27444.47,4,1,1,60970.1,Espagne,Femme,0
5609,458,71,2,161879.75,3,0,1,102971.73,France,Homme,1
5610,570,27,2,109427.41,3,1,1,111417.52,France,Homme,0
5611,741,61,10,23620.97,1,1,1,150169.21,Espagne,Homme,1
5612,390,38,12,185091.14,4,0,1,190008.56,Espagne,Homme,0
5613,717,59,9,199831.29,1,0,1,108193.24,Allemagne,Femme,0
5614,496,27,11,181353.91,4,1,1,80675.99,France,Homme,1
5615,461,40,13,50565.22,4,1,1,62860.13,Allemagne,Homme,0
5616,452,20,13,172443.86,2,1,1,132411.58,Allemagne,Femme,0
5617,395,49,13,2680.7,3,0,1,189439.67,France,Femme,1
5618,761,37,11,76278.03,4,1,0,156461.16,Allemagne,Femme,1
5619,843,27,1,99705.38,1,1,1,53128.99,France,Femme,1
5620,824,46,7,208811.74,1,1,1,180261.26,Allemagne,Femme,0
5621,673,58,8,97598.59,2,1,1,151069.96,France,Femme,0
5622,727,69,14,2817.36,2,1,0,38669.8,France,Homme,1
5623,620,68,7,88086.6,2,1,1,146868.45,Allemagne,Femme,0
5624,832,63,14,124731.02,3,1,1,68530.76,France,Femme,0
5625,770,51,9,237251.2,2,1,1,105908.38,France,Homme,0
5626,734,54,2,235258.58,3,1,1,70542.79,France,Homme,0
5627,544,37,6,45218.51,2,1,1,30550.96,Allemagne,Femme,1
5628,716,78,10,46286.64,3,1,1,157187.96,France,Homme,0
5629,629,78,9,40845.36,4,1,1,168306.5,France,Femme,0
5630,632,25,1,197230.48,2,1,1,57916.12,Espagne,Femme,0
5631,389,24,3,1505.51,3,1,1,59333.05,France,Homme,1
5632,796,23,11,31794.3,4,1,1,94542.18,France,Femme,1
5633,538,28,12,134489.91,2,1,1,165121.82,France,Femme,0
5634,513,61,13,61890.52,4,1,0,29294.59,Espagne,Homme,1
5635,831,35,12,23089.11,2,1,1,164611.6,France,Homme,1
5636,826,68,5,89969.5,1,0,0,185703.75,France,Homme,1
5637,373,59,10,68551.9,3,1,1,118878.27,Allemagne,Homme,1
5638,373,74,4,127776.08,1,1,1,26172.42,Allemagne,Femme,1
5639,839,46,12,244808.4,3,1,1,64867.26,Espagne,Femme,0
5640,353,42,8,31076.16,1,0,1,35606.5,Allemagne,Femme,1
5641,672,38,9,93181.68,2,1,1,62967.46,France,Homme,0
5642,639,63,3,232996.25,1,1,1,165179.67,Allemagne,Homme,0
5643,790,20,4,219218.26,2,1,0,25298.54,France,Femme,0
5644,782,35,3,98567.76,3,1,1,67507.37,Allemagne,Femme,0
5645,820,41,13,174738.32,2,0,1,110635.89,Allemagne,Homme,1
5646,530,64,12,21964.25,1,0,1,176697.58,Allemagne,Homme,0
5647,597,55,13,178135.26,4,1,1,61246.7,France,Femme,0
5648,465,27,7,243214.43,3,1,1,158990.52,France,Homme,0
5649,628,44,12,134372.04,4,1,1,122960.28,France,Femme,0
5650,714,29,7,124622.56,4,1,1,140128.34,Espagne,Homme,0
5651,418,24,14,46829.65,4,1,1,174427.2,France,Homme,1
5652,700,34,2,158447.05,4,0,1,19886.9,Espagne,Homme,0
5653,603,18,0,147609.32,4,1,1,113000.69,France,Femme,1
5654,530,75,5,162983.26,1,1,1,153234.63,France,Femme,1
5655,667,67,1,6520.82,2,1,1,178651.57,France,Homme,0
5656,518,43,1,137180.87,2,0,1,39548.42,Allemagne,Homme,1
5657,662,32,2,148733.71,4,0,1,78168.55,Allemagne,Homme,0
5658,598,68,7,51882.53,1,0,1,29532.82,Allemagne,Homme,0
5659,537,77,2,52083.21,4,1,1,169462.81,Allemagne,Homme,0
5660,403,50,6,69054.54,4,1,1,173612.77,France,Homme,0
5661,675,79,9,177930.4,3,1,0,104463.28,Allemagne,Homme,1
5662,706,54,13,151566.52,1,0,1,18847.13,Allemagne,Femme,0
5663,662,64,9,211440.66,4,0,1,33906.66,Allemagne,Femme,1
5664,487,48,8,73914.64,2,1,1,130506.25,Allemagne,Homme,0
5665,517,52,12,228017.01,3,1,0,196784.55,France,Homme,0
5666,740,18,7,185926.54,4,1,1,170189.85,Espagne,Homme,0
5667,452,25,0,98752.92,4,0,1,162615.61,Espagne,Homme,0
5668,771,29,6,23815.52,4,1,1,92324.43,Allemagne,Femme,0
5669,434,76,6,64245.92,1,1,0,197264.27,France,Homme,1
5670,666,71,7,239192.05,4,0,0,167619.98,Allemagne,Homme,1
5671,561,74,9,77590.84,2,1,1,77095.77,France,Femme,0
5672,352,36,4,82475.24,3,0,1,153470.84,France,Femme,1
5673,733,42,9,47397.23,1,0,1,95016.74,Espagne,Femme,0
5674,528,74,8,201712.65,3,1,1,137184.3,Allemagne,Femme,0
5675,691,49,8,68911.06,2,1,1,194459.96,Allemagne,Homme,1
5676,652,29,7,82564.56,4,1,1,60593.54,Espagne,Homme,0
5677,801,30,5,103587.03,1,1,1,162075.41,Espagne,Homme,0
5678,825,45,5,108432.07,4,1,1,124219.25,Allemagne,Femme,0
5679,681,18,0,102835.2,1,0,1,190744.62,France,Femme,0
5680,387,68,12,125935.92,4,0,0,39875.71,France,Femme,0
5681,848,23,14,203628.22,2,1,1,148146.26,Espagne,Homme,0
5682,769,25,5,204821.26,2,0,0,21873.33,Espagne,Homme,0
5683,588,21,13,199578.28,4,1,1,60612.39,France,Femme,0
5684,518,22,3,25281.21,2,1,1,74358.09,France,Femme,1
5685,802,42,3,199919.7,4,0,1,94967.32,Allemagne,Femme,0
5686,746,39,13,30062.94,1,1,0,193580.5,France,Homme,1
5687,692,45,1,31180.94,2,0,1,27506.26,France,Femme,0
5688,663,56,12,236965.69,1,0,0,46261.83,Espagne,Homme,1
5689,655,40,10,204849.46,4,0,1,52563.74,France,Femme,0
5690,379,21,13,138102.62,1,1,1,93439.39,Allemagne,Femme,1
5691,539,69,3,218742.55,3,1,1,26229.48,France,Femme,0
5692,706,21,4,247341.16,4,1,1,193602.62,Espagne,Homme,0
5693,374,79,12,152660.52,2,1,1,118572.56,Allemagne,Homme,1
5694,461,64,11,153224.61,2,0,1,165458.08,France,Homme,0
5695,760,76,4,188606.76,3,1,0,157912.21,France,Femme,0
5696,784,38,4,58034.74,4,1,1,137252.65,France,Homme,0
5697,555,54,3,41781.22,4,0,0,182315.74,Allemagne,Homme,1
5698,534,73,0,189895.19,4,0,0,181940.99,Allemagne,Femme,1
5699,731,58,13,86226.2,4,1,1,38637.79,France,Femme,0
5700,845,19,9,33767.59,1,1,0,181856.74,France,Homme,1
5701,728,76,7,78719.43,4,1,1,111919.84,France,Homme,0
5702,396,24,2,89659.22,1,0,0,64592.9,France,Homme,1
5703,723,66,1,241306.91,1,1,1,127572.59,Allemagne,Femme,0
5704,577,33,8,174489.93,2,1,1,66967.17,Allemagne,Femme,1
5705,388,34,6,132714.08,4,1,1,103616.45,France,Homme,1
5706,365,37,8,242218.28,1,0,0,166041.0,Espagne,Homme,1
5707,371,75,12,225784.94,4,1,0,20956.63,France,Homme,1
5708,562,40,1,128000.21,3,1,1,48871.46,Allemagne,Homme,0
5709,659,51,8,226419.91,1,1,1,191967.79,Allemagne,Femme,0
5710,498,28,9,101076.16,2,1,1,97343.2,Espagne,Homme,0
5711,805,51,8,57605.17,4,1,1,71114.99,Espagne,Femme,0
5712,590,50,10,58169.54,2,0,1,185806.72,Allemagne,Femme,1
5713,621,43,8,165578.88,1,1,1,183574.57,Allemagne,Femme,0
5714,408,19,9,125267.58,1,0,1,23184.85,Allemagne,Homme,1
5715,636,78,12,164737.71,2,0,1,82058.43,France,Homme,1
5716,775,40,9,171518.99,4,1,1,183872.01,France,Femme,0
5717,551,58,3,5580.72,1,1,1,48257.81,France,Homme,1
5718,381,39,9,13509.9,3,0,0,121969.5,France,Femme,1
5719,792,75,2,133169.43,2,1,0,74343.93,Allemagne,Homme,1
5720,511,51,5,47758.87,1,1,1,151264.61,Espagne,Homme,1
5721,604,77,2,158133.44,4,1,1,44278.56,Allemagne,Femme,1
5722,603,32,10,138046.43,1,0,1,125269.84,Espagne,Femme,0
5723,358,27,8,146440.09,4,1,1,15001.56,France,Homme,1
5724,814,32,2,75613.84,4,0,1,61724.29,Espagne,Homme,0
5725,488,59,1,159960.88,1,0,1,45000.56,France,Femme,1
5726,829,46,7,207373.16,3,1,0,53818.68,Espagne,Homme,0
5727,359,74,5,249517.81,4,1,1,174178.86,Allemagne,Homme,1
5728,563,40,7,209611.1,2,0,1,184237.37,Espagne,Homme,0
5729,622,76,14,139374.69,4,1,1,154680.84,Espagne,Femme,1
5730,673,34,12,48357.4,4,0,0,124169.71,France,Femme,1
5731,397,77,6,170361.47,3,0,0,57708.46,France,Homme,1
5732,785,26,2,234413.45,4,1,1,65823.46,Espagne,Homme,0
5733,460,67,7,52966.63,1,1,1,72329.61,Allemagne,Homme,0
5734,502,53,9,63998.91,3,1,1,158746.01,Espagne,Femme,1
5735,472,26,0,37252.14,4,1,1,61783.6,France,Femme,0
5736,754,33,0,184180.41,1,1,0,195077.04,France,Homme,1
5737,706,53,12,101640.38,1,1,1,162345.75,France,Homme,0
5738,451,65,12,15673.91,4,0,1,199947.78,Allemagne,Homme,1
5739,590,68,9,218737.5,2,0,1,99948.03,France,Homme,1
5740,670,50,12,139417.98,2,1,1,124025.71,Allemagne,Homme,0
5741,540,72,7,82773.57,4,1,1,66874.29,France,Femme,1
5742,566,48,12,85995.74,4,1,1,126692.75,Allemagne,Homme,0
5743,400,23,8,72562.81,1,0,1,195171.55,Espagne,Femme,1
5744,641,27,9,113870.04,4,1,1,20620.34,France,Homme,0
5745,430,33,5,84260.42,4,1,1,68518.43,France,Femme,1
5746,838,21,4,136986.58,1,1,1,67039.42,Allemagne,Homme,1
5747,732,71,1,193379.31,4,1,1,196738.43,Espagne,Homme,1
5748,437,39,10,168615.32,4,0,1,39540.14,France,Homme,0
5749,543,30,8,73614.22,4,0,1,165286.63,Allemagne,Femme,0
5750,453,33,5,132185.25,1,0,1,65792.46,Espagne,Homme,1
5751,620,69,7,210031.54,4,1,1,174211.55,Allemagne,Femme,0
5752,445,79,8,17051.56,2,1,0,105233.92,Espagne,Femme,1
5753,772,46,8,19574.32,4,1,1,59818.3,Espagne,Femme,1
5754,728,23,7,139042.52,2,1,1,146300.61,Espagne,Homme,0
5755,547,43,11,159778.78,4,1,1,170692.44,Allemagne,Homme,1
5756,350,28,9,52853.25,1,1,1,101975.75,Allemagne,Homme,1
5757,844,41,7,186305.03,2,1,1,147088.02,France,Homme,0
5758,756,46,2,161565.84,4,0,1,48592.77,France,Homme,0
5759,727,20,12,230822.32,4,1,1,188458.25,France,Femme,1
5760,516,69,2,42238.55,4,0,1,32843.16,France,Femme,1
5761,475,27,1,187843.57,4,1,0,56060.88,France,Femme,0
5762,662,78,0,20910.77,1,1,0,68346.56,France,Homme,1
5763,430,77,3,141323.1,3,0,1,43259.31,France,Homme,1
5764,767,79,1,137973.78,2,0,1,90235.86,France,Homme,1
5765,600,18,13,97096.26,4,0,1,99681.17,France,Femme,0
5766,518,69,13,211142.79,1,1,1,110939.01,France,Homme,1
5767,826,60,1,1092.66,3,0,1,22547.92,Espagne,Femme,0
5768,422,43,12,130044.85,1,1,1,55534.62,Espagne,Femme,0
5769,490,75,10,54288.39,4,1,1,164436.2,Espagne,Homme,0
5770,419,29,10,185874.65,3,1,1,164961.86,Allemagne,Homme,1
5771,611,31,4,10766.86,2,0,1,76051.25,France,Homme,0
5772,689,42,3,207888.67,2,1,1,100317.26,Allemagne,Femme,0
5773,657,25,0,209523.06,1,1,0,48938.79,Allemagne,Femme,1
5774,594,60,14,208216.5,2,1,1,167095.88,Allemagne,Femme,1
5775,352,21,14,38142.13,2,1,1,191986.49,Espagne,Femme,0
5776,686,45,8,157601.63,3,1,1,68900.28,France,Femme,1
5777,412,24,13,3591.84,2,0,1,159658.52,Allemagne,Homme,0
5778,398,27,3,211990.65,3,1,1,80191.99,France,Homme,0
5779,425,68,4,180743.8,3,1,0,15487.28,Espagne,Homme,1
5780,717,74,6,132788.43,3,1,1,125949.63,France,Femme,0
5781,524,75,1,182647.86,2,0,1,90923.75,France,Homme,1
5782,458,53,7,23581.02,1,0,0,155310.48,Allemagne,Homme,1
5783,532,19,10,132163.96,1,1,1,153521.35,Espagne,Homme,0
5784,541,43,1,72819.12,2,0,0,190015.78,France,Homme,1
5785,414,70,10,243154.87,3,1,1,95996.52,Allemagne,Femme,1
5786,686,67,9,214279.49,2,0,1,104264.7,France,Homme,0
5787,800,31,4,183318.92,4,1,1,89074.98,France,Femme,0
5788,823,75,12,233436.91,1,1,0,69933.69,France,Femme,0
5789,620,33,11,86710.83,3,1,1,133000.81,Allemagne,Femme,0
5790,449,71,1,225219.97,2,1,1,168186.8,Espagne,Femme,1
5791,381,60,1,81309.56,3,0,1,44194.97,Allemagne,Femme,1
5792,701,59,3,183199.18,4,0,1,196640.28,France,Homme,0
5793,477,34,3,184104.23,3,1,0,141504.36,France,Femme,1
5794,801,63,12,4587.47,4,1,1,159320.54,France,Femme,0
5795,751,39,7,90264.92,1,1,1,199788.1,Allemagne,Homme,0
5796,718,21,12,4858.17,3,0,1,108245.83,France,Femme,0
5797,688,36,5,249273.0,2,1,1,28188.88,France,Homme,0
5798,392,19,9,30549.19,3,0,0,161203.97,Allemagne,Homme,1
5799,721,56,7,135702.72,3,1,1,176091.72,Espagne,Homme,1
5800,768,26,12,197639.06,4,1,0,45043.47,France,Femme,1
5801,837,77,6,50315.9,4,1,1,19465.42,Allemagne,Femme,0
5802,427,36,12,121263.17,2,1,1,40127.38,France,Femme,0
5803,663,33,9,151857.19,1,0,1,74933.79,France,Homme,1
5804,638,71,3,40051.19,1,1,1,185991.99,Espagne,Femme,0
5805,619,42,1,194638.86,4,0,1,15456.43,Allemagne,Homme,1
5806,511,65,14,74834.11,2,1,1,163702.61,France,Homme,0
5807,538,35,8,52755.77,3,1,0,173148.13,Espagne,Femme,0
5808,596,40,1,139572.19,2,0,0,165044.68,Allemagne,Femme,1
5809,737,70,0,102578.41,2,1,1,30209.66,Allemagne,Femme,0
5810,565,38,7,230071.49,2,1,0,140650.15,France,Homme,1
5811,664,28,9,220015.67,1,1,0,191472.17,France,Homme,1
5812,762,56,14,120837.67,3,1,1,37267.11,France,Homme,1
5813,688,58,8,89815.94,2,1,1,20861.13,France,Femme,0
5814,739,21,0,81379.5,1,1,1,176626.92,France,Homme,0
5815,726,42,6,66890.91,1,1,1,134311.99,Allemagne,Homme,0
5816,830,49,1,136136.96,4,1,1,134590.56,France,Homme,0
5817,782,47,5,201244.65,3,0,1,193419.81,France,Femme,0
5818,517,62,12,77689.15,2,0,1,157406.63,Allemagne,Homme,0
5819,688,76,10,47523.52,3,0,1,88527.3,Allemagne,Femme,0
5820,542,43,4,118870.95,4,0,1,95630.61,Allemagne,Homme,1
5821,802,74,0,17258.6,4,0,1,41768.2,Espagne,Femme,1
5822,632,78,1,175319.75,2,1,0,71249.23,Espagne,Femme,0
5823,685,53,1,129589.57,1,0,0,97399.69,Espagne,Femme,1
5824,739,68,9,124093.7,4,1,1,63300.8,Allemagne,Homme,1
5825,837,51,9,75111.34,1,1,1,184436.48,Allemagne,Femme,0
5826,362,26,5,226168.36,4,1,1,17183.49,France,Homme,0
5827,589,29,10,22621.57,3,1,1,123599.09,Allemagne,Femme,1
5828,669,19,11,217456.0,2,0,1,157747.5,Allemagne,Homme,0
5829,795,55,0,94176.3,4,1,1,150440.16,France,Homme,0
5830,832,22,10,220155.88,3,1,1,134090.6,France,Homme,0
5831,496,79,12,182190.36,4,1,0,90912.07,Allemagne,Femme,1
5832,553,22,3,26042.68,2,0,1,184918.29,Espagne,Homme,0
5833,429,69,11,207884.07,3,1,1,75855.07,France,Homme,0
5834,728,39,9,170544.21,1,1,1,153774.81,France,Femme,0
5835,392,22,10,8075.48,4,1,1,186430.43,Allemagne,Femme,0
5836,807,76,4,33425.67,4,0,1,38750.97,France,Homme,1
5837,438,21,1,158907.01,3,1,0,190209.99,Espagne,Homme,1
5838,497,78,1,165650.13,2,1,1,158566.05,Allemagne,Homme,0
5839,444,26,14,186662.86,4,1,0,129069.46,France,Homme,0
5840,801,46,6,180061.35,3,1,1,84078.76,Allemagne,Homme,0
5841,777,39,6,164879.99,2,0,1,182289.1,France,Femme,0
5842,500,44,5,191559.73,4,0,1,23147.94,Allemagne,Homme,0
5843,351,27,0,143771.43,3,0,1,94888.38,France,Homme,1
5844,725,33,11,65197.85,2,0,1,154977.27,France,Femme,0
5845,371,59,12,228094.15,4,0,1,165060.98,France,Femme,1
5846,720,78,11,4553.51,4,0,1,52421.52,Espagne,Homme,0
5847,662,59,2,91640.43,2,0,1,23806.86,Allemagne,Femme,0
5848,834,78,8,182217.57,2,1,1,163527.46,Espagne,Femme,1
5849,677,68,9,106789.01,3,1,1,93050.07,Allemagne,Homme,0
5850,356,27,0,6208.6,4,1,1,41551.89,Allemagne,Femme,1
5851,555,23,1,16495.23,4,1,1,30830.14,France,Femme,1
5852,789,79,7,162159.34,3,1,1,133518.32,Allemagne,Homme,0
5853,724,66,6,241216.15,4,1,1,122821.31,France,Homme,1
5854,800,22,8,137965.91,4,0,1,172988.22,Espagne,Femme,0
5855,463,75,9,126689.45,4,1,1,20839.9,Allemagne,Femme,1
5856,621,23,11,79581.3,1,1,0,175659.04,Espagne,Femme,1
5857,432,76,14,64172.67,2,1,1,179139.98,Allemagne,Homme,0
5858,528,73,14,5246.25,1,1,1,97565.44,France,Femme,1
5859,559,76,14,68238.72,1,1,1,29183.29,France,Femme,0
5860,849,64,11,112277.61,2,1,1,190147.49,Allemagne,Homme,0
5861,813,42,3,49487.45,1,1,1,28325.53,France,Homme,0
5862,677,76,3,21837.0,3,1,1,124274.93,France,Femme,0
5863,473,68,6,179431.97,1,1,1,106233.95,France,Homme,1
5864,830,67,0,223655.07,3,1,0,169490.99,France,Femme,0
5865,462,78,9,234193.02,2,0,1,107982.27,France,Homme,0
5866,361,21,11,154499.68,4,1,0,101787.25,Espagne,Femme,0
5867,475,57,8,13193.65,2,1,1,177920.28,France,Homme,1
5868,402,76,1,185215.66,2,1,1,193341.87,France,Femme,0
5869,680,65,14,27523.83,1,0,1,116614.97,Allemagne,Femme,1
5870,738,49,0,167437.03,2,0,1,99123.93,France,Femme,1
5871,632,73,6,194841.46,2,1,1,168752.6,Allemagne,Homme,0
5872,489,68,5,181466.18,3,1,1,168752.29,Allemagne,Femme,0
5873,750,69,11,237970.95,4,1,1,74085.62,France,Homme,1
5874,739,52,2,184536.57,1,1,1,121601.38,France,Homme,1
5875,446,27,0,173302.44,4,0,1,43511.64,Allemagne,Femme,1
5876,354,51,11,65435.79,4,1,1,132575.27,France,Homme,1
5877,406,53,4,231192.17,4,1,1,169287.97,Espagne,Femme,0
5878,761,23,9,44885.97,1,1,1,49690.29,Espagne,Homme,0
5879,683,60,13,226224.15,2,1,1,74763.7,Allemagne,Homme,0
5880,418,63,3,78165.64,4,1,1,98052.84,France,Homme,0
5881,467,33,4,32540.9,1,0,1,171339.81,France,Homme,1
5882,725,76,0,206670.76,2,1,1,150303.45,France,Femme,0
5883,408,70,0,623.86,4,0,0,73621.02,France,Femme,0
5884,382,36,4,208022.08,3,0,1,59961.21,Espagne,Homme,0
5885,667,51,5,65577.96,1,0,0,143705.37,France,Femme,1
5886,399,42,4,221180.32,4,1,1,103779.18,France,Femme,0
5887,717,48,1,172869.8,1,1,1,124807.53,Espagne,Homme,0
5888,838,66,8,166545.83,3,1,1,135009.03,France,Homme,0
5889,368,58,4,91329.89,1,1,0,118357.05,France,Homme,0
5890,563,34,10,14850.74,2,0,1,128418.33,Espagne,Homme,1
5891,546,64,10,207518.27,4,1,1,179188.08,France,Femme,0
5892,728,47,4,42725.95,1,1,0,175616.8,Allemagne,Femme,0
5893,799,56,9,93064.66,1,0,0,42571.34,France,Homme,1
5894,827,71,8,150088.67,4,1,1,123501.89,Allemagne,Femme,0
5895,396,72,2,120563.43,3,1,1,96270.87,France,Femme,0
5896,516,48,4,49665.16,3,1,1,67821.21,Allemagne,Femme,0
5897,801,36,14,35154.09,4,1,1,131762.27,France,Homme,0
5898,638,79,12,30811.57,4,0,1,109513.45,France,Femme,1
5899,490,52,11,215751.97,2,0,1,158357.25,Allemagne,Homme,1
5900,433,46,4,7889.89,1,1,1,32284.73,France,Homme,1
5901,531,76,1,244253.56,1,0,1,70995.94,Espagne,Homme,1
5902,740,18,10,49632.17,3,1,1,19769.72,Allemagne,Femme,1
5903,428,21,3,27580.57,2,1,1,153002.55,Allemagne,Homme,1
5904,564,45,10,144242.91,1,0,1,183804.61,France,Femme,1
5905,363,35,10,19996.49,2,1,1,123664.62,Espagne,Homme,1
5906,564,43,1,150613.32,4,0,0,129141.14,Allemagne,Femme,1
5907,752,57,4,212656.66,1,0,1,23588.65,France,Femme,1
5908,477,36,9,11974.51,4,1,1,108199.54,Espagne,Femme,1
5909,659,72,12,199967.15,3,1,1,112471.36,Allemagne,Femme,0
5910,826,72,11,98619.36,3,1,1,22210.28,France,Femme,0
5911,597,77,1,39872.66,4,0,0,159741.62,France,Femme,1
5912,753,74,9,44024.12,3,0,0,66489.23,Espagne,Homme,1
5913,378,23,14,229691.14,4,1,1,148837.7,France,Homme,0
5914,629,18,13,27651.44,4,1,0,89541.19,Allemagne,Homme,1
5915,687,25,8,216695.7,4,1,1,199194.54,France,Homme,0
5916,668,50,9,136061.16,3,1,1,54257.95,Allemagne,Femme,0
5917,551,68,5,9764.04,3,1,1,25773.58,France,Femme,1
5918,710,60,7,116119.04,3,0,1,196282.52,France,Femme,1
5919,406,38,8,204362.38,4,0,1,60110.77,Allemagne,Homme,0
5920,741,41,14,181550.7,2,0,0,132536.27,Espagne,Homme,0
5921,567,42,12,122195.6,3,1,0,84295.12,Allemagne,Homme,1
5922,411,64,7,215012.47,2,1,1,133331.15,France,Femme,0
5923,506,72,4,30091.19,3,0,1,125270.84,France,Femme,0
5924,551,74,4,227485.26,1,0,1,145845.67,France,Femme,1
5925,366,60,5,211610.3,1,1,1,18412.02,Allemagne,Homme,0
5926,671,36,13,177069.21,1,1,1,169695.93,Allemagne,Homme,0
5927,355,46,0,204471.94,2,1,1,103553.18,Allemagne,Femme,1
5928,407,70,12,135953.88,3,0,1,110987.77,Allemagne,Femme,1
5929,674,27,10,168790.61,4,1,0,91039.66,France,Homme,0
5930,761,73,7,140149.52,2,1,1,198035.76,Allemagne,Homme,1
5931,667,29,1,88857.13,3,0,1,163290.7,France,Homme,0
5932,518,50,5,142215.2,1,1,0,72607.77,France,Homme,1
5933,802,73,13,64366.33,2,1,1,159868.19,France,Femme,0
5934,431,24,13,110069.79,3,0,1,95843.8,Allemagne,Femme,1
5935,823,34,8,70193.85,4,1,0,175952.47,France,Homme,1
5936,817,78,12,30721.95,2,1,1,20706.6,France,Femme,0
5937,774,78,2,80465.46,4,1,1,80750.2,France,Homme,1
5938,782,75,1,212996.8,2,0,1,94516.54,France,Femme,1
5939,568,77,9,95270.19,1,1,1,152686.17,Allemagne,Homme,1
5940,526,27,4,187000.91,1,0,1,48725.55,Allemagne,Femme,0
5941,553,48,10,43799.46,1,0,0,67962.0,Allemagne,Femme,1
5942,420,77,8,106104.79,4,1,0,148917.85,Allemagne,Homme,1
5943,736,23,5,28714.02,1,1,0,29216.08,France,Femme,0
5944,615,34,13,34655.27,4,0,1,52207.99,Allemagne,Femme,1
5945,447,67,7,154359.09,4,1,0,154372.81,Espagne,Homme,0
5946,694,54,7,151870.45,4,0,1,176972.8,France,Homme,0
5947,640,35,6,53342.98,1,1,1,149833.19,France,Homme,0
5948,557,79,4,118605.8,3,1,0,112520.58,France,Femme,1
5949,351,43,1,215826.54,4,1,0,33326.34,Allemagne,Homme,1
5950,473,66,13,43550.38,3,1,1,168036.76,Allemagne,Homme,0
5951,629,71,14,4802.63,4,0,0,37947.21,Espagne,Femme,1
5952,423,33,9,162998.79,1,1,1,86239.51,Allemagne,Femme,0
5953,515,25,9,13374.55,1,1,1,24342.38,France,Femme,1
5954,371,41,4,244985.06,1,0,1,146289.89,Allemagne,Homme,1
5955,503,30,11,152405.07,2,1,1,108146.57,Espagne,Homme,0
5956,776,46,6,117599.09,1,1,1,182907.43,Allemagne,Homme,0
5957,788,49,11,107498.14,3,1,1,40667.36,France,Femme,0
5958,644,41,11,143267.66,4,1,0,166545.7,France,Femme,1
5959,568,33,6,22656.11,3,1,1,109473.72,France,Homme,0
5960,506,28,10,232504.76,2,0,1,82727.09,Espagne,Homme,1
5961,844,49,12,156410.52,3,1,1,134059.87,Allemagne,Femme,0
5962,579,23,14,45994.62,4,1,1,161227.21,Espagne,Femme,1
5963,369,76,1,140645.26,4,1,1,96452.78,France,Homme,0
5964,824,52,6,33314.13,1,1,1,58069.05,Espagne,Homme,0
5965,390,50,5,4388.18,2,0,1,184420.99,France,Femme,1
5966,787,35,6,157629.25,2,1,1,72904.58,France,Femme,1
5967,497,54,10,162120.84,3,0,1,199673.74,France,Homme,0
5968,457,30,7,145924.15,1,1,1,156955.11,France,Homme,0
5969,752,27,3,45870.8,1,0,1,142246.55,Espagne,Homme,1
5970,433,54,0,150857.46,1,1,1,17293.95,France,Homme,0
5971,832,43,7,14127.74,4,1,1,97978.3,France,Femme,0
5972,716,63,7,152309.59,2,1,1,107955.3,Espagne,Femme,0
5973,671,34,2,138504.25,3,0,0,84629.63,Allemagne,Femme,0
5974,763,18,2,163813.71,3,1,1,42745.02,France,Femme,0
5975,658,42,4,223868.9,3,1,1,82978.33,France,Homme,0
5976,639,51,13,212589.53,1,1,0,28870.07,Allemagne,Femme,1
5977,755,56,2,245163.55,2,0,1,68820.0,France,Homme,0
5978,672,27,14,244060.26,2,1,1,30480.67,France,Femme,1
5979,483,37,13,193079.92,4,1,1,154198.34,France,Homme,1
5980,556,24,4,239104.91,4,1,1,139164.1,Allemagne,Homme,0
5981,632,73,14,216820.97,4,1,1,188887.63,Allemagne,Homme,1
5982,615,33,7,181895.61,3,0,1,85286.83,Espagne,Femme,0
5983,422,54,0,18846.06,3,1,1,160447.18,Allemagne,Homme,1
5984,830,46,1,12262.47,2,1,1,123707.33,Allemagne,Homme,1
5985,701,77,1,209399.89,4,1,1,134529.13,Allemagne,Femme,0
5986,397,29,11,122413.96,3,1,1,116280.33,Allemagne,Femme,0
5987,675,34,3,203651.67,4,0,1,159144.63,Allemagne,Homme,0
5988,582,65,8,78229.57,4,1,1,22768.41,Espagne,Homme,0
5989,792,37,1,99412.46,2,1,1,29890.31,Allemagne,Femme,0
5990,449,43,11,175046.68,2,0,1,32745.9,Allemagne,Homme,1
5991,408,65,13,228831.68,3,0,1,68407.79,Allemagne,Femme,1
5992,607,36,10,21940.37,2,1,1,124358.83,France,Homme,1
5993,762,75,12,215369.54,4,1,1,134439.25,Allemagne,Femme,0
5994,801,64,14,198253.18,2,1,1,146831.68,Espagne,Femme,0
5995,414,29,11,78884.82,4,1,1,66941.2,France,Femme,1
5996,432,38,8,88804.15,4,1,1,135289.36,Allemagne,Homme,1
5997,503,59,6,11615.37,3,1,1,36772.65,France,Homme,0
5998,822,78,9,3935.15,3,1,0,16846.15,Allemagne,Homme,0
5999,615,75,7,119251.53,3,0,0,143515.95,Allemagne,Homme,0
6000,658,78,0,23884.91,4,0,0,147388.26,Allemagne,Femme,1
6001,428,71,12,48500.45,2,1,1,130096.4,France,Homme,0
6002,664,51,4,211691.8,3,1,1,62890.94,Espagne,Femme,0
6003,499,24,8,142757.1,3,1,1,186581.67,France,Femme,0
6004,784,62,11,158408.11,2,1,1,176999.98,Allemagne,Femme,0
6005,397,52,3,46869.83,2,0,1,110375.0,Allemagne,Femme,1
6006,754,32,1,207165.45,3,1,1,197990.85,Allemagne,Homme,0
6007,728,18,5,216994.94,4,0,1,70244.62,France,Homme,1
6008,597,43,1,130831.9,4,1,1,105859.84,Allemagne,Femme,1
6009,627,52,2,228139.44,3,1,0,186665.53,Allemagne,Femme,0
6010,705,42,13,211207.16,2,0,1,100492.59,France,Homme,0
6011,447,59,7,182831.04,4,1,0,102136.52,France,Femme,1
6012,763,76,14,183518.98,2,1,1,29687.63,France,Homme,0
6013,374,76,2,26348.37,1,1,1,54099.08,Espagne,Femme,0
6014,842,32,1,67709.01,2,1,1,44205.07,Allemagne,Femme,0
6015,633,39,5,16711.8,2,1,1,119574.19,Allemagne,Homme,0
6016,798,76,13,2170.3,1,1,1,73920.94,Espagne,Femme,1
6017,718,23,2,39577.38,4,1,1,29250.63,France,Femme,0
6018,650,69,0,220121.8,4,1,1,109344.89,Allemagne,Homme,0
6019,417,32,11,59968.51,4,1,1,138805.17,Allemagne,Homme,0
6020,356,41,13,242538.49,3,1,1,151257.45,Espagne,Femme,1
6021,654,38,14,149322.75,1,1,1,169940.81,France,Homme,0
6022,486,24,14,59314.62,2,1,1,104161.93,France,Femme,1
6023,513,74,13,124282.7,1,0,0,87263.19,France,Femme,1
6024,432,78,2,54773.71,1,0,1,141562.53,France,Homme,1
6025,734,46,5,245993.39,1,0,0,17472.48,Allemagne,Homme,0
6026,487,79,2,211816.25,1,0,1,132202.42,France,Femme,1
6027,769,49,8,6559.7,1,0,1,90051.16,France,Femme,0
6028,422,49,6,236944.01,1,1,1,98781.93,Espagne,Homme,0
6029,586,70,13,180266.28,3,0,1,69809.86,Espagne,Homme,0
6030,395,76,4,20595.31,1,1,0,38545.97,France,Femme,1
6031,455,79,1,167659.44,1,1,0,89263.56,Allemagne,Femme,1
6032,765,22,14,161731.67,4,1,1,72017.43,Espagne,Homme,0
6033,637,79,8,54697.19,1,1,1,192621.9,France,Femme,0
6034,611,21,4,189611.68,1,0,1,189554.79,France,Femme,1
6035,525,39,6,21766.18,4,1,1,134124.69,France,Homme,0
6036,515,35,8,122361.3,4,1,1,182184.74,France,Homme,0
6037,494,52,3,2480.8,4,1,1,153985.83,Allemagne,Femme,0
6038,679,34,8,242184.37,2,1,1,78989.93,France,Homme,0
6039,719,67,0,187890.91,1,0,1,126721.62,Allemagne,Homme,0
6040,632,67,11,39713.02,1,0,0,55759.86,Allemagne,Femme,1
6041,403,73,5,85418.51,1,1,1,142133.53,France,Homme,1
6042,527,41,1,40140.59,4,1,1,23289.4,France,Femme,0
6043,768,19,7,191654.37,3,1,1,168798.22,France,Homme,0
6044,593,30,4,14724.08,1,0,1,122897.52,Espagne,Femme,0
6045,690,79,14,210101.66,4,1,1,25811.09,Espagne,Homme,1
6046,476,71,2,235549.08,4,0,0,176275.82,France,Femme,1
6047,758,32,1,169156.99,4,1,0,177374.76,France,Femme,1
6048,761,22,7,53241.36,2,1,1,172770.93,Allemagne,Femme,1
6049,716,20,6,90022.52,4,0,1,158245.87,France,Homme,1
6050,620,54,8,119309.97,3,0,1,140416.2,Allemagne,Femme,0
6051,481,54,7,151156.19,2,1,0,88428.19,Allemagne,Homme,1
6052,442,54,10,167165.77,4,0,0,40222.75,Allemagne,Homme,0
6053,728,20,3,138553.68,3,1,1,68423.43,France,Homme,0
6054,422,52,1,87828.48,3,1,1,79209.27,Espagne,Femme,1
6055,760,69,13,222729.32,1,0,1,81244.15,France,Femme,1
6056,759,40,12,20348.01,4,0,1,119615.58,France,Femme,1
6057,752,77,1,116564.01,4,1,1,53550.82,France,Homme,1
6058,597,45,1,193891.21,1,1,0,50087.31,Espagne,Femme,1
6059,697,77,13,15218.17,3,1,1,147638.1,France,Femme,1
6060,622,47,10,176333.8,4,0,1,16387.6,Espagne,Femme,0
6061,392,35,11,204927.91,1,0,0,42661.1,France,Homme,1
6062,726,75,5,165207.82,1,1,1,95467.25,France,Femme,0
6063,390,69,6,3234.22,3,1,0,42580.39,Allemagne,Femme,1
6064,519,53,11,45034.26,3,0,0,192565.32,Espagne,Femme,1
6065,783,50,5,85528.27,4,0,0,138969.23,Allemagne,Femme,1
6066,561,43,1,58422.51,4,1,1,95062.36,France,Femme,0
6067,842,65,3,240663.04,2,1,1,35767.24,Espagne,Femme,0
6068,517,57,2,162898.48,3,0,1,86259.46,France,Femme,0
6069,388,34,10,74242.74,2,1,1,135361.31,France,Homme,0
6070,718,57,12,232424.37,2,0,1,194230.63,France,Homme,0
6071,594,24,3,185148.55,1,1,1,102447.16,France,Femme,1
6072,500,74,4,71151.8,1,1,1,143096.27,Allemagne,Homme,0
6073,460,25,6,94720.39,4,1,1,51141.41,Allemagne,Homme,1
6074,829,70,13,49857.21,3,0,1,130372.17,Espagne,Homme,1
6075,785,73,8,242768.5,3,0,1,59225.16,Allemagne,Femme,0
6076,396,79,14,129324.12,2,0,1,51654.8,France,Femme,1
6077,412,48,10,224014.17,2,1,1,109205.8,Allemagne,Femme,0
6078,574,76,1,86624.94,4,0,0,54157.9,France,Femme,0
6079,715,75,7,215210.4,1,0,1,148445.59,Allemagne,Femme,1
6080,418,29,2,13471.71,3,0,0,188407.27,France,Femme,1
6081,648,65,8,245522.58,3,1,1,87816.39,France,Femme,0
6082,781,48,9,228008.59,3,1,1,74655.36,Allemagne,Homme,0
6083,639,61,11,90800.74,3,0,0,47538.71,Allemagne,Homme,0
6084,645,36,3,193680.54,1,1,1,87223.34,France,Femme,1
6085,552,27,14,188064.48,4,0,1,118532.31,Allemagne,Homme,0
6086,410,56,2,225313.7,4,1,1,83999.34,Espagne,Femme,0
6087,783,29,9,76813.75,1,0,0,130269.1,France,Femme,1
6088,800,37,5,116380.0,4,0,0,137548.33,Allemagne,Femme,0
6089,667,54,9,216249.9,4,1,0,33098.47,France,Homme,0
6090,663,65,12,194644.86,2,1,1,144089.8,Allemagne,Femme,0
6091,510,58,8,98366.68,1,1,1,181558.74,Allemagne,Femme,0
6092,680,24,6,211431.31,4,1,1,19856.65,France,Homme,1
6093,365,69,3,11738.51,2,0,1,117000.16,France,Femme,1
6094,687,71,2,195511.58,1,0,1,126716.76,Allemagne,Femme,1
6095,443,75,9,51691.46,1,1,0,146315.84,Espagne,Homme,0
6096,653,31,3,71530.23,3,1,1,86367.2,France,Homme,0
6097,487,28,2,123303.71,2,1,1,166461.41,France,Homme,0
6098,687,24,11,112433.63,2,1,0,114880.85,Espagne,Homme,1
6099,387,46,2,130142.53,2,1,1,90653.27,France,Homme,0
6100,476,27,11,136193.9,1,1,1,148062.49,France,Homme,1
6101,624,46,13,82881.92,3,1,1,186564.47,France,Femme,0
6102,513,26,12,43806.88,1,1,1,165220.3,France,Femme,1
6103,792,53,8,192120.31,4,0,1,187172.98,Allemagne,Homme,0
6104,668,65,3,99994.04,4,0,1,64197.93,Allemagne,Homme,0
6105,426,27,8,126460.22,4,0,1,36924.9,France,Homme,0
6106,523,36,11,161174.18,3,1,1,113854.67,France,Homme,0
6107,736,73,14,227409.48,1,1,1,23219.63,France,Homme,0
6108,807,48,9,176888.21,2,1,1,139799.11,Allemagne,Homme,1
6109,707,34,4,11364.81,4,1,1,59400.28,Espagne,Homme,0
6110,670,26,6,209640.09,4,1,1,99054.77,Allemagne,Homme,1
6111,725,62,13,247338.75,1,0,1,136278.94,France,Femme,0
6112,440,50,4,118121.26,2,1,0,104372.63,France,Homme,0
6113,587,51,0,242397.58,3,1,0,58671.48,France,Homme,0
6114,613,62,1,136832.19,4,1,1,177868.55,Espagne,Femme,0
6115,528,41,10,114904.0,4,0,1,156439.03,France,Femme,1
6116,843,26,14,82851.19,4,0,0,126198.41,Espagne,Homme,1
6117,839,24,4,164388.72,2,1,1,144229.95,France,Homme,0
6118,558,33,5,57455.11,4,1,0,91835.29,France,Homme,0
6119,422,36,6,26233.55,2,1,1,84540.04,Espagne,Femme,1
6120,739,56,1,6809.28,4,1,0,44620.64,France,Femme,1
6121,456,23,9,73095.03,4,1,1,163664.43,France,Homme,0
6122,694,67,8,98942.71,2,0,1,85493.19,France,Homme,0
6123,644,68,5,138019.17,2,1,1,143079.94,France,Femme,0
6124,718,28,1,73187.46,3,1,1,70489.27,Allemagne,Homme,1
6125,793,78,1,246014.89,1,0,0,162258.01,Espagne,Homme,1
6126,633,29,2,72936.29,4,0,1,34470.03,Allemagne,Homme,0
6127,702,78,0,110243.85,4,1,1,130627.63,France,Femme,0
6128,531,75,8,25819.04,1,1,0,164405.02,Allemagne,Homme,1
6129,386,59,13,65156.63,1,1,1,137146.3,France,Homme,1
6130,486,30,9,12083.03,1,0,1,143781.42,Allemagne,Femme,1
6131,687,29,10,139877.16,4,1,1,112307.96,France,Femme,0
6132,405,38,3,187766.17,4,1,1,118420.92,France,Femme,0
6133,536,27,4,48927.45,4,1,1,27190.29,Allemagne,Homme,0
6134,690,37,6,91977.73,2,0,1,61398.58,France,Femme,0
6135,607,67,0,4154.06,3,1,1,148556.82,Allemagne,Homme,0
6136,794,53,2,209880.51,3,0,1,189902.96,Espagne,Homme,1
6137,407,45,13,194990.88,1,1,1,115229.48,France,Homme,1
6138,712,41,2,15813.51,1,0,1,149234.4,France,Homme,1
6139,472,22,1,91216.9,4,0,1,141462.28,Allemagne,Femme,1
6140,537,54,7,238821.65,3,1,1,199886.1,Allemagne,Homme,1
6141,579,78,4,98006.76,3,1,0,162075.82,France,Femme,1
6142,517,77,0,131552.17,2,0,0,131114.76,France,Femme,0
6143,769,29,11,88810.72,4,0,0,36304.47,Allemagne,Homme,0
6144,463,75,1,149032.85,4,1,0,82092.47,France,Homme,1
6145,601,52,0,244539.22,3,0,0,61379.31,Allemagne,Homme,1
6146,456,78,14,249375.63,3,0,1,172929.99,France,Femme,0
6147,386,57,5,193678.74,2,0,1,97542.01,France,Femme,1
6148,684,71,8,101077.77,2,1,0,114030.44,Allemagne,Homme,1
6149,441,19,10,123608.05,4,0,1,193492.31,France,Homme,1
6150,367,67,6,89182.83,2,1,1,169786.5,France,Homme,0
6151,703,58,4,246393.66,3,1,1,161116.75,France,Femme,0
6152,412,62,11,176940.08,4,1,1,41310.64,France,Homme,0
6153,499,56,12,112232.86,3,0,1,19212.16,France,Femme,1
6154,488,59,2,3028.82,4,1,1,38226.45,France,Homme,0
6155,535,26,11,130120.85,4,1,1,151952.42,France,Femme,0
6156,534,79,11,245982.05,3,1,1,90982.79,Espagne,Homme,0
6157,554,39,7,130765.23,4,1,0,36731.87,Allemagne,Homme,0
6158,609,64,9,45606.67,4,0,1,151718.61,Espagne,Homme,0
6159,563,22,3,5523.44,2,1,1,50998.05,France,Femme,1
6160,605,29,8,88675.94,3,0,1,123973.01,Allemagne,Homme,1
6161,484,18,4,229557.01,3,1,1,152185.42,France,Homme,1
6162,410,61,13,249138.53,2,1,1,127491.22,France,Homme,0
6163,712,39,5,236341.99,4,0,1,198822.76,France,Homme,0
6164,659,55,4,182355.0,1,0,1,95320.1,Allemagne,Femme,1
6165,437,68,9,139535.68,1,0,1,72683.94,France,Homme,1
6166,673,36,11,147671.54,3,1,1,52221.39,France,Femme,0
6167,825,33,10,134748.0,2,1,1,108199.23,France,Femme,1
6168,556,48,6,176762.33,4,1,1,172708.79,France,Femme,0
6169,478,68,6,104718.31,2,1,0,190179.31,France,Homme,0
6170,660,20,0,167301.0,4,0,1,194830.15,France,Homme,0
6171,352,40,1,30403.03,3,0,1,113304.99,Allemagne,Homme,1
6172,811,59,6,66423.83,3,0,0,126973.16,Allemagne,Femme,0
6173,771,76,7,209000.76,1,1,1,122584.86,France,Femme,0
6174,591,35,3,225937.23,2,1,1,101204.89,France,Homme,0
6175,470,43,5,134752.06,3,1,0,43164.37,France,Femme,0
6176,734,30,10,7908.9,2,1,1,27109.86,France,Femme,1
6177,451,75,11,231743.39,3,1,0,95778.01,Allemagne,Femme,1
6178,387,35,9,175516.06,4,0,1,49441.02,France,Homme,0
6179,690,20,2,103506.98,4,0,1,179030.57,Espagne,Homme,0
6180,845,75,6,149594.74,1,0,1,155914.49,France,Homme,0
6181,762,77,10,107443.71,3,1,1,129405.24,Allemagne,Homme,0
6182,482,40,2,116334.81,1,1,1,23771.22,Espagne,Homme,1
6183,846,20,10,221702.47,1,0,0,130115.4,Espagne,Homme,1
6184,551,72,6,40271.06,3,1,1,129897.8,France,Homme,0
6185,697,42,11,25917.28,3,1,1,96254.08,France,Femme,1
6186,370,44,10,682.19,4,0,1,136684.3,Allemagne,Femme,1
6187,591,75,11,78500.09,1,1,1,173714.19,France,Femme,1
6188,804,61,10,36853.44,4,1,1,155227.57,Allemagne,Homme,1
6189,800,44,7,54996.37,2,0,1,102585.33,Allemagne,Homme,0
6190,458,69,2,2809.75,2,1,1,63522.63,Allemagne,Femme,1
6191,652,56,1,56798.85,1,0,0,103399.9,France,Homme,1
6192,433,42,11,83177.9,1,1,0,190004.6,Allemagne,Femme,1
6193,432,79,5,7891.87,3,1,1,166697.51,France,Femme,1
6194,640,41,3,151976.03,3,1,1,20002.34,Allemagne,Femme,0
6195,801,25,7,142200.09,1,0,1,159848.2,France,Homme,1
6196,418,26,12,24258.94,1,1,1,46553.16,Allemagne,Femme,1
6197,478,63,14,148752.44,2,0,1,120655.6,Espagne,Femme,1
6198,545,54,13,249663.48,4,0,1,164205.74,Allemagne,Homme,0
6199,489,47,1,236117.24,2,1,1,118838.36,Allemagne,Femme,0
6200,793,70,3,667.75,2,0,1,89714.23,France,Homme,0
6201,632,36,1,198844.58,4,0,1,74434.51,France,Homme,0
6202,661,70,13,88401.32,1,1,1,71443.54,France,Femme,0
6203,583,33,1,15912.84,1,1,1,169924.09,France,Homme,0
6204,372,41,1,73995.8,2,0,1,167634.42,Allemagne,Homme,0
6205,502,61,0,80434.13,2,1,1,167324.68,Allemagne,Homme,0
6206,626,38,3,130811.06,4,1,1,67304.87,Espagne,Homme,1
6207,410,53,1,165270.94,3,0,1,162799.79,France,Homme,0
6208,668,57,8,187263.9,3,1,1,21777.45,Espagne,Homme,0
6209,727,56,8,61475.76,1,1,1,53194.41,France,Femme,0
6210,401,64,10,80442.64,3,1,0,110183.05,Allemagne,Femme,0
6211,693,79,10,77095.43,1,0,1,90248.04,Espagne,Homme,1
6212,502,79,6,90684.22,1,0,1,35699.33,Allemagne,Homme,0
6213,586,23,5,249914.08,1,1,1,22718.29,France,Homme,0
6214,660,22,11,194485.83,4,1,1,128066.66,Allemagne,Homme,0
6215,651,31,2,243747.62,2,1,1,72994.04,Espagne,Femme,1
6216,381,70,13,173277.76,3,1,0,17952.92,Espagne,Femme,1
6217,404,62,11,101567.68,4,1,1,94715.51,France,Femme,1
6218,701,59,13,97436.05,3,1,1,71751.92,Allemagne,Homme,0
6219,738,67,14,122145.29,4,1,1,121672.36,Espagne,Homme,0
6220,385,78,6,104217.45,3,1,1,187015.58,France,Homme,0
6221,459,21,0,207081.56,3,0,1,71955.27,France,Homme,0
6222,839,25,8,116250.5,2,1,1,199470.26,Espagne,Homme,0
6223,526,41,3,73903.59,3,0,1,30918.3,France,Femme,0
6224,711,28,5,193715.07,4,0,0,31331.46,Allemagne,Femme,1
6225,663,34,5,213605.1,3,1,1,146897.59,Allemagne,Homme,0
6226,644,67,10,105107.24,2,1,1,153496.88,France,Homme,0
6227,685,38,2,166952.14,3,0,1,93231.17,Espagne,Femme,1
6228,446,74,3,14701.13,4,1,1,67918.81,France,Femme,1
6229,718,43,12,132366.21,3,1,1,161890.38,Allemagne,Femme,1
6230,562,60,10,11245.28,2,1,1,191904.2,Allemagne,Femme,1
6231,666,65,9,7297.71,2,1,1,198131.85,France,Femme,0
6232,486,61,2,153231.21,2,1,1,132374.0,France,Femme,1
6233,355,62,12,75833.85,2,0,1,151921.23,Allemagne,Femme,1
6234,848,44,5,185634.29,1,0,1,167115.62,France,Homme,0
6235,458,33,0,224020.64,2,1,0,162790.92,France,Homme,0
6236,384,72,7,34847.79,3,1,1,198777.58,France,Homme,1
6237,388,43,7,181130.71,3,1,1,164929.89,Espagne,Homme,0
6238,499,70,8,128630.0,3,1,1,137575.9,France,Homme,0
6239,774,50,5,28029.81,3,0,1,84599.95,France,Femme,1
6240,467,48,0,162898.15,1,1,1,125627.52,Allemagne,Homme,0
6241,610,65,2,152366.7,1,0,0,177866.5,France,Femme,1
6242,775,64,14,128910.47,1,1,1,71513.81,Allemagne,Femme,0
6243,436,23,0,231617.8,3,0,1,20670.72,Allemagne,Homme,0
6244,814,61,14,130269.92,4,1,1,75528.71,France,Homme,0
6245,425,25,12,247628.78,4,0,0,192642.56,France,Femme,1
6246,820,24,14,127307.2,3,1,1,161902.5,France,Homme,0
6247,813,51,4,28963.01,2,1,1,49620.88,Espagne,Homme,0
6248,800,61,2,117617.81,2,0,0,17220.18,Allemagne,Homme,1
6249,763,70,13,45582.19,3,1,0,138787.09,France,Homme,1
6250,662,31,1,149283.37,2,1,1,122116.61,France,Femme,0
6251,732,33,2,173283.04,2,1,1,30351.67,Allemagne,Femme,0
6252,563,60,8,117108.82,4,0,1,193709.34,France,Homme,0
6253,806,69,10,24425.74,3,1,1,129291.74,France,Femme,1
6254,634,26,7,117160.35,1,0,1,135531.38,France,Homme,1
6255,588,27,12,20363.55,4,0,1,172915.59,Allemagne,Homme,1
6256,514,34,2,170531.49,3,1,1,77356.7,Espagne,Femme,0
6257,436,29,10,197592.06,3,0,1,118276.8,France,Femme,0
6258,490,23,1,240595.08,4,1,0,121594.84,France,Homme,1
6259,509,36,4,37200.53,2,1,1,193960.78,France,Femme,0
6260,395,60,11,133105.08,2,0,1,39325.0,France,Femme,1
6261,721,58,11,141884.34,4,0,0,155398.92,France,Femme,1
6262,844,70,12,230619.13,3,1,1,121402.97,France,Femme,1
6263,461,46,11,156819.16,1,1,1,171395.12,France,Homme,1
6264,756,23,0,36377.41,3,1,1,168911.07,France,Femme,1
6265,394,76,3,109087.83,1,1,1,17225.61,France,Homme,1
6266,750,42,7,163690.63,1,1,1,62444.11,Allemagne,Homme,0
6267,596,74,0,175071.11,3,0,0,48451.21,Allemagne,Femme,0
6268,453,41,4,215768.5,3,1,1,100416.47,Espagne,Femme,0
6269,434,42,11,45126.78,3,0,1,182478.18,France,Homme,0
6270,799,33,3,237885.54,1,1,0,15926.12,France,Homme,0
6271,834,69,5,14784.85,2,0,1,105315.52,France,Femme,0
6272,483,33,6,245940.53,1,1,1,178686.79,Allemagne,Femme,1
6273,457,23,8,214441.77,1,0,0,186349.3,France,Femme,1
6274,367,54,0,165068.2,1,1,1,136600.24,France,Femme,0
6275,443,38,10,183748.88,4,1,1,168504.18,France,Femme,0
6276,499,21,9,18173.0,2,1,1,74952.62,Espagne,Homme,0
6277,595,51,3,10369.97,1,1,1,67902.5,Espagne,Femme,1
6278,638,45,5,25441.45,1,1,1,24087.13,Allemagne,Femme,1
6279,763,55,9,21839.95,4,0,0,108092.49,France,Femme,1
6280,558,58,6,136845.31,1,1,1,99328.92,Allemagne,Homme,1
6281,475,45,6,53861.0,2,1,1,83804.37,Allemagne,Femme,1
6282,584,34,7,215051.41,1,0,1,35966.81,Allemagne,Femme,1
6283,765,31,13,111437.16,2,1,1,57691.18,Espagne,Femme,1
6284,775,24,9,173877.62,2,1,1,52679.99,France,Homme,1
6285,848,39,7,163218.27,3,1,1,189634.15,Espagne,Homme,0
6286,811,68,7,79963.26,4,0,1,193795.16,Espagne,Femme,0
6287,471,18,7,60791.89,4,1,1,15633.0,Allemagne,Homme,0
6288,487,46,11,85614.07,4,1,1,46551.36,Allemagne,Homme,1
6289,844,69,14,199164.59,3,1,1,179424.45,France,Femme,1
6290,464,48,7,146569.21,3,1,1,22092.92,Allemagne,Homme,1
6291,769,47,5,63384.67,2,1,1,189538.53,Allemagne,Femme,0
6292,511,74,8,204461.61,4,1,1,85311.96,France,Femme,1
6293,550,32,2,13689.85,3,0,1,114656.87,France,Femme,1
6294,583,35,5,174795.84,3,1,1,156306.63,Allemagne,Homme,0
6295,377,52,4,109775.2,3,1,1,60122.44,Espagne,Homme,1
6296,360,67,14,182822.6,2,0,1,33624.69,France,Homme,0
6297,555,47,14,231865.32,1,1,1,164840.42,France,Homme,0
6298,516,51,7,187508.52,3,0,1,197155.89,Espagne,Homme,0
6299,596,59,3,110491.34,3,1,1,136873.93,France,Femme,0
6300,396,28,3,37743.92,3,1,1,167666.5,Espagne,Homme,1
6301,595,44,12,201587.74,4,1,1,189142.79,Allemagne,Femme,1
6302,476,41,14,115176.38,4,0,1,57287.26,Espagne,Femme,1
6303,496,52,9,18828.08,3,1,1,79825.1,Espagne,Femme,0
6304,467,56,10,179763.85,2,1,1,55519.82,Allemagne,Femme,0
6305,748,25,9,72962.99,1,1,1,26430.0,France,Homme,0
6306,731,68,12,12222.06,4,1,1,150471.02,France,Homme,0
6307,761,35,4,225687.75,1,1,1,41946.66,France,Femme,1
6308,501,30,10,120775.27,3,1,0,32151.24,Espagne,Femme,1
6309,421,62,12,70240.26,4,0,1,81162.45,Allemagne,Femme,1
6310,712,41,12,179096.64,1,1,1,26202.88,France,Femme,1
6311,486,68,14,221475.59,3,1,1,48218.29,France,Femme,0
6312,524,40,5,76.77,4,1,1,27939.12,France,Homme,1
6313,638,29,14,171963.05,3,1,0,177296.39,Allemagne,Homme,0
6314,795,66,10,191752.92,4,1,1,159250.86,France,Homme,0
6315,830,47,3,52481.86,1,1,1,174010.24,France,Femme,0
6316,368,48,1,122405.96,1,1,1,175641.25,Allemagne,Homme,0
6317,544,45,11,22321.47,4,1,1,189734.18,France,Homme,0
6318,679,39,11,186687.47,2,1,0,49531.09,France,Femme,0
6319,773,61,13,211864.0,3,1,1,181501.68,France,Homme,1
6320,524,45,1,27046.66,1,1,1,112132.2,Espagne,Homme,0
6321,839,30,11,204115.06,2,1,1,45752.74,France,Femme,0
6322,798,42,2,192892.54,4,0,1,136318.07,Allemagne,Femme,0
6323,762,61,1,86728.33,1,0,1,75495.1,Allemagne,Femme,0
6324,783,68,0,172572.38,1,0,0,23596.85,Allemagne,Homme,1
6325,703,63,13,12.03,3,1,1,29549.88,France,Femme,1
6326,848,24,7,232949.41,2,1,1,93387.46,France,Femme,1
6327,490,62,11,137595.81,3,0,1,167899.46,France,Femme,1
6328,595,23,4,155084.72,4,1,1,72540.14,France,Femme,0
6329,734,41,9,166164.85,1,1,0,156733.28,France,Homme,1
6330,767,36,0,140342.25,2,1,0,25312.63,France,Femme,1
6331,442,36,12,214190.97,3,1,1,87840.51,France,Femme,0
6332,781,53,8,152425.46,2,1,1,38576.45,France,Femme,1
6333,588,68,7,226940.0,4,0,1,174756.44,Allemagne,Homme,1
6334,554,26,3,145582.91,1,0,1,194068.57,Espagne,Femme,1
6335,397,65,7,42780.61,2,1,0,75238.91,France,Femme,1
6336,782,76,12,228390.64,4,1,1,197939.59,France,Homme,1
6337,594,53,11,170406.87,4,0,1,154176.9,France,Femme,0
6338,669,55,12,174809.75,1,0,1,15228.27,France,Homme,1
6339,666,57,9,246370.44,3,1,1,104775.28,France,Homme,1
6340,762,76,6,18799.14,1,1,0,169308.62,France,Femme,1
6341,644,46,10,107148.15,1,1,1,113766.95,Espagne,Homme,1
6342,477,41,14,59773.85,2,0,1,116742.74,Allemagne,Femme,1
6343,693,65,10,157606.62,2,1,1,97824.43,Espagne,Homme,1
6344,631,22,6,201702.92,3,1,1,88082.19,France,Femme,0
6345,366,70,0,241577.68,4,1,1,20068.4,Espagne,Femme,1
6346,420,71,5,113649.03,2,1,0,130020.62,Espagne,Homme,1
6347,618,59,12,196554.56,3,1,1,156844.37,Espagne,Homme,0
6348,674,72,3,229262.9,1,1,1,161182.9,France,Femme,0
6349,631,62,13,170831.36,4,1,1,130557.69,Allemagne,Femme,0
6350,654,78,9,60683.14,1,0,1,78136.29,Allemagne,Femme,0
6351,800,43,9,151963.54,4,1,1,19182.79,Allemagne,Homme,0
6352,356,31,9,242488.01,2,1,0,180719.22,Allemagne,Femme,1
6353,663,56,10,246888.46,1,1,1,94373.55,Allemagne,Femme,0
6354,654,46,11,160589.96,1,1,0,126217.46,Espagne,Homme,1
6355,452,69,1,221746.94,4,1,1,50992.87,Espagne,Femme,1
6356,658,23,9,50087.34,3,1,1,41261.81,Espagne,Homme,0
6357,542,24,6,61519.65,4,0,1,31061.28,France,Femme,0
6358,590,54,8,238221.9,2,1,1,162771.56,Allemagne,Homme,0
6359,411,70,12,33808.84,3,1,0,134595.23,France,Femme,1
6360,366,35,4,47776.61,1,0,1,129914.46,France,Homme,1
6361,520,40,7,105137.15,1,1,1,185088.58,Espagne,Homme,1
6362,374,61,4,147396.07,1,0,1,44361.76,Espagne,Homme,1
6363,600,55,13,150954.3,2,1,1,46499.83,Allemagne,Homme,0
6364,602,76,6,72994.0,1,1,1,50051.79,Espagne,Homme,1
6365,736,18,6,230153.47,1,0,0,93323.34,France,Homme,0
6366,556,21,8,228774.98,3,1,1,176731.02,France,Femme,1
6367,378,68,2,98017.01,2,1,1,178072.71,Espagne,Homme,0
6368,466,61,13,108572.94,1,0,0,124258.73,France,Femme,1
6369,840,64,0,175624.28,3,1,1,136756.44,France,Homme,0
6370,765,52,1,165748.97,1,1,1,181086.03,France,Homme,0
6371,631,40,11,95574.25,3,0,1,130480.51,France,Homme,0
6372,729,44,5,103561.06,1,1,1,57512.94,France,Femme,0
6373,493,77,13,87009.74,2,0,0,145409.1,France,Femme,1
6374,374,43,9,58846.25,4,0,1,157429.79,Espagne,Homme,1
6375,659,69,9,114534.59,2,0,1,132538.76,Espagne,Homme,0
6376,505,77,11,171608.53,3,0,1,65610.35,France,Femme,0
6377,422,25,12,185491.68,1,1,1,88984.8,Allemagne,Homme,0
6378,469,60,13,194718.41,2,1,1,102059.6,France,Femme,0
6379,661,33,8,93683.0,1,0,1,41880.21,Allemagne,Femme,0
6380,670,58,2,191159.0,2,0,1,98661.3,France,Femme,0
6381,442,20,9,1629.08,3,0,1,44821.52,Allemagne,Homme,0
6382,435,49,1,119262.48,4,1,1,107398.57,Allemagne,Homme,1
6383,685,22,10,198476.1,2,1,0,24399.99,France,Femme,1
6384,774,37,0,157511.18,1,1,1,190478.33,Espagne,Homme,1
6385,848,31,1,118515.78,1,0,1,60573.8,Allemagne,Homme,1
6386,713,77,2,161160.5,1,1,1,101397.65,Allemagne,Femme,0
6387,784,49,6,226736.5,3,1,0,21059.15,France,Homme,1
6388,467,43,1,141595.45,3,1,1,50653.48,Allemagne,Femme,1
6389,582,64,12,199946.55,4,1,1,143250.32,France,Femme,0
6390,548,23,4,245185.68,1,1,1,35683.11,Espagne,Homme,0
6391,555,76,1,176392.05,4,1,0,131207.59,Espagne,Homme,0
6392,762,75,6,143331.44,1,0,0,15382.74,France,Homme,1
6393,688,53,9,9371.49,2,1,1,101026.73,Allemagne,Homme,0
6394,496,57,7,93619.47,2,1,0,148448.57,France,Homme,1
6395,799,68,7,141360.68,2,0,1,186364.18,Espagne,Homme,0
6396,774,76,12,199301.64,1,1,1,106174.69,France,Homme,1
6397,778,22,14,109526.2,2,1,1,170498.51,France,Homme,0
6398,620,30,7,240014.57,1,1,0,163479.4,France,Femme,1
6399,736,49,9,67948.44,4,1,1,69717.59,Allemagne,Femme,0
6400,488,33,14,186141.8,3,1,0,176825.72,France,Homme,0
6401,530,18,8,104757.85,2,1,0,133452.35,Allemagne,Femme,1
6402,779,30,0,121497.12,1,1,0,34274.16,Allemagne,Femme,1
6403,379,71,11,200625.51,1,1,0,188735.87,France,Homme,0
6404,406,28,0,74053.82,4,1,1,47685.2,Allemagne,Femme,1
6405,581,70,13,24203.01,4,0,1,102016.78,France,Homme,1
6406,495,25,14,130063.9,3,1,1,101277.6,Espagne,Homme,1
6407,784,42,13,132198.65,4,0,1,130668.78,France,Homme,1
6408,733,57,13,199291.94,3,1,1,138017.0,Espagne,Homme,1
6409,397,49,9,242079.8,3,0,1,58087.95,Allemagne,Homme,1
6410,543,41,1,13825.17,4,0,0,80201.86,Allemagne,Homme,0
6411,573,45,10,147922.37,3,1,0,41749.19,France,Homme,1
6412,485,31,14,170319.63,2,1,0,38312.91,France,Homme,1
6413,371,62,5,246450.34,3,1,1,167637.46,France,Homme,0
6414,355,20,13,235647.55,1,1,1,153883.45,France,Homme,0
6415,553,53,0,178112.69,1,1,1,96896.45,France,Femme,0
6416,588,44,4,130447.35,1,1,1,32743.22,France,Homme,0
6417,534,37,14,40380.98,4,1,1,98235.52,France,Femme,0
6418,709,64,4,96044.14,1,0,1,69474.3,France,Homme,0
6419,641,32,14,146280.58,4,1,1,158915.06,Espagne,Homme,0
6420,684,79,14,181300.1,1,1,0,32878.28,Allemagne,Homme,1
6421,569,44,3,158849.89,3,1,1,98503.18,Espagne,Femme,1
6422,465,70,10,178530.7,4,1,1,124406.6,France,Femme,0
6423,662,62,4,107288.13,1,1,1,197359.17,France,Femme,1
6424,398,58,11,181906.82,3,0,1,31577.5,Allemagne,Homme,1
6425,522,45,0,35935.31,4,1,1,36082.69,Espagne,Homme,1
6426,431,42,10,40646.58,3,1,1,197789.09,Allemagne,Femme,0
6427,671,59,10,40708.04,3,0,1,90040.65,Allemagne,Femme,1
6428,682,78,5,222716.24,3,1,1,152587.15,France,Homme,0
6429,394,61,6,19008.52,4,0,1,159942.95,Espagne,Femme,0
6430,684,63,7,200377.09,4,0,1,73193.49,Allemagne,Femme,1
6431,369,50,14,58392.72,2,1,1,54645.54,France,Homme,0
6432,797,63,1,117107.49,2,1,1,66076.87,France,Homme,0
6433,570,31,14,228989.15,2,1,1,156412.78,France,Homme,0
6434,472,25,14,146484.31,2,1,0,170488.7,France,Femme,1
6435,583,65,6,52529.42,4,1,1,144408.41,Allemagne,Homme,0
6436,570,31,5,71022.52,2,1,1,96627.1,France,Homme,0
6437,672,18,8,230111.66,1,1,1,63574.24,France,Homme,1
6438,688,33,14,106785.98,2,1,1,93671.07,Allemagne,Femme,1
6439,352,35,7,146746.37,1,0,1,184187.42,France,Homme,0
6440,531,24,13,114983.05,1,1,1,174691.18,France,Femme,0
6441,555,32,10,94609.52,3,1,1,74824.6,Allemagne,Femme,0
6442,669,41,13,55819.78,3,1,1,75669.05,France,Femme,0
6443,389,66,14,171547.88,3,1,1,159295.2,France,Femme,0
6444,408,68,3,179560.51,2,1,1,93916.2,Espagne,Femme,0
6445,788,72,13,68721.27,4,1,1,120953.72,Allemagne,Homme,1
6446,411,30,12,197252.71,1,0,1,93128.78,France,Homme,0
6447,481,26,8,213633.8,4,0,1,59832.68,Allemagne,Homme,1
6448,409,73,0,230168.77,4,0,0,49937.95,France,Femme,1
6449,721,73,10,40303.1,2,0,1,40815.22,France,Homme,1
6450,680,32,5,75980.92,4,0,0,17113.21,Allemagne,Homme,1
6451,471,74,7,215088.34,4,1,1,66914.04,France,Femme,1
6452,828,75,10,49635.05,3,1,1,46710.59,Espagne,Homme,0
6453,456,52,10,867.11,3,1,0,62720.83,France,Homme,1
6454,445,41,3,217706.83,1,1,1,29023.74,Allemagne,Femme,1
6455,696,50,1,81612.36,1,1,1,78188.48,France,Femme,0
6456,763,33,10,103624.38,3,0,1,111192.34,Allemagne,Homme,0
6457,584,25,1,111583.51,2,1,1,189745.71,France,Femme,0
6458,735,46,9,212068.65,2,1,1,79208.31,France,Homme,0
6459,411,40,0,84473.04,1,1,1,20739.25,Espagne,Homme,0
6460,605,62,4,223069.97,3,1,1,82037.41,Espagne,Femme,0
6461,398,48,12,154234.78,2,0,1,166186.49,Espagne,Homme,1
6462,742,57,5,131821.68,4,1,1,77927.24,France,Femme,0
6463,697,66,3,81403.63,1,1,1,68970.17,Allemagne,Femme,1
6464,508,71,3,60927.92,1,1,1,185014.1,Espagne,Homme,0
6465,473,72,4,156014.61,4,0,0,69987.42,France,Homme,1
6466,831,31,13,111723.54,4,0,0,194498.41,France,Homme,1
6467,666,76,14,227629.0,1,0,1,169037.61,France,Homme,0
6468,556,70,4,122909.68,4,0,1,141586.24,France,Femme,1
6469,397,47,13,127948.73,2,0,0,125690.36,Espagne,Homme,1
6470,758,70,13,104180.82,1,0,1,56584.41,France,Femme,0
6471,769,56,13,197315.75,2,1,1,150123.71,France,Femme,1
6472,485,44,13,106209.8,1,1,1,79220.55,France,Femme,1
6473,550,64,8,67335.5,2,1,0,104843.8,Allemagne,Homme,1
6474,599,33,7,215507.72,3,1,0,34252.72,France,Femme,0
6475,663,68,8,149207.06,2,1,0,69788.51,France,Homme,0
6476,706,23,12,147877.55,4,1,1,112887.1,Allemagne,Femme,0
6477,717,72,13,152705.55,3,0,1,101587.64,Allemagne,Femme,0
6478,778,50,2,179709.94,1,1,1,78549.93,France,Homme,0
6479,667,61,13,78267.0,2,1,1,102307.04,Espagne,Homme,0
6480,644,35,2,8461.09,1,1,1,152811.33,Allemagne,Femme,0
6481,829,33,0,202648.29,3,0,0,99975.23,Allemagne,Homme,0
6482,663,29,13,32226.26,4,1,0,108638.95,Allemagne,Femme,1
6483,849,37,9,180454.93,4,1,1,144712.03,France,Femme,0
6484,558,62,12,20578.82,4,0,1,170698.74,France,Femme,1
6485,704,57,5,93826.96,1,0,1,112469.8,Espagne,Homme,0
6486,834,76,3,15756.52,4,1,0,190412.49,France,Homme,1
6487,560,46,10,130553.42,4,1,0,80387.78,Espagne,Homme,1
6488,541,47,14,163283.94,1,1,1,61722.67,France,Homme,0
6489,393,43,14,42858.29,1,0,0,143221.63,France,Homme,1
6490,378,39,13,92906.9,3,1,0,47513.7,France,Homme,1
6491,408,50,7,232559.87,4,0,1,181494.05,Allemagne,Femme,1
6492,420,75,1,110597.28,3,0,1,86516.22,Allemagne,Femme,0
6493,441,70,10,200635.89,2,1,1,144157.5,France,Femme,0
6494,614,56,1,231796.19,2,0,1,120483.95,Allemagne,Homme,0
6495,732,64,6,243586.46,2,0,1,25062.31,France,Homme,0
6496,569,46,12,224580.5,2,1,1,146179.56,Allemagne,Homme,0
6497,739,39,14,79351.33,1,0,1,161150.88,Allemagne,Femme,0
6498,762,62,4,240643.22,3,0,1,196757.4,France,Homme,0
6499,791,30,12,203098.81,3,1,0,91983.62,Allemagne,Femme,0
6500,750,77,0,209293.9,1,1,1,108042.34,France,Femme,1
6501,749,26,6,3793.25,2,1,1,176850.46,Espagne,Homme,1
6502,564,41,6,238559.72,3,1,1,64801.5,France,Homme,0
6503,828,32,9,194522.56,4,1,1,49991.39,France,Homme,1
6504,736,53,5,191991.87,1,1,0,39588.4,Allemagne,Homme,0
6505,626,30,3,20381.18,1,1,1,195976.66,Allemagne,Homme,1
6506,413,44,11,58142.14,4,1,0,65016.46,Espagne,Homme,0
6507,695,61,12,240565.42,2,1,1,155117.98,France,Femme,0
6508,641,54,7,125169.27,2,1,0,98188.42,Allemagne,Homme,1
6509,839,24,11,99464.5,3,1,1,59506.44,France,Homme,0
6510,834,25,10,209985.2,4,1,1,183966.75,France,Femme,1
6511,594,54,1,21835.1,3,1,1,100804.39,Allemagne,Homme,1
6512,819,58,1,104235.5,2,1,1,119701.75,Espagne,Homme,0
6513,411,31,1,93925.19,3,0,0,56161.29,Espagne,Homme,0
6514,775,75,2,87462.85,4,0,1,74968.18,Allemagne,Homme,0
6515,681,29,5,76923.06,4,1,1,153322.2,Allemagne,Femme,0
6516,519,53,0,52518.74,4,1,1,78463.28,Allemagne,Femme,0
6517,794,69,10,43227.7,2,1,1,108602.33,Allemagne,Homme,1
6518,618,78,1,160101.53,1,1,0,36155.76,Espagne,Homme,0
6519,616,57,9,229848.71,1,1,1,172262.3,France,Homme,0
6520,403,34,14,127212.91,1,0,0,151452.6,France,Homme,1
6521,365,57,1,74493.64,3,1,1,155737.8,Allemagne,Femme,1
6522,357,70,13,39790.05,4,1,1,47964.26,Allemagne,Homme,1
6523,453,46,11,207535.84,2,1,1,106603.89,Allemagne,Homme,0
6524,408,79,0,242873.01,1,1,0,20095.14,France,Homme,1
6525,662,44,2,87288.85,1,1,1,73291.48,France,Femme,1
6526,389,18,9,72737.61,3,1,1,79383.61,Espagne,Homme,0
6527,586,69,6,150373.24,3,1,1,184032.68,France,Femme,1
6528,792,51,14,193832.25,1,1,1,198664.82,France,Homme,0
6529,735,21,12,113850.7,4,1,0,129282.99,France,Homme,0
6530,443,41,0,157518.29,4,1,1,110602.22,Espagne,Femme,0
6531,571,38,6,179137.27,3,1,1,96416.45,France,Femme,0
6532,553,50,4,240148.07,3,1,1,18384.8,Allemagne,Homme,1
6533,487,24,8,41259.33,4,1,0,163021.56,Allemagne,Femme,1
6534,649,18,1,249345.62,3,1,1,139287.78,Allemagne,Homme,1
6535,744,58,0,98039.16,3,1,0,135117.86,France,Femme,0
6536,556,20,8,180800.04,4,1,1,164673.03,France,Homme,0
6537,685,61,7,143103.59,4,0,1,186690.03,Espagne,Femme,1
6538,430,68,9,121667.15,2,0,0,87063.05,Allemagne,Homme,1
6539,567,32,5,174518.84,3,0,0,93884.54,France,Femme,0
6540,351,48,14,98938.46,3,0,1,195400.71,France,Femme,0
6541,527,71,4,31527.5,2,1,1,137918.6,France,Homme,0
6542,745,33,7,122223.35,3,1,1,172499.95,France,Femme,0
6543,720,27,7,130478.97,3,1,1,55990.36,Allemagne,Homme,0
6544,695,71,13,50475.54,1,0,0,73658.91,France,Homme,1
6545,628,46,4,233904.84,1,1,1,87446.97,Espagne,Femme,1
6546,495,76,11,56868.91,1,1,1,73632.63,France,Femme,0
6547,667,76,6,102306.9,2,1,1,178585.7,Allemagne,Homme,1
6548,573,23,12,38732.42,3,1,1,109629.39,France,Femme,0
6549,718,46,12,133949.16,2,0,1,191424.71,France,Homme,0
6550,733,34,0,76909.4,2,0,1,74444.65,Allemagne,Femme,1
6551,411,70,3,122318.13,3,1,1,21890.26,France,Femme,1
6552,643,77,1,56154.23,4,1,0,40541.36,Allemagne,Homme,1
6553,588,39,9,13443.78,4,1,1,55158.03,Allemagne,Femme,1
6554,544,41,2,194806.66,3,1,1,133394.39,France,Homme,0
6555,515,78,11,160271.57,4,0,1,48501.26,France,Femme,1
6556,800,34,0,85184.84,1,1,1,85577.23,France,Femme,1
6557,571,38,10,11873.56,3,1,1,162146.56,Allemagne,Femme,1
6558,410,68,10,216393.77,2,1,1,38080.42,France,Femme,0
6559,478,67,1,42448.75,1,1,1,29888.83,Espagne,Homme,0
6560,827,28,12,232685.55,2,0,1,114894.49,Allemagne,Femme,1
6561,522,73,0,119648.84,4,1,1,144142.77,France,Femme,0
6562,829,24,7,85096.68,3,1,1,183526.34,Espagne,Femme,0
6563,505,59,3,185439.87,1,0,1,137465.68,Espagne,Homme,1
6564,754,56,2,219209.85,3,0,0,190043.09,France,Homme,1
6565,727,22,0,92678.39,1,1,1,60237.32,France,Homme,1
6566,459,61,1,101835.94,1,1,0,78236.93,Allemagne,Homme,1
6567,618,65,2,108289.55,1,1,1,170272.29,Espagne,Homme,0
6568,760,78,2,230580.77,3,0,1,165044.96,Espagne,Homme,0
6569,705,74,5,173141.0,1,1,1,138004.72,France,Femme,1
6570,740,38,9,61911.53,1,0,1,108614.5,Allemagne,Homme,1
6571,627,35,7,46249.92,3,0,1,18276.61,Allemagne,Homme,0
6572,423,52,5,57591.92,2,1,1,66882.13,Allemagne,Femme,1
6573,836,37,1,65890.97,4,1,1,44292.44,Allemagne,Homme,0
6574,786,32,1,57545.87,3,1,0,24467.34,France,Homme,1
6575,812,22,13,164626.61,3,0,1,158574.75,Allemagne,Homme,1
6576,556,30,6,28983.38,1,1,1,39292.74,Allemagne,Femme,1
6577,737,68,0,96839.62,3,1,0,81121.39,Allemagne,Femme,0
6578,829,29,0,156263.39,3,1,1,195829.52,France,Homme,0
6579,628,79,6,72714.99,4,1,1,90693.38,France,Femme,1
6580,724,72,8,16318.6,3,0,0,41178.68,Allemagne,Homme,1
6581,675,38,4,20455.98,1,0,0,142606.04,France,Femme,1
6582,821,54,10,31491.69,4,1,0,164839.22,France,Homme,1
6583,689,23,0,208960.76,3,1,1,66642.88,Allemagne,Femme,0
6584,706,24,4,164465.88,1,1,0,164729.94,Allemagne,Homme,0
6585,689,43,10,16130.6,4,1,1,65231.4,Allemagne,Homme,0
6586,553,59,0,97767.22,3,1,1,143225.69,Espagne,Femme,0
6587,510,65,9,69646.29,1,1,1,38088.67,France,Homme,0
6588,377,25,14,144510.03,4,1,1,94147.25,France,Homme,0
6589,741,26,11,130701.49,1,0,1,111291.38,France,Femme,0
6590,606,44,8,120281.01,4,1,1,149177.46,France,Homme,1
6591,514,21,3,78628.09,3,1,1,135255.77,Allemagne,Homme,1
6592,412,38,8,34449.94,2,0,1,172868.42,Allemagne,Homme,0
6593,371,48,1,185594.1,4,1,1,49093.85,France,Femme,1
6594,419,38,6,219964.19,3,1,0,137330.61,France,Homme,1
6595,730,57,14,236037.73,4,1,1,38633.77,Allemagne,Femme,0
6596,754,42,11,14654.74,2,0,0,103444.79,France,Homme,0
6597,445,56,12,184977.18,1,1,1,112043.14,Allemagne,Homme,0
6598,512,32,1,181625.86,2,0,1,20043.73,France,Homme,0
6599,428,70,11,236777.4,2,1,1,28015.99,Allemagne,Homme,0
6600,354,52,3,63228.65,1,0,1,170265.29,France,Homme,0
6601,665,66,5,185544.76,2,1,1,68055.85,France,Homme,1
6602,469,60,13,13656.57,3,1,1,79036.85,France,Homme,1
6603,651,58,1,157811.43,4,1,1,133475.15,France,Homme,0
6604,527,54,1,87711.96,2,0,1,55832.21,Espagne,Femme,1
6605,525,74,1,192227.36,4,1,0,50679.58,France,Femme,1
6606,739,59,2,215826.07,4,1,0,92985.09,Espagne,Homme,0
6607,566,64,4,91205.26,1,1,0,25914.39,Espagne,Femme,1
6608,405,45,8,131396.52,2,1,1,184639.5,France,Femme,0
6609,715,78,5,29351.02,1,1,1,188920.14,France,Femme,1
6610,536,31,14,104226.74,1,1,1,97917.03,France,Femme,1
6611,581,21,14,90200.1,4,1,0,53709.29,France,Homme,1
6612,604,70,11,45780.86,3,1,1,102056.3,Allemagne,Homme,0
6613,762,37,13,223619.66,4,1,1,33487.64,France,Homme,0
6614,804,51,8,37021.96,1,1,1,88592.5,Allemagne,Femme,1
6615,453,29,9,158934.84,2,1,1,28628.13,Allemagne,Homme,0
6616,426,50,14,222535.66,3,0,1,145640.66,Allemagne,Homme,1
6617,579,41,13,227992.14,3,1,0,66007.01,Allemagne,Femme,0
6618,751,37,12,198309.92,2,1,1,111322.0,Espagne,Femme,0
6619,607,22,4,44035.28,2,0,1,17504.78,Allemagne,Femme,0
6620,613,55,10,204357.85,3,1,0,112057.75,Espagne,Homme,1
6621,680,47,5,69141.2,1,0,1,15604.57,Allemagne,Femme,1
6622,830,41,9,230599.51,3,1,1,186160.55,France,Femme,0
6623,531,60,11,177271.67,3,1,1,107714.21,France,Femme,0
6624,730,57,7,196316.89,3,1,1,33512.3,France,Homme,1
6625,605,24,2,21258.11,1,1,1,78095.14,France,Femme,0
6626,387,53,1,145691.28,2,1,1,23522.42,France,Homme,1
6627,525,55,2,205285.53,2,1,1,113215.66,France,Homme,0
6628,376,33,13,215397.59,2,1,1,37633.49,Allemagne,Homme,0
6629,625,69,8,7157.93,1,1,1,102524.89,France,Femme,1
6630,489,32,14,234789.81,1,1,1,71518.96,France,Femme,1
6631,648,63,5,10834.68,2,1,1,155892.93,France,Femme,0
6632,794,40,9,153629.67,4,1,0,104217.23,Allemagne,Homme,0
6633,636,29,11,173346.88,4,1,1,171914.28,Allemagne,Homme,0
6634,440,46,3,26836.32,2,1,1,189149.45,Espagne,Femme,1
6635,829,61,9,12002.97,4,1,0,194362.1,Allemagne,Homme,1
6636,410,65,2,196228.04,4,0,1,63136.33,France,Homme,0
6637,807,32,12,96167.66,2,1,1,157000.21,France,Homme,0
6638,800,46,1,26778.13,2,1,1,96050.5,France,Femme,0
6639,714,62,14,190666.95,1,1,1,93842.03,France,Femme,0
6640,696,60,13,212290.77,4,1,1,175622.63,Allemagne,Homme,0
6641,512,79,3,146846.55,4,1,0,41948.75,France,Homme,1
6642,700,66,8,40309.2,2,1,1,103394.91,France,Homme,0
6643,492,38,3,3805.62,3,1,1,124683.4,Allemagne,Femme,1
6644,749,32,12,175200.62,2,0,1,27232.83,France,Femme,0
6645,602,31,11,137534.92,1,0,0,174935.14,Espagne,Femme,1
6646,618,59,4,162699.29,3,1,0,73152.74,Espagne,Femme,0
6647,718,61,14,203296.17,3,0,1,136511.63,Allemagne,Femme,1
6648,640,33,7,108556.94,3,0,1,186694.8,France,Homme,1
6649,849,32,1,31128.87,1,1,1,148154.62,France,Femme,1
6650,808,59,11,234995.82,4,0,1,178911.95,France,Femme,0
6651,536,21,10,136315.53,2,0,1,27865.77,France,Femme,1
6652,754,44,13,153823.53,1,1,1,106155.91,France,Femme,0
6653,848,40,2,233352.86,1,1,1,119493.94,France,Homme,1
6654,787,46,5,232895.91,3,1,1,142472.19,Allemagne,Homme,1
6655,808,58,11,143023.65,3,1,1,36618.78,France,Homme,0
6656,763,70,6,74402.86,1,1,1,136506.02,Allemagne,Homme,0
6657,653,69,3,249278.41,4,0,1,42008.81,Allemagne,Femme,0
6658,640,26,13,170204.27,3,1,1,27508.37,Espagne,Homme,0
6659,435,70,14,102109.17,1,1,1,101824.05,Allemagne,Femme,0
6660,515,74,0,139959.2,3,1,1,126069.43,France,Homme,1
6661,764,73,6,103958.51,2,1,1,192251.76,Allemagne,Femme,0
6662,811,69,11,222076.29,2,1,1,144245.7,Allemagne,Femme,1
6663,757,60,8,120624.84,2,1,1,124407.29,Espagne,Femme,0
6664,463,60,0,205882.09,3,1,1,54694.51,Allemagne,Homme,1
6665,782,24,13,210044.07,3,1,1,43128.21,France,Homme,0
6666,829,70,0,206083.08,4,1,1,127345.55,France,Femme,0
6667,705,59,0,180547.15,2,1,0,56245.57,Allemagne,Femme,0
6668,765,21,9,213719.43,4,1,1,145721.94,Espagne,Femme,1
6669,532,22,6,96807.39,1,0,1,36178.26,Espagne,Femme,1
6670,556,22,10,28665.8,1,1,1,77832.63,France,Femme,0
6671,605,28,8,210613.55,2,0,1,158021.05,Espagne,Femme,1
6672,584,58,2,124542.1,4,0,1,168741.86,Allemagne,Femme,0
6673,791,45,7,31844.01,3,1,1,78869.54,France,Femme,0
6674,704,33,8,28828.13,4,1,0,53243.19,France,Femme,1
6675,352,58,2,39810.6,1,1,1,192266.97,Allemagne,Homme,1
6676,557,71,11,187743.31,4,1,1,155799.06,Allemagne,Femme,1
6677,546,47,11,177714.17,1,0,1,164305.97,France,Femme,1
6678,690,21,2,50954.67,1,1,0,56209.06,Allemagne,Femme,1
6679,474,19,14,211730.85,4,1,1,93521.15,France,Femme,0
6680,487,63,0,70323.7,3,1,1,27618.62,Allemagne,Homme,0
6681,688,20,1,198246.4,1,1,1,35238.91,France,Femme,1
6682,374,67,6,122201.48,4,1,1,55877.42,France,Femme,1
6683,417,38,2,182887.17,1,1,1,71098.41,France,Femme,1
6684,410,23,6,95346.92,2,1,1,199479.19,Allemagne,Homme,0
6685,378,60,4,86785.15,3,0,0,93086.38,Espagne,Femme,0
6686,732,70,9,210339.9,2,1,1,144107.02,France,Homme,0
6687,368,35,7,8825.56,1,1,1,182322.73,France,Femme,0
6688,520,61,4,243684.24,3,1,1,60520.51,France,Femme,1
6689,799,22,2,162044.89,4,1,1,41773.61,Allemagne,Homme,0
6690,423,26,8,108120.85,4,1,0,60002.77,France,Homme,1
6691,410,37,14,157013.63,3,1,1,178248.01,France,Homme,0
6692,776,45,6,30685.24,2,1,1,138151.92,Allemagne,Homme,0
6693,502,43,4,128513.11,2,1,0,98497.0,France,Homme,0
6694,625,35,6,246273.88,3,1,1,166752.31,Allemagne,Homme,0
6695,397,36,10,58817.36,4,0,0,58794.39,France,Femme,1
6696,560,20,9,180569.52,3,1,1,59247.44,Allemagne,Femme,0
6697,692,26,8,108742.84,2,0,1,119935.72,Espagne,Homme,0
6698,757,53,4,163114.54,1,0,1,161161.61,France,Femme,0
6699,488,48,6,51221.81,4,1,1,63018.33,Allemagne,Femme,0
6700,459,66,10,117616.25,3,1,1,53856.35,France,Femme,1
6701,831,34,8,245023.18,1,1,1,102685.32,Espagne,Femme,1
6702,532,72,0,48821.79,2,0,1,39827.87,France,Femme,1
6703,377,40,3,159111.26,4,1,1,153345.17,Allemagne,Homme,0
6704,546,51,0,143899.44,3,1,1,121806.22,France,Femme,0
6705,540,58,7,141262.9,2,1,1,109820.12,France,Femme,0
6706,664,58,2,153780.82,3,1,1,176368.73,Allemagne,Homme,0
6707,738,22,1,125559.49,3,1,1,150523.94,Allemagne,Femme,0
6708,400,32,13,4232.69,4,0,0,42614.91,Allemagne,Femme,0
6709,498,64,3,225024.2,2,1,1,92779.89,France,Femme,0
6710,617,20,10,206744.71,2,1,1,74435.05,Allemagne,Femme,1
6711,399,36,2,43541.92,1,1,1,163382.85,France,Femme,0
6712,737,45,10,103318.29,2,1,1,148021.81,Allemagne,Femme,0
6713,595,20,4,192637.25,2,1,1,102321.87,Allemagne,Homme,0
6714,462,55,14,245015.58,4,1,1,167374.6,France,Femme,1
6715,519,21,12,237784.26,1,1,0,90862.42,Espagne,Femme,0
6716,817,41,7,224839.8,4,0,1,163657.13,Espagne,Femme,0
6717,515,48,9,39593.47,2,0,1,20933.86,France,Femme,1
6718,758,62,7,228618.78,1,1,1,39904.51,France,Femme,0
6719,363,76,10,219611.23,4,0,0,154855.27,France,Homme,1
6720,552,62,6,94237.48,1,0,1,36162.01,Allemagne,Femme,1
6721,637,76,7,98630.65,2,1,1,141495.79,France,Homme,0
6722,744,28,12,114977.23,1,0,0,148861.15,Allemagne,Femme,1
6723,538,54,12,164043.91,1,1,0,137506.14,Espagne,Femme,1
6724,751,18,4,65208.9,1,1,0,166372.94,France,Homme,1
6725,504,26,9,5737.11,2,1,1,109649.16,Espagne,Femme,1
6726,404,34,9,35307.38,2,1,1,180951.86,Espagne,Femme,1
6727,531,71,10,110028.98,1,1,0,120356.8,Allemagne,Femme,0
6728,559,18,11,70500.64,4,1,1,108956.5,France,Homme,0
6729,725,20,10,191129.14,4,1,1,109236.65,France,Femme,0
6730,820,64,12,26672.52,2,1,0,183735.21,France,Homme,0
6731,424,43,5,229366.31,3,1,1,60083.77,Allemagne,Homme,0
6732,626,70,7,223831.79,4,1,1,143581.56,Allemagne,Femme,0
6733,777,48,14,227189.2,1,1,0,59883.92,Espagne,Homme,1
6734,482,43,12,184902.5,3,1,0,32052.37,Espagne,Femme,0
6735,692,40,0,26749.99,2,1,1,191442.62,Allemagne,Femme,1
6736,774,47,5,109534.39,4,1,1,38999.2,Espagne,Homme,0
6737,408,27,5,32851.34,3,1,1,141945.75,France,Homme,0
6738,694,25,14,246924.8,2,0,1,93543.36,France,Homme,0
6739,838,61,10,83259.61,2,1,1,169863.75,France,Homme,0
6740,531,42,12,146332.64,1,0,1,158042.4,France,Femme,1
6741,807,39,4,194848.26,4,1,1,41597.16,Allemagne,Femme,0
6742,755,32,3,230154.02,3,1,1,101546.1,France,Femme,0
6743,688,76,0,188886.93,1,0,1,20093.47,France,Femme,1
6744,670,58,10,168625.94,4,1,1,94461.85,Espagne,Homme,1
6745,413,73,9,116495.45,3,0,0,144539.93,Espagne,Femme,1
6746,676,74,10,151350.03,2,1,1,57948.9,France,Homme,1
6747,609,27,7,23540.95,2,1,1,164856.18,France,Femme,0
6748,542,37,5,220980.64,4,0,1,24835.49,France,Homme,0
6749,492,58,2,135944.33,1,1,1,21394.78,France,Homme,0
6750,453,64,11,10033.76,3,1,1,20078.72,Allemagne,Homme,0
6751,809,40,2,229975.53,3,1,1,66804.97,Allemagne,Homme,0
6752,755,70,11,122325.49,2,1,0,101414.57,France,Femme,1
6753,563,70,5,217147.29,4,1,1,34877.7,Allemagne,Homme,1
6754,591,18,11,214221.99,1,0,1,199397.57,France,Femme,0
6755,780,19,14,203937.9,2,1,1,199918.8,Espagne,Homme,0
6756,558,75,6,15350.75,2,0,1,111163.44,France,Homme,0
6757,442,36,7,61766.66,1,1,0,120081.76,Espagne,Femme,1
6758,779,79,4,218886.97,3,0,0,186459.55,France,Homme,1
6759,491,31,9,224747.76,3,1,1,157411.66,France,Femme,1
6760,783,25,5,114517.22,4,0,1,46070.32,France,Femme,0
6761,753,55,11,110010.37,2,1,1,161610.45,Espagne,Femme,1
6762,783,29,0,43785.16,4,1,0,57723.96,Allemagne,Femme,1
6763,461,43,5,242102.7,3,1,1,94595.85,Espagne,Femme,1
6764,766,44,8,53284.62,1,1,1,113514.03,France,Femme,0
6765,724,46,9,47734.2,3,1,0,147644.87,France,Femme,0
6766,408,32,3,165182.24,3,0,1,42777.81,France,Homme,0
6767,392,63,13,60711.08,2,1,1,29091.42,Allemagne,Femme,0
6768,556,70,13,234692.9,3,1,1,175232.82,Espagne,Homme,0
6769,617,78,9,2726.75,4,0,1,167956.61,France,Homme,1
6770,645,18,12,1438.32,1,1,1,111804.09,France,Homme,1
6771,467,77,0,126219.2,2,1,1,137537.3,Allemagne,Femme,1
6772,369,60,13,122015.61,1,0,1,148070.74,France,Homme,1
6773,571,45,10,40841.01,4,0,1,103158.3,Allemagne,Homme,0
6774,515,74,8,123629.89,4,1,0,62587.64,France,Femme,1
6775,480,20,3,102915.28,3,1,1,104057.6,Espagne,Femme,0
6776,505,68,1,222582.38,4,1,1,190897.63,Espagne,Homme,0
6777,533,35,0,2313.48,3,1,1,169999.02,Allemagne,Femme,1
6778,439,69,2,244067.45,2,0,0,101126.29,France,Homme,1
6779,443,77,6,156098.19,1,1,1,56732.12,France,Femme,1
6780,362,51,10,37960.86,3,1,1,179578.67,France,Homme,1
6781,810,49,9,11690.0,3,0,1,133074.6,Allemagne,Homme,1
6782,671,46,1,134526.41,2,0,1,89876.89,France,Femme,1
6783,642,42,14,58722.54,4,1,0,35656.65,Espagne,Homme,0
6784,782,77,8,75291.38,3,0,0,154076.27,Espagne,Homme,1
6785,579,43,11,61283.04,4,1,1,73639.89,France,Homme,0
6786,671,56,12,162543.08,3,1,1,127166.59,Allemagne,Homme,0
6787,641,25,10,138382.24,4,1,0,120379.19,Allemagne,Femme,0
6788,787,36,1,19493.61,3,1,1,144430.27,France,Femme,0
6789,375,71,4,131631.63,1,0,1,114459.9,France,Femme,1
6790,424,64,7,197797.44,1,1,1,131626.14,France,Femme,1
6791,805,59,12,20298.65,1,1,1,30085.35,Allemagne,Femme,1
6792,713,39,12,222434.74,3,1,1,138076.55,France,Femme,1
6793,773,46,11,144576.66,4,1,0,50925.32,Allemagne,Homme,1
6794,648,50,9,237656.12,2,1,1,87516.43,Espagne,Femme,0
6795,499,55,7,37035.3,2,0,1,109818.89,Allemagne,Homme,1
6796,497,62,2,248391.25,2,1,1,142072.28,Espagne,Homme,0
6797,357,63,1,161068.22,1,1,1,152349.06,Allemagne,Femme,0
6798,378,52,8,141873.55,1,1,1,145410.69,France,Homme,0
6799,645,60,2,128819.91,1,1,1,32594.51,Espagne,Homme,0
6800,823,20,7,5913.59,4,1,1,86577.23,France,Femme,0
6801,763,36,1,234909.8,1,1,1,66923.04,Espagne,Homme,0
6802,558,27,2,160998.62,4,0,1,88707.98,France,Femme,0
6803,477,44,0,22906.62,4,1,1,134671.54,Espagne,Femme,0
6804,689,32,13,5238.04,4,0,1,50690.33,France,Homme,1
6805,465,28,10,12695.91,3,1,1,107888.38,France,Homme,0
6806,788,64,5,152348.94,2,1,0,178701.24,France,Femme,1
6807,493,43,12,153503.85,4,0,1,150258.47,France,Femme,0
6808,779,76,6,124916.82,2,0,0,149192.55,Allemagne,Homme,0
6809,667,41,3,76691.46,4,1,1,172012.53,France,Homme,0
6810,584,30,0,132935.68,4,0,1,88860.32,Allemagne,Femme,1
6811,356,49,2,129075.46,1,1,1,155504.32,Allemagne,Femme,1
6812,813,54,8,4853.89,2,0,1,25860.32,Allemagne,Homme,1
6813,394,21,4,70617.31,4,0,1,25438.99,Espagne,Homme,0
6814,792,30,5,13296.34,2,1,1,76382.75,France,Femme,1
6815,588,26,3,225038.69,1,1,0,51416.69,France,Femme,1
6816,789,74,0,181305.79,4,1,1,110929.64,France,Homme,1
6817,781,66,13,249028.79,1,1,1,48892.46,France,Femme,1
6818,504,51,4,75542.82,4,1,0,195481.17,France,Homme,0
6819,530,73,4,219621.46,1,1,1,172454.45,Espagne,Homme,0
6820,564,54,4,150763.57,1,0,1,196768.73,France,Homme,1
6821,437,65,14,113281.35,3,0,1,164436.16,France,Femme,0
6822,605,24,5,55643.28,4,0,1,190955.29,Espagne,Femme,1
6823,422,18,10,184598.04,4,1,1,83099.47,Espagne,Homme,0
6824,768,77,1,226035.19,4,1,1,107112.44,Espagne,Homme,0
6825,528,75,0,58827.1,2,1,0,59361.86,Espagne,Femme,1
6826,561,29,14,43847.58,3,1,1,132624.12,Allemagne,Femme,0
6827,642,38,1,174055.48,2,1,1,160822.61,France,Homme,0
6828,583,28,12,244243.29,4,1,1,107267.3,Allemagne,Femme,0
6829,814,61,9,187488.78,3,0,1,69828.98,France,Femme,0
6830,588,68,5,71145.18,1,1,0,108919.36,France,Homme,0
6831,572,75,4,104988.86,3,1,1,26635.62,Espagne,Homme,0
6832,468,61,14,96079.41,1,1,1,148407.1,France,Homme,1
6833,662,61,4,213023.75,4,1,0,98547.29,Allemagne,Femme,1
6834,613,31,11,192842.69,4,1,0,181173.33,Allemagne,Homme,0
6835,556,51,11,147243.86,1,1,1,185801.31,France,Femme,0
6836,444,51,14,68739.78,3,1,1,38218.39,France,Homme,1
6837,722,42,5,234497.13,2,1,0,199280.53,Espagne,Homme,0
6838,571,78,13,163328.81,3,1,0,194417.17,Espagne,Femme,0
6839,715,21,9,242619.16,1,1,1,131019.31,France,Femme,1
6840,625,69,6,145029.26,1,1,1,167707.82,France,Femme,0
6841,729,72,8,205298.19,2,1,0,18410.84,Allemagne,Homme,1
6842,580,43,6,203276.34,2,1,1,194521.32,Allemagne,Homme,1
6843,658,33,1,84332.19,2,1,1,99418.08,Allemagne,Femme,1
6844,468,27,5,241005.18,1,0,0,183294.54,Allemagne,Homme,1
6845,617,62,8,5485.37,4,1,1,86248.1,Allemagne,Femme,0
6846,782,19,6,192177.73,3,0,1,160812.65,Espagne,Homme,0
6847,622,52,1,241389.27,2,1,1,92319.98,Allemagne,Femme,0
6848,413,36,2,84727.05,1,1,1,82100.72,France,Femme,1
6849,647,23,7,162027.65,3,0,1,190153.52,Espagne,Femme,1
6850,699,36,10,140555.81,2,1,1,144335.63,France,Femme,0
6851,762,76,8,190376.83,4,1,1,170415.0,Espagne,Femme,0
6852,752,70,3,216544.48,3,1,1,115521.26,Espagne,Homme,1
6853,843,69,8,150761.14,3,1,0,184894.52,France,Homme,1
6854,360,68,1,203976.15,1,1,1,151892.68,Allemagne,Homme,1
6855,447,25,12,78071.39,1,1,0,28351.02,Allemagne,Homme,1
6856,783,31,10,57146.76,1,1,1,156871.09,Espagne,Homme,1
6857,420,27,4,107666.92,4,1,0,18461.44,France,Femme,1
6858,713,20,10,169434.15,3,1,1,168377.75,France,Homme,1
6859,407,55,1,46811.74,2,1,0,76395.22,France,Femme,1
6860,639,46,10,170088.05,4,1,1,125682.68,France,Homme,0
6861,600,32,0,98523.41,2,1,1,153634.75,Allemagne,Homme,0
6862,625,40,12,198893.82,2,1,1,132838.52,France,Femme,0
6863,399,40,13,9208.95,1,1,1,139388.49,Allemagne,Femme,1
6864,707,35,4,166995.66,2,1,0,180143.16,France,Homme,0
6865,565,63,1,162455.58,2,1,1,84184.82,Espagne,Homme,1
6866,743,36,13,235233.87,4,0,1,116221.85,France,Femme,0
6867,765,45,12,178341.89,1,1,0,47361.81,France,Femme,0
6868,401,43,6,199075.47,2,0,0,101495.47,France,Homme,0
6869,620,27,7,226147.75,2,1,1,42756.73,Allemagne,Homme,0
6870,834,64,1,168762.98,2,1,0,132213.33,Espagne,Homme,1
6871,433,21,6,72538.41,3,1,0,74986.51,Allemagne,Femme,1
6872,736,72,3,217443.45,3,1,1,173917.68,France,Femme,0
6873,642,19,0,186894.53,1,1,0,78561.86,Allemagne,Homme,1
6874,475,20,10,106109.4,4,0,1,68064.27,France,Femme,1
6875,645,24,14,177632.29,1,1,0,105885.1,France,Femme,1
6876,421,72,2,216922.22,3,0,1,47435.81,France,Homme,0
6877,645,33,10,243913.03,1,1,1,52704.13,France,Femme,1
6878,585,48,11,238087.88,4,1,0,159882.02,France,Homme,0
6879,405,27,0,81331.96,1,1,0,106986.7,Allemagne,Femme,1
6880,756,36,4,105423.43,2,1,0,53173.26,Espagne,Homme,0
6881,709,45,14,27384.15,4,1,1,20831.72,France,Homme,1
6882,744,34,12,61886.07,4,1,1,101298.33,France,Homme,1
6883,459,45,7,220605.3,4,1,1,152386.57,France,Homme,0
6884,541,36,0,90212.48,1,0,1,79970.16,France,Femme,1
6885,741,54,13,155138.16,1,0,0,60873.39,Espagne,Femme,1
6886,442,40,8,166491.4,2,1,1,88330.22,Espagne,Femme,1
6887,699,37,2,195457.32,4,1,1,192438.97,France,Femme,0
6888,405,30,4,45700.01,2,0,1,93284.99,France,Homme,1
6889,409,30,8,76203.28,4,1,1,63033.05,Allemagne,Homme,1
6890,487,60,4,112084.09,3,1,1,120309.87,France,Femme,0
6891,388,28,8,91210.27,1,1,1,164987.59,Allemagne,Femme,1
6892,377,65,9,245726.31,2,1,1,19131.48,Espagne,Femme,0
6893,398,32,7,208735.2,1,1,1,118248.81,Espagne,Femme,0
6894,769,34,6,119921.69,1,1,1,169717.8,Allemagne,Femme,0
6895,474,71,10,219817.16,3,0,1,54890.39,France,Homme,0
6896,362,67,0,86913.24,3,0,1,185511.35,France,Femme,0
6897,829,45,3,196457.08,4,1,1,121873.69,Espagne,Homme,1
6898,385,36,8,55918.9,3,1,1,110594.39,France,Femme,1
6899,450,21,9,193080.51,4,1,1,193277.38,France,Homme,0
6900,631,39,7,114113.35,3,0,1,38985.57,France,Homme,0
6901,435,39,3,26874.83,3,1,1,151926.12,France,Homme,0
6902,353,72,11,68315.61,2,0,1,166435.69,France,Femme,1
6903,572,54,0,100568.66,3,1,1,105382.96,France,Homme,0
6904,687,56,9,187323.23,2,0,1,16198.0,Espagne,Homme,0
6905,797,51,3,18245.68,3,1,0,112002.25,France,Femme,1
6906,515,50,14,164886.75,2,0,1,43399.71,Allemagne,Homme,1
6907,732,61,2,179003.41,1,1,1,119075.55,Espagne,Homme,0
6908,693,59,5,163480.34,4,0,1,151644.44,Espagne,Homme,0
6909,732,57,10,190167.41,3,0,1,113248.21,Allemagne,Homme,1
6910,725,50,4,44542.15,2,0,1,131698.37,France,Femme,0
6911,820,29,4,146775.84,3,1,1,34229.92,France,Homme,1
6912,627,19,1,235286.24,2,1,1,32953.46,Allemagne,Femme,1
6913,479,76,11,152696.07,2,1,0,172424.04,Espagne,Homme,1
6914,380,45,2,152834.09,3,0,0,24126.02,France,Homme,1
6915,724,27,10,184109.91,4,0,1,67595.49,Allemagne,Femme,0
6916,360,39,5,83301.06,2,1,1,188473.87,France,Femme,1
6917,825,34,1,175118.98,1,1,0,99890.42,France,Homme,1
6918,651,43,14,229058.46,3,0,1,139789.64,Allemagne,Femme,0
6919,445,20,3,2723.87,1,1,1,56012.72,France,Femme,0
6920,539,24,1,217528.26,2,1,1,65044.88,Allemagne,Homme,0
6921,802,61,8,54654.58,2,1,1,109165.1,France,Femme,1
6922,541,25,2,113980.82,3,1,1,133048.51,France,Homme,0
6923,835,37,9,213086.95,4,0,0,192685.31,Allemagne,Femme,1
6924,615,29,9,205978.03,1,0,1,121267.69,France,Femme,1
6925,773,52,5,222981.87,4,1,1,32754.28,Allemagne,Homme,0
6926,477,34,14,235104.2,1,0,1,82880.07,Allemagne,Homme,1
6927,587,45,0,111789.24,4,0,1,60171.0,Espagne,Femme,0
6928,757,58,12,164090.95,3,1,0,62064.23,France,Homme,1
6929,704,27,10,97619.61,1,1,1,108496.68,Allemagne,Homme,0
6930,777,39,13,87679.18,3,1,1,73583.29,France,Homme,1
6931,461,55,14,107898.85,4,1,1,68522.14,France,Homme,1
6932,665,74,14,185769.03,4,1,1,194083.51,France,Femme,0
6933,795,50,9,125360.19,4,1,1,123032.35,France,Homme,0
6934,692,39,2,203514.92,3,0,1,63429.08,France,Femme,0
6935,494,61,7,186304.62,2,1,1,66035.84,France,Homme,1
6936,414,54,4,5119.62,2,0,1,165040.2,Espagne,Femme,1
6937,596,30,7,157559.54,1,0,1,178998.03,Espagne,Femme,0
6938,572,44,14,109142.78,3,1,1,140620.77,France,Homme,0
6939,828,32,1,114157.25,3,1,0,94817.66,Allemagne,Homme,0
6940,839,39,6,204593.26,3,0,1,156446.19,France,Homme,1
6941,662,47,8,136902.0,4,1,1,188415.65,Espagne,Homme,1
6942,788,60,6,221405.46,3,1,0,45747.1,Allemagne,Femme,1
6943,455,57,2,178201.4,2,1,1,174415.54,France,Femme,0
6944,530,54,6,138210.0,1,1,1,172032.18,Allemagne,Homme,1
6945,533,51,14,188634.49,2,1,1,82802.86,Allemagne,Homme,0
6946,575,61,7,9587.26,3,1,1,68980.43,Allemagne,Homme,1
6947,614,77,13,6770.91,1,1,1,119582.38,France,Femme,0
6948,627,51,0,20837.33,1,1,1,65374.35,Allemagne,Homme,1
6949,746,75,12,109391.33,3,1,0,41894.8,France,Femme,0
6950,438,65,12,58862.54,3,1,1,191319.6,France,Homme,0
6951,525,70,2,246065.32,2,1,0,105902.67,Allemagne,Femme,1
6952,367,52,4,135572.53,2,1,1,102367.38,Allemagne,Femme,1
6953,720,59,11,165603.94,4,0,1,38329.08,France,Femme,1
6954,809,36,5,69705.03,4,1,1,108268.28,France,Femme,0
6955,773,25,2,80449.23,4,1,0,152424.11,France,Homme,1
6956,750,56,14,83865.48,3,1,1,60888.57,France,Femme,0
6957,748,50,3,174683.93,3,0,1,83244.4,France,Homme,0
6958,455,61,4,118426.55,4,1,1,48099.33,Allemagne,Femme,0
6959,620,78,14,129420.91,4,1,1,80689.01,France,Femme,0
6960,812,45,2,148000.75,2,1,0,174337.09,France,Femme,0
6961,668,54,3,192202.91,4,1,0,58856.11,Espagne,Homme,1
6962,516,65,4,22592.44,4,0,1,20465.2,Allemagne,Femme,0
6963,362,42,1,194218.48,1,1,1,114201.29,Allemagne,Femme,1
6964,686,53,9,140808.77,4,0,1,122206.07,France,Homme,0
6965,381,34,8,167273.86,1,1,1,75848.48,Allemagne,Femme,1
6966,742,41,9,81887.94,4,1,0,133690.22,France,Femme,0
6967,389,38,7,102346.71,1,1,0,22011.88,France,Homme,0
6968,497,19,11,57791.45,4,1,0,78006.15,France,Femme,1
6969,567,48,5,244825.0,2,1,1,41745.8,France,Femme,0
6970,568,61,9,124250.74,3,1,1,57514.13,France,Homme,0
6971,818,50,10,249019.23,1,1,0,85768.86,France,Femme,1
6972,431,47,2,122446.49,3,1,1,106280.96,Allemagne,Homme,1
6973,682,29,10,54937.82,2,1,1,32241.9,France,Femme,0
6974,557,61,1,126863.1,4,1,1,33744.05,France,Femme,0
6975,550,29,6,9898.89,4,0,1,139698.3,Allemagne,Homme,0
6976,796,68,7,226192.45,2,1,1,89764.49,France,Homme,0
6977,681,74,9,204637.56,3,0,1,47656.56,Allemagne,Femme,0
6978,777,66,0,181455.13,3,1,1,58459.66,France,Homme,1
6979,387,69,13,152456.68,3,1,1,148210.41,France,Femme,1
6980,560,41,14,144958.56,3,0,1,24575.39,Allemagne,Homme,0
6981,793,41,5,249182.05,1,1,1,109117.48,Espagne,Femme,0
6982,676,75,6,69499.36,3,1,1,81659.43,Allemagne,Homme,1
6983,598,77,14,194921.09,1,1,0,165062.22,France,Homme,1
6984,576,28,12,145351.19,2,0,1,161169.8,Allemagne,Homme,0
6985,397,30,8,243970.14,4,1,1,142502.3,Allemagne,Homme,0
6986,367,44,11,206950.8,1,1,1,86184.99,Espagne,Homme,1
6987,749,25,2,249631.28,3,0,1,131778.71,Allemagne,Homme,0
6988,788,27,1,147081.25,4,1,1,133372.02,Espagne,Homme,0
6989,644,25,4,51135.99,1,1,1,76456.98,France,Homme,0
6990,545,37,12,125921.76,4,1,1,177795.35,France,Homme,0
6991,536,25,14,177777.78,2,1,1,197198.64,France,Femme,0
6992,694,26,9,193590.1,3,1,1,73171.39,Allemagne,Homme,1
6993,573,24,0,127.5,2,0,0,163227.05,Allemagne,Femme,0
6994,667,31,12,126256.77,4,1,1,107668.03,France,Homme,0
6995,837,45,5,58808.64,2,1,0,100775.69,France,Homme,1
6996,746,19,8,218727.96,3,1,1,86514.14,Allemagne,Homme,0
6997,714,74,9,38226.36,1,0,1,69024.68,Allemagne,Homme,1
6998,686,60,14,166614.06,2,1,1,185108.95,France,Femme,0
6999,846,25,8,66515.55,3,1,1,152050.78,Espagne,Homme,1
7000,578,30,6,89135.54,4,1,1,96530.04,France,Homme,0
7001,739,38,13,235139.82,2,1,1,154039.45,Espagne,Homme,0
7002,816,64,10,60112.03,1,0,1,147940.94,France,Femme,0
7003,426,45,6,23750.69,2,1,1,64457.44,France,Femme,0
7004,537,52,14,17321.23,4,1,1,47584.48,France,Homme,0
7005,695,40,7,126153.78,4,1,1,169715.35,Allemagne,Femme,0
7006,619,63,9,160427.87,4,0,0,165110.15,France,Homme,1
7007,444,79,13,81823.41,2,1,0,199419.59,France,Homme,1
7008,659,32,1,172564.94,2,0,0,18582.21,Espagne,Femme,1
7009,481,19,13,15258.43,2,1,1,114970.43,Espagne,Homme,1
7010,388,78,5,214333.66,1,0,1,144744.71,France,Homme,1
7011,421,68,4,204141.8,3,1,1,122769.91,Allemagne,Homme,1
7012,630,29,4,246374.07,2,1,1,146431.77,France,Femme,0
7013,682,74,12,234126.25,1,0,1,40393.32,Allemagne,Homme,0
7014,509,69,2,89049.29,4,0,1,15280.47,France,Femme,1
7015,536,53,2,99818.85,2,1,1,32210.93,France,Femme,0
7016,835,20,5,186491.21,2,1,1,85311.07,Allemagne,Femme,0
7017,540,22,11,33520.69,2,1,0,75852.66,France,Homme,0
7018,771,20,9,78503.68,1,0,1,176690.58,France,Homme,0
7019,469,74,12,29635.23,2,1,0,30452.36,Espagne,Homme,1
7020,569,64,9,113721.61,2,0,1,96900.64,Allemagne,Homme,0
7021,402,36,6,138001.07,3,1,0,192197.15,France,Femme,0
7022,571,19,13,52790.12,1,1,1,108037.19,France,Femme,1
7023,800,61,0,6657.92,3,1,1,39494.02,Allemagne,Homme,0
7024,761,54,13,179838.96,3,1,0,68884.43,Espagne,Femme,1
7025,480,71,2,5001.29,3,1,1,130956.42,Espagne,Femme,1
7026,586,34,11,243350.65,3,0,0,17218.05,Allemagne,Homme,1
7027,595,31,0,55401.81,4,1,0,194098.56,Allemagne,Femme,0
7028,575,45,9,165975.02,2,1,1,119890.71,Allemagne,Femme,0
7029,557,44,2,108687.93,3,0,1,145265.75,France,Homme,0
7030,755,71,4,14918.47,1,0,0,107307.81,Espagne,Femme,1
7031,445,27,8,118045.9,2,0,1,192215.98,France,Homme,0
7032,771,20,2,129190.16,3,0,1,124005.89,Allemagne,Homme,1
7033,549,53,9,213670.8,3,1,1,137466.98,Allemagne,Femme,0
7034,596,55,13,183087.27,1,1,1,174254.95,France,Femme,1
7035,421,73,9,19825.62,4,1,1,174387.98,France,Homme,1
7036,667,42,8,52290.67,1,0,1,20211.7,Allemagne,Femme,0
7037,534,39,0,77971.92,4,1,0,67410.66,France,Homme,0
7038,355,65,5,29101.92,4,1,1,60568.85,France,Homme,0
7039,555,56,8,114224.77,4,0,1,16229.31,Allemagne,Homme,0
7040,381,64,11,246077.3,3,1,1,177204.77,Espagne,Femme,0
7041,448,47,4,128653.2,3,1,1,73670.91,France,Femme,0
7042,743,38,10,185470.54,4,1,1,79186.26,Allemagne,Femme,0
7043,736,47,13,170734.45,4,1,1,33430.14,France,Homme,1
7044,605,45,9,212477.86,3,1,1,198098.44,Allemagne,Femme,1
7045,536,48,1,53930.87,4,1,1,167856.46,Espagne,Femme,0
7046,425,74,4,188456.57,3,0,0,120794.53,France,Femme,1
7047,526,69,0,220338.81,4,0,0,157807.12,Espagne,Homme,0
7048,664,43,8,42877.46,3,1,1,158765.92,Espagne,Homme,0
7049,636,60,9,86700.55,1,1,1,136495.29,Allemagne,Femme,0
7050,698,39,12,242525.44,4,1,0,47192.07,Allemagne,Homme,1
7051,604,38,9,195196.96,4,0,0,148258.25,Espagne,Homme,0
7052,674,18,8,70647.71,1,1,1,120379.22,Espagne,Femme,0
7053,539,54,5,140985.44,2,1,1,148953.3,France,Homme,1
7054,657,30,10,101081.53,4,1,0,115538.84,Espagne,Femme,0
7055,694,38,8,122491.29,2,0,1,191922.36,France,Femme,0
7056,476,63,13,88791.55,1,1,1,130999.7,Espagne,Femme,1
7057,774,26,2,69832.75,4,1,1,121130.88,France,Femme,0
7058,636,34,14,168690.76,2,1,0,170915.82,Allemagne,Homme,1
7059,603,64,3,194635.45,4,1,1,85158.76,Allemagne,Femme,0
7060,562,38,12,218489.28,4,1,1,73421.83,France,Femme,0
7061,599,48,5,38832.49,3,0,1,108086.23,Allemagne,Femme,0
7062,433,56,3,205713.88,2,1,0,123126.49,Espagne,Homme,1
7063,836,76,0,63700.21,3,1,1,55789.19,France,Femme,0
7064,732,71,6,106834.1,3,0,0,141222.08,France,Homme,1
7065,755,39,4,225360.92,2,0,1,163439.32,Allemagne,Homme,0
7066,737,29,13,113625.9,2,1,1,121804.17,Allemagne,Homme,0
7067,362,72,14,49265.88,3,1,1,111748.26,France,Femme,1
7068,394,23,7,39967.16,4,1,0,69508.81,Allemagne,Homme,1
7069,476,70,8,118245.94,4,0,1,183272.86,Espagne,Femme,1
7070,775,33,4,190668.11,1,1,1,154582.45,France,Homme,0
7071,463,43,7,249301.29,4,1,1,103853.07,Allemagne,Homme,0
7072,782,22,12,196852.16,2,1,1,136934.78,Allemagne,Homme,1
7073,625,26,0,219252.99,2,1,1,77322.68,France,Femme,0
7074,849,63,0,186958.09,1,1,1,26066.22,Espagne,Femme,1
7075,554,57,6,223858.78,2,0,0,52726.61,France,Femme,0
7076,686,31,14,19073.39,3,1,1,29705.3,Allemagne,Homme,1
7077,787,61,5,232482.9,1,1,1,109012.5,France,Femme,0
7078,769,59,4,99101.54,1,0,1,130081.77,France,Homme,1
7079,830,47,13,230403.56,4,1,1,85382.56,France,Femme,1
7080,734,69,14,18933.21,4,0,1,113078.53,France,Homme,1
7081,748,69,4,178810.74,3,1,1,30805.46,Espagne,Femme,0
7082,810,43,13,183922.19,3,1,1,157442.31,France,Femme,0
7083,622,70,8,249227.72,4,1,1,21064.68,Allemagne,Femme,0
7084,757,62,0,192213.82,4,1,1,132368.73,Espagne,Homme,0
7085,407,46,7,95643.43,3,1,1,95169.11,France,Femme,1
7086,677,36,1,139312.14,4,1,1,49003.69,Espagne,Femme,0
7087,847,64,6,91637.73,1,1,1,111765.34,France,Femme,0
7088,568,25,5,49004.66,3,1,1,159475.42,France,Femme,0
7089,458,40,9,62125.58,4,1,1,91501.65,Allemagne,Femme,0
7090,628,70,1,55502.63,2,1,1,83026.17,Espagne,Femme,0
7091,523,59,11,137203.83,2,1,1,41355.17,France,Femme,0
7092,677,52,12,226540.16,3,1,1,124996.56,Allemagne,Homme,0
7093,613,48,2,228181.66,2,0,0,168182.54,France,Femme,0
7094,664,70,3,13690.94,2,1,0,118848.19,Allemagne,Femme,1
7095,823,52,6,19974.85,1,0,1,45541.2,Allemagne,Femme,1
7096,460,49,7,61279.76,3,1,1,137327.15,Allemagne,Femme,1
7097,536,75,12,63764.86,2,0,1,20576.23,Espagne,Homme,0
7098,618,22,10,23722.29,4,0,1,170039.98,Espagne,Homme,1
7099,772,33,1,97115.84,3,1,1,185476.61,France,Homme,0
7100,578,34,7,146931.35,3,1,1,125451.75,France,Femme,0
7101,846,49,10,144540.55,2,1,1,178129.3,Allemagne,Homme,0
7102,505,55,8,135857.42,2,0,1,30633.53,Espagne,Femme,0
7103,822,75,6,84667.98,1,1,1,57243.73,France,Femme,1
7104,538,49,0,176613.92,4,0,1,73693.22,France,Femme,1
7105,621,69,5,206620.99,1,1,1,158035.84,Espagne,Femme,0
7106,724,37,7,86568.57,1,1,1,104584.37,France,Femme,1
7107,351,65,4,21383.84,4,0,1,79444.28,France,Femme,0
7108,595,73,11,74082.56,2,1,1,44242.89,France,Femme,1
7109,559,19,14,34342.16,1,1,0,164968.95,Allemagne,Femme,0
7110,750,37,1,116839.68,3,1,1,18796.83,France,Femme,0
7111,635,64,14,38983.79,1,0,1,77395.04,Allemagne,Femme,1
7112,708,35,4,115711.19,4,1,1,59913.49,France,Homme,0
7113,362,18,7,55250.72,1,1,0,38866.91,Allemagne,Homme,1
7114,445,75,1,184682.78,1,1,1,46827.68,France,Homme,0
7115,847,46,0,6892.06,3,1,0,106352.46,France,Homme,0
7116,570,46,14,138686.58,4,0,1,93820.45,Allemagne,Homme,1
7117,587,36,3,42372.07,3,1,1,110898.3,France,Homme,0
7118,443,61,3,247.97,2,0,1,149609.77,Allemagne,Homme,1
7119,687,57,8,217300.02,4,1,1,180080.82,Espagne,Homme,0
7120,618,23,2,167881.95,1,1,1,36915.48,France,Femme,1
7121,520,61,3,24735.71,3,1,1,30295.4,France,Femme,0
7122,818,56,2,166018.09,3,1,0,74265.61,France,Homme,0
7123,443,67,1,152911.83,4,1,1,116065.71,France,Homme,1
7124,498,71,3,118339.17,3,0,1,33479.16,Allemagne,Homme,1
7125,461,63,13,104814.52,4,1,1,147454.78,France,Homme,0
7126,404,25,7,221767.44,2,1,1,117877.43,France,Homme,1
7127,686,41,0,61287.0,4,1,1,153465.34,France,Homme,0
7128,773,37,7,99577.51,4,0,1,81214.05,Allemagne,Femme,0
7129,816,71,7,82278.85,2,1,1,89202.87,Allemagne,Femme,1
7130,465,31,14,192800.26,2,1,1,164400.74,France,Homme,0
7131,492,22,2,229116.33,1,0,1,64396.75,Allemagne,Homme,1
7132,550,58,13,212445.42,3,1,1,85562.13,Allemagne,Femme,0
7133,529,57,9,199425.98,2,1,1,17496.21,France,Femme,1
7134,551,51,9,246697.49,2,0,1,117734.34,Allemagne,Homme,1
7135,713,77,11,174286.14,3,0,1,172520.8,Espagne,Homme,0
7136,828,33,11,187763.45,3,1,1,20159.89,Allemagne,Homme,0
7137,402,62,5,245700.63,1,1,1,128551.1,France,Homme,0
7138,820,24,12,1747.7,1,1,1,171407.98,France,Homme,1
7139,733,33,12,158512.09,4,1,0,106377.4,Allemagne,Femme,1
7140,529,24,3,184742.88,1,0,1,72909.0,France,Femme,1
7141,763,44,12,229456.76,2,0,1,199368.01,Allemagne,Homme,0
7142,766,31,0,220961.08,2,1,1,26993.78,Allemagne,Femme,1
7143,662,31,13,210490.17,3,0,1,53928.34,Espagne,Femme,0
7144,657,61,0,236447.82,1,1,1,178770.25,France,Femme,0
7145,486,50,4,134344.8,4,1,1,70001.77,Allemagne,Femme,0
7146,531,50,11,1730.02,4,1,1,166671.63,France,Femme,1
7147,716,61,7,2763.6,4,0,1,76642.24,France,Homme,1
7148,350,37,0,136159.76,4,1,1,165216.48,France,Homme,0
7149,393,70,1,108818.06,3,1,1,141859.82,France,Homme,0
7150,576,64,6,112811.26,1,0,1,101676.65,France,Homme,1
7151,680,53,7,100101.18,1,0,1,111744.89,France,Homme,1
7152,447,24,11,229431.45,1,1,1,47867.02,Allemagne,Homme,0
7153,557,49,13,89792.59,1,1,1,36438.53,France,Femme,1
7154,614,65,2,214056.74,4,1,1,147634.42,France,Femme,1
7155,637,20,10,225716.2,4,1,1,171986.04,Allemagne,Femme,1
7156,620,56,11,124875.44,3,1,1,148564.6,Allemagne,Homme,1
7157,489,46,12,111734.51,3,1,1,183879.97,France,Homme,0
7158,830,41,7,190255.15,4,1,1,179664.51,Espagne,Homme,0
7159,586,39,0,176992.88,2,1,1,158964.65,Allemagne,Homme,1
7160,811,23,8,82133.78,1,0,1,181153.48,France,Homme,0
7161,790,65,11,25637.03,3,1,1,45936.37,France,Femme,0
7162,741,41,1,66213.1,4,1,1,150301.8,Allemagne,Homme,0
7163,421,57,13,32757.13,1,0,1,154430.17,Allemagne,Homme,1
7164,504,40,12,73683.07,1,0,0,43485.67,Espagne,Homme,1
7165,539,71,1,65455.39,4,0,1,183272.91,France,Femme,0
7166,617,55,3,159427.86,2,1,1,16625.27,Allemagne,Femme,0
7167,670,27,11,238624.01,2,0,1,95401.92,Allemagne,Femme,0
7168,456,33,9,171435.93,3,1,1,18973.62,Allemagne,Homme,0
7169,581,28,2,231662.35,4,1,0,111821.2,France,Femme,1
7170,391,49,3,196033.06,3,1,1,91248.89,France,Femme,1
7171,539,62,5,181969.41,2,1,1,130266.46,France,Homme,0
7172,720,78,6,103515.49,3,1,0,156792.16,Espagne,Femme,0
7173,488,23,4,81198.63,3,1,1,157186.42,France,Femme,0
7174,452,41,1,211569.34,2,1,1,148611.0,France,Homme,1
7175,520,50,2,226348.31,1,1,1,33847.33,France,Homme,1
7176,700,70,9,112970.62,1,0,0,92226.13,Espagne,Homme,1
7177,622,68,10,2265.77,2,0,1,165950.84,Allemagne,Femme,1
7178,830,29,2,198132.76,1,1,1,136045.53,France,Femme,0
7179,765,73,13,71267.21,4,1,1,140990.16,Espagne,Homme,0
7180,570,44,4,2471.97,1,0,1,56981.32,Espagne,Homme,1
7181,562,55,11,201247.14,2,0,0,75136.07,France,Homme,1
7182,690,79,10,129353.55,4,1,1,191825.07,France,Homme,0
7183,773,35,11,171302.69,3,1,1,171681.17,Espagne,Femme,0
7184,756,62,4,228672.46,2,1,1,45510.52,Allemagne,Femme,0
7185,405,56,3,135293.46,2,0,0,115768.22,France,Homme,1
7186,739,72,7,125798.52,1,1,0,105743.84,France,Homme,0
7187,691,30,5,72665.53,4,1,1,97077.07,France,Femme,0
7188,783,70,5,76298.46,2,0,0,102063.51,Allemagne,Homme,0
7189,451,57,0,199135.52,4,1,1,133934.37,France,Femme,1
7190,770,47,5,112257.31,4,1,1,193922.64,France,Homme,0
7191,842,70,2,40881.55,1,1,1,176935.19,France,Femme,0
7192,541,66,12,23632.19,2,1,0,176898.38,France,Homme,0
7193,848,58,5,118230.03,4,1,1,145124.7,France,Homme,0
7194,659,69,9,116238.76,4,1,1,18253.71,Espagne,Femme,1
7195,549,30,12,163364.57,3,0,0,96485.2,France,Homme,1
7196,582,51,10,117766.87,1,1,1,109558.35,Allemagne,Homme,0
7197,782,53,12,35868.93,2,0,1,170860.89,France,Femme,0
7198,576,47,5,126950.72,4,0,1,185725.78,Allemagne,Homme,0
7199,720,78,1,226697.35,1,1,1,98535.99,France,Femme,1
7200,488,42,0,39860.35,2,0,1,70585.03,France,Femme,0
7201,693,19,10,172438.66,4,1,1,77410.62,Espagne,Femme,1
7202,654,53,14,148464.82,2,1,1,122052.52,France,Femme,0
7203,498,35,2,187146.43,2,1,1,65869.81,Allemagne,Femme,0
7204,464,22,4,37650.07,1,0,1,183486.66,Espagne,Femme,1
7205,799,36,14,235401.33,1,0,1,92450.62,Allemagne,Homme,1
7206,412,59,14,155241.61,3,1,1,198161.87,Espagne,Femme,0
7207,453,35,3,211767.78,3,1,0,35260.32,France,Femme,0
7208,688,79,6,61651.69,3,0,1,49757.66,Espagne,Homme,0
7209,708,74,3,184853.22,4,1,1,109644.28,Allemagne,Homme,1
7210,505,49,7,195257.68,3,1,1,175636.49,France,Femme,0
7211,622,38,6,99358.82,2,0,1,80481.33,France,Femme,0
7212,355,27,9,95988.36,1,1,0,169931.56,Allemagne,Femme,1
7213,496,54,8,164449.07,2,1,1,93708.73,France,Femme,1
7214,533,66,0,23351.92,1,1,1,172803.53,Allemagne,Homme,1
7215,835,39,14,183906.04,1,0,1,66324.81,France,Homme,1
7216,377,30,4,10721.69,2,1,1,102299.97,Espagne,Femme,0
7217,799,72,12,47647.58,2,1,0,66565.29,Allemagne,Homme,1
7218,387,34,3,166035.94,4,1,0,54816.35,France,Femme,1
7219,468,26,5,24580.92,1,1,1,92911.96,France,Homme,0
7220,642,41,0,242960.52,3,0,1,76920.75,Espagne,Homme,0
7221,720,61,5,217099.05,4,1,1,160622.19,France,Homme,0
7222,593,31,0,156575.58,3,1,1,153313.13,France,Homme,1
7223,417,63,13,204764.36,4,1,1,81332.38,Allemagne,Femme,0
7224,563,25,13,221895.01,1,0,1,198570.68,France,Homme,1
7225,567,72,0,64868.91,2,0,1,195160.0,France,Homme,1
7226,526,54,7,212352.9,2,1,0,184799.19,Allemagne,Homme,0
7227,648,36,1,48698.45,1,0,1,123503.98,France,Femme,1
7228,513,45,9,103335.57,2,1,1,91277.49,France,Homme,0
7229,407,63,12,139564.91,1,1,1,72909.25,Allemagne,Femme,1
7230,618,58,13,178472.74,1,1,1,17780.93,Espagne,Homme,0
7231,657,47,5,7535.33,1,0,0,131884.25,Espagne,Homme,0
7232,407,24,13,72627.35,4,1,0,117334.95,Allemagne,Femme,0
7233,637,76,5,152129.77,2,1,1,131526.23,France,Homme,0
7234,814,75,5,89342.17,4,1,1,121551.66,Espagne,Homme,0
7235,454,43,7,193756.26,3,1,0,40477.45,Allemagne,Femme,1
7236,577,57,3,162913.04,1,0,1,143645.19,Allemagne,Femme,1
7237,596,63,2,58600.36,2,1,1,81680.62,Espagne,Homme,0
7238,537,71,5,36482.24,3,1,0,110514.54,Allemagne,Homme,1
7239,843,77,3,157261.75,1,1,0,82645.95,Espagne,Femme,1
7240,432,63,1,112616.83,3,1,1,19069.98,Espagne,Femme,0
7241,535,28,5,42239.26,4,0,1,177162.46,Allemagne,Femme,1
7242,601,31,9,81593.55,4,1,1,42515.69,Espagne,Femme,0
7243,704,38,4,75761.69,2,1,1,122702.02,France,Femme,0
7244,587,25,10,27032.99,3,0,0,178379.24,Allemagne,Femme,1
7245,709,20,8,136727.25,3,1,1,55945.91,France,Femme,0
7246,533,45,10,190912.16,4,1,1,91222.73,Espagne,Homme,0
7247,633,78,5,143866.72,4,1,1,84880.42,France,Homme,0
7248,734,46,13,206572.84,2,1,1,31505.79,Espagne,Homme,1
7249,775,40,2,31892.14,1,1,1,93350.7,France,Homme,1
7250,559,35,10,108902.96,2,1,0,103703.52,Allemagne,Femme,0
7251,653,52,4,152353.78,4,1,0,19920.51,France,Homme,1
7252,645,30,14,169000.39,2,1,1,105306.6,Allemagne,Femme,0
7253,446,29,9,173946.58,1,1,1,32358.57,France,Femme,1
7254,796,64,7,182241.36,4,1,1,180105.59,Espagne,Homme,0
7255,809,67,8,162857.45,1,0,1,135279.18,Allemagne,Femme,1
7256,805,22,7,23557.02,2,0,1,25438.98,Allemagne,Femme,0
7257,821,56,14,173826.42,1,1,1,168002.96,France,Homme,1
7258,557,28,2,181195.66,4,1,1,81895.9,France,Homme,0
7259,719,75,8,248369.98,4,1,1,56739.17,Espagne,Homme,0
7260,737,76,2,173340.61,1,1,1,61975.42,France,Homme,1
7261,771,28,7,171707.6,2,0,1,125577.94,Espagne,Femme,1
7262,841,76,9,128703.32,2,1,1,30087.29,France,Femme,0
7263,760,64,8,216980.73,2,0,1,25867.85,France,Homme,0
7264,486,59,6,249208.69,2,0,1,131089.91,Espagne,Homme,0
7265,716,64,3,194761.22,3,0,1,196653.25,Espagne,Homme,0
7266,749,48,9,153125.09,3,1,0,104434.26,France,Femme,1
7267,533,48,14,19738.71,1,0,1,91457.42,France,Femme,0
7268,425,30,8,181684.78,3,0,1,190231.58,Espagne,Homme,0
7269,636,31,2,177140.39,3,1,1,59583.26,France,Femme,0
7270,821,66,14,193892.04,3,0,1,59500.09,France,Femme,0
7271,724,62,2,31138.85,1,0,1,182446.48,Allemagne,Homme,0
7272,491,59,1,163433.13,3,1,1,134682.27,France,Homme,0
7273,586,42,9,73930.98,2,1,1,24950.0,France,Homme,0
7274,374,50,14,190067.81,2,0,1,139685.82,Allemagne,Homme,0
7275,639,50,2,60093.49,1,0,1,166705.84,Espagne,Homme,0
7276,416,79,0,170994.67,1,1,1,65681.36,Espagne,Homme,1
7277,599,32,14,73748.24,1,1,1,85835.18,Allemagne,Femme,0
7278,757,33,3,2248.57,4,0,1,51570.17,Allemagne,Homme,1
7279,467,61,7,158339.48,3,0,1,132169.06,Allemagne,Homme,0
7280,839,75,4,28317.27,1,1,1,137876.05,France,Homme,1
7281,422,73,1,164822.87,1,1,1,27679.13,Espagne,Homme,1
7282,631,55,2,231402.36,1,1,1,140375.36,France,Femme,0
7283,753,23,0,242311.48,2,0,0,136814.1,France,Homme,0
7284,797,61,1,58980.77,1,0,1,21499.87,Allemagne,Femme,0
7285,709,42,0,202313.31,2,1,1,117743.46,France,Homme,0
7286,359,32,1,88388.32,2,1,0,128578.61,France,Homme,0
7287,560,21,2,225114.27,4,0,1,94578.8,France,Femme,0
7288,672,73,0,196872.39,1,1,1,181743.68,France,Femme,1
7289,501,21,10,18480.43,4,0,1,75748.32,Espagne,Femme,1
7290,354,47,8,101784.25,1,1,1,27428.0,Allemagne,Femme,0
7291,544,51,9,84329.46,3,0,1,139292.8,France,Femme,1
7292,791,44,4,196295.26,1,1,1,126965.75,France,Femme,0
7293,632,48,7,102571.43,1,1,0,197975.82,Allemagne,Homme,1
7294,813,73,4,171147.1,1,1,1,57792.03,Allemagne,Femme,0
7295,462,49,7,150608.81,1,1,0,88166.46,Allemagne,Homme,1
7296,620,61,6,243909.68,1,1,1,100318.26,Espagne,Homme,0
7297,512,56,11,234446.24,1,1,1,174378.96,France,Homme,1
7298,809,69,3,106924.88,4,0,1,91695.08,Allemagne,Femme,1
7299,454,26,14,180894.55,3,1,1,157847.44,Allemagne,Femme,0
7300,530,58,6,207365.02,4,0,0,44034.4,Espagne,Femme,1
7301,393,25,5,224721.44,3,1,1,90810.11,France,Homme,0
7302,631,31,2,17033.57,4,1,1,43670.83,France,Homme,0
7303,524,50,8,75519.7,4,0,1,190690.59,France,Homme,0
7304,511,40,11,80057.51,1,1,0,47885.1,Allemagne,Homme,0
7305,820,38,9,108611.49,4,1,1,92528.46,France,Femme,0
7306,700,72,14,42316.19,3,1,1,30218.23,Espagne,Homme,0
7307,783,29,12,124051.47,2,0,1,185455.95,Espagne,Homme,0
7308,689,74,8,165803.58,3,1,0,130406.47,France,Homme,1
7309,489,19,13,124340.98,4,1,1,193054.41,Allemagne,Femme,0
7310,820,30,4,166448.27,2,0,0,22820.25,France,Homme,0
7311,481,79,7,16610.41,1,1,0,47371.02,Espagne,Homme,1
7312,436,76,6,218996.83,2,1,1,85309.03,France,Homme,0
7313,525,21,8,234767.3,1,1,1,129951.58,Espagne,Femme,1
7314,532,37,6,154476.86,3,1,1,75960.77,France,Femme,1
7315,717,67,3,220347.75,2,1,0,146696.69,France,Femme,1
7316,478,68,3,32861.5,2,1,0,45548.97,Allemagne,Femme,1
7317,595,65,10,199362.23,2,1,1,126117.76,France,Homme,0
7318,438,76,7,29787.05,1,0,1,88623.74,France,Homme,1
7319,415,31,5,102002.56,1,1,1,109024.58,Allemagne,Femme,1
7320,507,47,8,80954.63,3,0,1,120382.12,Allemagne,Femme,0
7321,736,46,13,146397.96,3,1,0,26080.74,Espagne,Homme,0
7322,727,25,9,75378.63,4,1,1,185944.49,France,Homme,0
7323,498,29,13,159328.41,1,0,1,160426.99,Allemagne,Homme,1
7324,822,58,6,91846.82,3,1,1,96854.32,Espagne,Femme,0
7325,689,55,6,215197.6,2,1,1,116281.86,Espagne,Femme,1
7326,782,43,3,158470.96,2,0,1,21019.09,France,Femme,0
7327,465,67,2,53824.57,2,1,1,107120.26,France,Femme,1
7328,563,19,7,84032.36,3,1,1,93868.45,France,Homme,1
7329,818,72,6,211855.22,2,1,1,84279.77,Allemagne,Femme,0
7330,795,57,3,96619.94,2,0,1,165840.14,Espagne,Homme,1
7331,830,73,12,133949.77,1,0,1,48656.01,Espagne,Femme,1
7332,721,31,3,162235.48,1,0,1,47617.4,Espagne,Homme,1
7333,643,23,0,86952.41,3,0,1,111510.4,France,Homme,0
7334,602,59,10,73494.66,1,1,1,142121.61,France,Femme,0
7335,492,57,6,118813.73,4,1,1,19151.5,France,Homme,0
7336,599,79,0,53720.24,3,0,1,115980.49,Allemagne,Femme,0
7337,715,48,9,71052.65,4,0,1,70259.34,France,Homme,1
7338,785,34,9,15519.62,4,1,1,155023.08,France,Homme,1
7339,812,42,3,75992.57,3,1,1,101741.3,France,Homme,0
7340,651,78,10,80176.02,1,1,1,169303.92,France,Femme,0
7341,374,49,13,240458.29,1,0,1,88440.56,France,Homme,0
7342,626,29,2,147432.21,3,1,0,168011.57,Espagne,Homme,0
7343,821,66,10,196845.61,4,1,1,147553.81,France,Femme,0
7344,726,30,2,11344.31,3,1,1,168227.62,Espagne,Homme,0
7345,727,36,11,26634.17,3,1,1,165297.79,Espagne,Homme,0
7346,738,61,0,203634.24,2,1,1,104977.42,France,Homme,1
7347,419,65,3,155887.39,2,1,0,83096.91,Espagne,Homme,1
7348,462,42,13,47745.51,4,1,0,156551.8,France,Homme,1
7349,712,48,0,101198.85,1,1,0,81881.95,Espagne,Homme,0
7350,461,76,13,134668.12,2,0,1,31538.37,Espagne,Homme,1
7351,713,54,12,210902.46,2,1,0,173886.26,Espagne,Homme,1
7352,652,42,12,15103.0,4,1,1,88481.67,France,Femme,0
7353,820,33,7,149180.57,3,1,1,39531.73,Espagne,Femme,0
7354,801,74,14,179258.98,2,1,1,134598.21,Espagne,Homme,1
7355,440,55,14,244472.96,1,1,1,179608.05,Espagne,Homme,0
7356,367,60,0,201790.02,4,1,1,174278.62,France,Femme,0
7357,498,66,11,69056.83,2,1,1,117572.66,France,Homme,1
7358,825,75,13,177394.8,4,1,1,31293.16,France,Femme,0
7359,576,40,5,190819.47,2,1,1,143871.57,Allemagne,Femme,0
7360,563,31,6,182433.87,2,1,1,127633.31,France,Homme,0
7361,709,23,14,205036.02,4,1,1,53877.44,Espagne,Femme,0
7362,500,42,9,225932.49,1,1,0,181599.95,Allemagne,Femme,0
7363,541,40,13,24607.47,1,0,1,31033.53,France,Femme,0
7364,800,79,11,26190.96,3,0,1,84012.08,Allemagne,Homme,1
7365,389,77,1,199100.0,2,1,1,32488.61,Allemagne,Homme,0
7366,591,60,3,63093.12,3,0,1,183709.8,France,Homme,1
7367,487,29,10,14635.36,4,0,1,21546.06,France,Homme,0
7368,694,30,13,100307.3,3,1,1,93766.48,France,Homme,0
7369,529,53,2,204969.23,4,0,1,174429.06,Allemagne,Homme,1
7370,846,56,12,31641.26,1,1,1,61505.73,Allemagne,Femme,1
7371,549,51,12,167960.49,4,0,1,34427.27,France,Homme,0
7372,552,23,8,903.97,4,0,0,38495.8,France,Femme,1
7373,410,55,13,27434.36,3,1,1,89912.99,France,Femme,1
7374,541,67,6,87712.59,2,1,1,94287.64,Allemagne,Homme,0
7375,354,79,1,20900.57,3,0,1,147844.23,Allemagne,Homme,1
7376,727,69,10,211475.42,1,1,0,59016.8,Allemagne,Femme,1
7377,586,57,11,216017.63,1,1,1,144840.34,France,Femme,0
7378,530,25,5,188892.68,1,1,0,199810.56,France,Homme,1
7379,660,78,8,60619.91,2,1,1,174886.41,France,Homme,0
7380,386,25,11,130811.77,3,0,1,132581.25,Allemagne,Homme,1
7381,405,57,2,46047.13,4,1,1,188883.81,France,Femme,1
7382,792,50,13,70319.61,4,1,1,198355.2,France,Homme,0
7383,586,51,14,129001.32,2,0,1,120500.67,France,Femme,1
7384,707,61,10,183753.45,1,1,1,65621.57,France,Homme,0
7385,698,32,5,23663.6,2,1,1,184271.9,Espagne,Femme,0
7386,546,53,13,74174.17,4,1,1,171176.03,France,Femme,0
7387,422,77,2,231655.34,1,0,1,30653.08,Allemagne,Femme,1
7388,408,74,2,107280.83,2,1,1,188229.32,Espagne,Homme,0
7389,589,52,3,234717.42,4,1,1,82750.67,France,Femme,0
7390,351,63,8,247850.14,4,1,1,74585.89,France,Femme,0
7391,798,39,10,131664.96,2,1,1,78504.83,Allemagne,Femme,0
7392,709,40,12,72011.0,4,1,1,74203.39,Espagne,Femme,0
7393,537,57,7,197694.2,3,0,1,110464.66,Espagne,Homme,1
7394,656,62,0,39827.68,3,1,1,122258.14,Allemagne,Femme,1
7395,379,72,12,63011.71,1,1,0,93742.56,Allemagne,Homme,1
7396,616,68,11,196219.98,3,1,1,91327.11,Espagne,Homme,0
7397,825,39,10,108411.48,3,0,1,151403.05,Espagne,Homme,0
7398,457,22,0,50384.48,2,0,1,15560.09,Espagne,Femme,1
7399,681,48,6,162781.44,1,1,0,190174.0,France,Femme,0
7400,772,30,2,183190.47,2,0,1,147170.23,Allemagne,Femme,0
7401,439,45,13,31267.81,2,1,1,145841.72,Allemagne,Femme,1
7402,554,75,10,69245.06,3,1,1,93063.22,France,Femme,0
7403,728,37,6,55319.19,3,0,0,193670.56,Allemagne,Femme,0
7404,805,50,8,94963.66,4,1,1,15059.8,France,Homme,0
7405,796,33,2,190861.22,4,1,1,29149.06,Allemagne,Femme,0
7406,797,79,2,178427.03,1,1,1,163751.9,Espagne,Homme,1
7407,794,46,1,165630.98,3,0,1,151659.66,France,Homme,0
7408,730,40,9,1571.39,4,0,1,65200.77,Allemagne,Femme,0
7409,787,41,0,35535.83,2,1,0,125030.58,Allemagne,Homme,1
7410,569,51,8,55824.39,3,1,0,113429.78,Allemagne,Homme,0
7411,727,24,5,67988.96,1,1,1,112516.23,Allemagne,Femme,0
7412,443,55,5,36606.64,1,0,1,125178.84,France,Homme,0
7413,806,54,7,102578.89,2,0,1,198841.03,Espagne,Homme,0
7414,452,78,10,18795.15,4,1,1,197658.81,France,Homme,1
7415,572,21,4,187505.55,2,1,1,196611.11,Allemagne,Femme,0
7416,535,51,8,196930.2,4,1,1,116506.61,France,Homme,0
7417,818,59,14,143566.67,3,1,1,73847.37,Allemagne,Femme,0
7418,533,39,10,22426.22,1,0,1,118620.36,Espagne,Femme,0
7419,844,22,4,222520.79,4,1,1,130197.37,France,Femme,1
7420,511,67,1,241408.96,2,1,1,72616.04,France,Femme,0
7421,596,59,5,50590.89,3,0,0,132063.54,Espagne,Femme,0
7422,380,40,14,176159.95,4,1,1,130068.94,France,Homme,1
7423,401,71,8,210484.66,3,1,1,182142.21,Allemagne,Femme,1
7424,694,77,2,134960.88,3,0,1,58956.67,France,Homme,1
7425,425,32,9,80830.77,2,1,0,144057.82,France,Homme,1
7426,734,48,3,119639.68,2,1,1,98390.85,Allemagne,Femme,1
7427,788,76,9,128067.19,3,1,1,39034.4,Espagne,Homme,0
7428,627,26,10,100159.26,3,1,1,73493.79,Allemagne,Homme,0
7429,389,60,7,232460.62,4,1,1,25596.25,Espagne,Femme,1
7430,450,75,5,185970.78,2,1,1,74076.57,Allemagne,Homme,0
7431,460,70,12,60325.41,4,1,1,27767.52,Espagne,Homme,0
7432,734,42,6,146389.3,1,1,0,186207.34,Espagne,Femme,0
7433,670,42,6,172172.29,4,0,1,33823.0,France,Homme,1
7434,598,78,3,35039.11,3,1,1,166208.15,France,Femme,1
7435,540,66,14,89606.44,1,0,0,182633.39,France,Homme,1
7436,839,38,11,226387.07,4,0,1,101519.05,France,Femme,0
7437,531,26,5,141793.28,1,0,1,24976.35,France,Homme,1
7438,775,72,11,54249.44,2,1,1,125220.35,Allemagne,Homme,1
7439,754,65,8,30696.2,4,0,0,58432.15,France,Homme,1
7440,684,55,2,129556.72,4,1,1,47681.8,France,Femme,1
7441,558,39,7,136921.43,2,1,0,119851.32,France,Homme,1
7442,371,60,6,83603.61,4,1,1,80930.74,France,Femme,0
7443,515,40,3,157604.01,1,0,1,150120.04,France,Homme,1
7444,448,66,9,17171.17,2,1,1,124381.45,France,Femme,1
7445,842,21,12,36284.92,1,0,1,168428.14,France,Homme,1
7446,557,46,2,136568.46,4,0,1,25801.38,France,Homme,0
7447,357,32,13,15453.92,4,1,1,58460.02,Espagne,Femme,1
7448,539,18,6,220227.19,4,0,1,119893.09,Allemagne,Femme,1
7449,524,71,9,35536.59,4,1,1,177879.22,France,Femme,0
7450,622,47,8,168479.97,1,1,1,165484.86,Allemagne,Homme,0
7451,366,46,11,97800.86,4,0,0,140713.3,Espagne,Femme,0
7452,439,37,9,99946.94,2,1,1,121203.33,France,Homme,1
7453,490,50,2,191222.38,2,0,1,131819.96,France,Femme,1
7454,494,58,14,124865.53,3,1,1,54517.43,Espagne,Homme,0
7455,515,61,9,181413.87,2,1,1,125110.74,France,Homme,1
7456,686,53,8,126297.81,3,0,1,106345.89,France,Femme,0
7457,845,77,12,148226.34,2,1,0,86120.38,Allemagne,Homme,0
7458,427,39,7,190178.66,2,0,1,179230.15,France,Femme,0
7459,778,30,11,151827.19,4,1,0,168441.91,France,Femme,0
7460,611,24,2,153903.78,2,1,1,29196.1,France,Femme,0
7461,512,25,14,197304.9,4,1,1,197359.95,France,Homme,0
7462,715,45,7,237271.7,4,1,0,57547.08,Espagne,Femme,1
7463,363,62,11,94179.04,2,1,1,54837.79,Allemagne,Homme,0
7464,588,60,3,144279.29,1,1,1,189606.01,Espagne,Femme,0
7465,421,26,5,21568.29,4,0,0,97288.45,France,Homme,1
7466,794,42,11,89700.97,2,1,1,163992.47,France,Homme,1
7467,492,73,9,103012.31,1,1,1,68317.42,France,Homme,0
7468,659,33,1,208809.33,2,1,1,176536.66,France,Femme,1
7469,632,27,7,128348.1,2,1,1,168976.38,France,Femme,0
7470,618,28,12,182766.59,1,1,1,111103.55,France,Femme,0
7471,590,48,8,4751.85,2,1,1,145435.35,France,Homme,1
7472,764,29,6,116123.17,4,1,1,193345.21,France,Homme,0
7473,594,77,7,225329.42,3,1,1,98628.41,Espagne,Homme,1
7474,512,48,6,56078.48,3,1,0,106427.9,France,Homme,0
7475,409,31,10,7880.55,2,0,1,148718.69,Allemagne,Femme,1
7476,355,68,9,108352.18,3,1,1,86488.91,Espagne,Homme,0
7477,546,61,3,176107.96,3,1,1,192827.5,France,Homme,0
7478,819,49,0,113615.88,3,1,1,22480.62,Espagne,Femme,0
7479,407,67,2,114994.58,4,1,1,89624.91,Espagne,Femme,1
7480,654,70,6,167451.26,4,1,1,147062.45,France,Femme,0
7481,756,34,10,63597.2,3,1,1,94435.42,Espagne,Homme,0
7482,566,52,10,187972.45,1,0,1,62960.99,Espagne,Homme,1
7483,767,18,6,38278.38,1,0,1,91489.02,France,Homme,0
7484,375,46,10,98937.65,1,0,1,178080.61,Espagne,Femme,0
7485,652,68,12,164002.03,4,1,1,116196.34,Allemagne,Homme,1
7486,354,78,2,207092.25,4,1,1,76995.39,Espagne,Homme,1
7487,823,21,0,197882.77,4,0,1,139231.75,Allemagne,Homme,1
7488,369,40,9,180421.4,4,0,0,128191.34,France,Femme,1
7489,739,45,8,89774.1,3,1,0,118682.66,Allemagne,Homme,1
7490,547,33,11,30576.08,4,0,1,87364.1,Allemagne,Homme,0
7491,408,29,5,54208.55,3,1,0,28357.06,Allemagne,Femme,1
7492,797,70,12,216208.45,1,0,1,129835.33,Espagne,Homme,1
7493,591,38,12,214332.84,3,1,1,92660.92,Allemagne,Homme,0
7494,495,62,11,237890.21,1,1,1,94321.36,Espagne,Homme,0
7495,737,34,6,18997.16,4,1,1,58304.88,Allemagne,Femme,0
7496,622,57,0,134202.27,1,1,0,61142.7,Espagne,Femme,1
7497,598,30,0,162170.76,1,1,0,160680.34,France,Femme,1
7498,363,69,3,177664.34,3,1,1,103682.49,France,Femme,1
7499,811,75,6,160965.81,1,1,0,35220.11,France,Femme,1
7500,362,49,13,192502.85,2,1,1,23482.43,France,Homme,0
7501,740,54,10,89867.89,1,0,1,56572.36,Espagne,Femme,1
7502,733,67,14,44858.19,4,0,1,105176.73,France,Femme,0
7503,393,32,10,51145.84,1,1,0,129191.27,France,Homme,1
7504,724,29,7,2994.67,2,1,1,41580.57,France,Homme,0
7505,748,78,9,87580.47,3,1,1,95263.92,Espagne,Femme,0
7506,368,66,8,22936.01,1,0,0,28422.15,France,Femme,1
7507,412,74,0,80372.17,2,0,1,21979.29,France,Homme,1
7508,840,32,3,157052.52,4,1,1,174719.37,France,Femme,0
7509,588,51,3,223619.51,4,1,0,136791.83,France,Femme,0
7510,841,23,2,209901.36,3,1,1,159502.35,France,Femme,0
7511,768,34,6,63168.55,4,0,1,48647.32,Espagne,Femme,1
7512,686,65,0,33520.79,2,1,1,74599.17,France,Femme,0
7513,768,66,8,48268.07,1,1,0,97101.39,Espagne,Femme,1
7514,752,74,12,242746.66,2,1,0,136736.35,France,Femme,0
7515,753,37,7,137368.62,3,0,0,113946.1,France,Femme,0
7516,449,26,1,45625.56,1,1,1,117019.59,Allemagne,Homme,0
7517,512,76,1,210186.54,2,1,0,44034.43,France,Femme,1
7518,765,22,7,98797.81,3,1,1,102835.6,France,Femme,0
7519,471,40,10,224805.54,3,1,1,167402.68,France,Femme,1
7520,781,50,13,65169.28,1,1,1,109250.26,Allemagne,Homme,0
7521,393,55,14,98305.44,1,0,0,51952.23,France,Femme,1
7522,709,73,0,126236.94,4,1,1,91478.48,Espagne,Homme,1
7523,757,31,12,223153.83,4,0,0,154639.6,Allemagne,Homme,1
7524,666,34,6,217189.36,1,1,1,39973.6,Allemagne,Femme,0
7525,730,74,8,143588.77,4,1,1,122385.73,Espagne,Femme,1
7526,494,36,11,55443.88,1,1,0,193583.22,Allemagne,Homme,1
7527,676,50,14,100839.24,4,1,1,85355.85,Allemagne,Femme,0
7528,712,18,2,243908.27,2,1,1,23073.63,Espagne,Homme,0
7529,399,30,6,151943.31,3,1,1,132124.24,France,Homme,0
7530,414,63,5,195274.44,1,1,1,23714.15,Allemagne,Homme,1
7531,704,44,14,112466.17,1,0,1,50447.05,France,Femme,1
7532,637,23,6,133001.82,1,0,1,23953.5,France,Homme,1
7533,513,76,6,107238.53,2,1,0,46570.36,France,Homme,1
7534,490,23,9,175730.25,3,0,0,173162.46,Espagne,Femme,1
7535,803,50,0,212867.75,4,1,1,150947.49,Allemagne,Homme,1
7536,663,47,13,126840.89,4,1,1,78242.74,France,Femme,0
7537,477,63,2,120216.86,3,0,1,180970.5,France,Femme,0
7538,747,52,9,85071.62,4,1,1,138058.71,France,Homme,0
7539,770,40,0,44274.17,1,1,0,97833.12,France,Femme,1
7540,717,27,4,234811.93,3,1,1,27641.58,Allemagne,Homme,0
7541,812,68,2,79019.93,2,0,0,150183.45,France,Homme,1
7542,588,36,0,200172.87,3,1,1,84472.33,Allemagne,Homme,0
7543,673,68,1,178836.76,1,1,1,71023.37,Espagne,Femme,0
7544,645,45,9,197729.4,3,1,0,68330.51,France,Femme,0
7545,536,40,4,234192.03,2,1,1,16426.21,Espagne,Femme,0
7546,557,21,10,155842.69,2,0,0,152389.36,France,Homme,1
7547,569,37,2,224487.59,3,1,0,41882.41,France,Homme,0
7548,749,36,5,41924.33,3,1,1,111319.3,France,Femme,0
7549,539,59,8,156678.14,4,0,1,17975.06,France,Homme,0
7550,737,44,5,193068.9,4,0,1,131158.41,Espagne,Femme,0
7551,778,74,1,67910.28,1,0,0,83356.08,France,Femme,0
7552,695,51,1,185188.45,4,1,0,131688.28,Allemagne,Homme,0
7553,633,21,14,194619.21,1,0,0,31630.57,Allemagne,Femme,1
7554,701,73,12,207796.99,1,1,1,64271.76,France,Femme,0
7555,586,55,12,78220.73,3,1,1,35406.76,France,Femme,0
7556,543,79,7,170401.65,4,1,1,134523.09,France,Homme,1
7557,636,24,10,76063.32,2,1,1,35082.4,France,Femme,0
7558,608,65,7,184760.1,2,1,0,129163.91,Espagne,Femme,0
7559,595,78,5,115743.42,3,0,0,39917.74,Allemagne,Femme,1
7560,485,24,9,149386.09,2,1,1,189520.6,Espagne,Femme,1
7561,629,67,6,103960.0,2,0,1,92030.43,Allemagne,Femme,1
7562,620,69,0,40495.73,3,1,1,38419.16,France,Femme,0
7563,520,43,14,44507.38,2,1,1,22734.93,France,Homme,1
7564,508,43,11,19392.23,3,1,1,75943.17,Allemagne,Femme,0
7565,550,71,8,154518.17,1,1,0,179906.49,France,Femme,1
7566,836,36,4,212159.6,4,0,1,41605.8,France,Femme,1
7567,394,26,8,5209.21,2,1,1,161303.93,France,Homme,0
7568,799,78,1,16559.88,3,1,1,92213.79,France,Femme,0
7569,613,37,13,114366.75,2,0,1,163541.65,Allemagne,Femme,0
7570,420,59,7,184430.18,4,1,1,176743.9,Espagne,Femme,0
7571,713,62,6,39426.91,2,0,1,199596.25,Allemagne,Homme,0
7572,720,67,10,67912.83,1,1,1,27616.53,Allemagne,Homme,1
7573,452,33,13,58001.55,3,1,1,162315.73,Allemagne,Homme,0
7574,839,71,3,99762.8,4,0,1,27892.44,Allemagne,Femme,0
7575,474,34,2,56249.67,1,1,0,73236.65,France,Femme,1
7576,662,39,3,88149.67,2,1,1,134552.97,Espagne,Homme,0
7577,813,30,3,182135.65,2,1,1,97748.36,France,Homme,0
7578,832,29,9,152752.31,2,1,1,119572.52,France,Homme,0
7579,635,27,9,20295.43,4,1,1,193745.54,France,Femme,0
7580,807,18,7,159436.42,3,1,1,166451.5,France,Homme,0
7581,579,49,12,119269.29,4,0,0,82278.87,France,Homme,0
7582,495,47,12,233641.39,1,1,1,125989.76,France,Homme,1
7583,719,25,3,72326.08,3,1,0,23969.36,Allemagne,Femme,1
7584,546,38,13,181541.6,4,1,1,98786.17,France,Homme,0
7585,722,39,4,182715.21,2,0,1,127553.36,Allemagne,Femme,0
7586,570,35,1,55375.2,1,1,1,147222.67,France,Homme,1
7587,772,19,12,225805.91,2,1,1,181780.7,Espagne,Femme,1
7588,409,65,3,122795.8,4,1,1,67365.77,Allemagne,Femme,1
7589,447,61,6,169720.84,1,1,1,181901.53,France,Homme,1
7590,520,26,2,36463.89,3,1,1,137380.93,Espagne,Homme,0
7591,731,20,13,64450.98,3,1,1,29364.46,France,Femme,0
7592,522,71,13,146526.78,4,1,1,85361.58,Allemagne,Homme,1
7593,500,43,0,79756.82,4,1,0,103170.1,Allemagne,Homme,0
7594,802,38,12,124923.23,3,1,1,80210.14,France,Femme,0
7595,699,47,7,93501.3,3,0,1,36448.84,Espagne,Femme,1
7596,739,45,7,160138.45,4,1,1,117043.14,France,Homme,0
7597,789,53,5,121786.34,3,0,1,39374.38,Allemagne,Femme,1
7598,471,43,6,1152.48,1,1,1,184280.03,France,Femme,0
7599,843,51,14,162420.21,4,1,1,175071.82,Allemagne,Homme,0
7600,457,25,9,105530.39,1,1,1,102914.9,Espagne,Femme,0
7601,353,27,10,85424.59,2,1,0,27533.5,Allemagne,Femme,0
7602,442,65,1,23536.69,1,1,1,117158.0,France,Femme,0
7603,756,72,4,55092.42,4,1,1,124563.79,France,Femme,0
7604,355,60,11,55943.07,2,1,1,179358.22,Allemagne,Homme,0
7605,637,67,6,233842.37,3,0,1,27490.74,France,Homme,1
7606,455,71,14,108128.24,1,1,1,143039.38,Espagne,Homme,1
7607,495,31,8,10516.46,1,1,1,119118.9,Espagne,Femme,0
7608,620,57,0,34704.17,4,1,1,47333.29,France,Homme,0
7609,773,72,14,19758.17,3,0,1,37520.69,Allemagne,Homme,0
7610,727,32,2,147217.35,4,0,0,143380.9,Espagne,Femme,0
7611,445,34,5,46655.37,3,1,1,77866.86,France,Homme,1
7612,806,70,13,124639.41,4,1,0,199988.84,France,Homme,0
7613,578,35,6,92515.52,3,1,1,180390.58,France,Homme,0
7614,551,49,5,200969.09,2,0,1,119657.73,France,Femme,0
7615,561,55,0,80122.41,4,0,1,133720.34,Espagne,Femme,0
7616,355,40,3,114566.37,2,0,1,44394.01,France,Femme,0
7617,461,79,5,180321.39,4,0,1,180390.87,France,Homme,1
7618,725,63,7,108337.8,4,1,0,99902.75,France,Homme,0
7619,728,40,9,198303.88,4,1,1,111450.49,France,Homme,1
7620,796,52,14,165421.09,1,1,1,176528.88,Allemagne,Femme,0
7621,672,56,13,102632.28,4,0,0,16156.31,Allemagne,Femme,1
7622,455,32,3,125995.48,3,0,0,106454.12,Allemagne,Homme,0
7623,488,70,6,241800.86,1,0,1,130951.83,France,Homme,1
7624,648,41,10,165402.87,3,1,1,44472.35,Espagne,Femme,0
7625,750,45,2,226248.81,3,1,1,27635.57,Espagne,Femme,0
7626,445,33,7,44689.63,3,1,1,113962.82,France,Femme,0
7627,737,33,0,120809.04,3,1,0,116292.88,France,Homme,1
7628,796,57,3,227165.42,3,1,1,76096.34,France,Femme,0
7629,801,56,7,80653.02,2,1,1,178212.79,France,Homme,0
7630,686,23,9,241916.05,1,1,1,70700.65,Allemagne,Homme,1
7631,646,19,3,24269.37,3,1,1,110548.7,Allemagne,Homme,0
7632,816,71,1,225667.79,2,1,0,49542.28,France,Homme,0
7633,738,30,1,111303.03,2,0,0,17064.66,France,Homme,1
7634,765,61,3,18436.04,3,1,0,93815.15,France,Homme,1
7635,563,64,14,219880.4,4,1,1,112485.45,France,Femme,1
7636,803,76,12,62985.05,3,1,1,156465.77,Espagne,Homme,0
7637,640,26,3,5562.53,2,0,0,98022.82,Allemagne,Homme,1
7638,371,51,14,33951.78,3,1,1,66565.45,France,Homme,1
7639,542,34,1,164778.69,2,1,1,126783.78,France,Femme,0
7640,817,44,6,244452.87,3,0,0,85517.41,Espagne,Homme,1
7641,499,46,14,27865.53,2,1,1,58183.57,France,Homme,1
7642,717,54,5,115487.01,3,1,1,183414.38,Allemagne,Femme,0
7643,596,60,10,45159.14,4,0,0,114287.8,France,Femme,0
7644,616,39,2,186259.13,4,1,1,52088.3,France,Homme,0
7645,810,68,7,29514.72,2,1,1,139118.6,Allemagne,Homme,1
7646,600,41,7,59960.44,4,1,0,163569.36,France,Homme,0
7647,839,24,0,49101.49,4,1,1,155328.74,France,Femme,0
7648,352,51,2,138129.95,1,1,0,125914.42,France,Femme,1
7649,742,65,4,218296.02,3,1,1,111130.0,France,Homme,0
7650,665,29,1,127772.55,3,1,1,158804.88,Allemagne,Femme,0
7651,425,40,11,14560.86,4,1,1,146002.61,France,Homme,1
7652,436,32,11,140847.23,4,0,1,120723.27,Allemagne,Homme,1
7653,619,50,4,199380.25,2,1,1,136678.3,France,Homme,0
7654,574,74,10,33039.05,3,0,1,46195.78,Allemagne,Homme,0
7655,367,30,9,18177.8,1,1,1,18687.7,France,Homme,0
7656,462,40,2,46951.94,1,1,1,187260.18,France,Femme,0
7657,600,55,14,186521.58,4,1,1,188027.67,France,Homme,0
7658,582,49,8,147920.1,2,1,1,160774.59,France,Femme,1
7659,678,62,10,135148.66,2,0,1,83876.28,France,Homme,1
7660,628,67,0,62369.97,3,0,1,42888.88,France,Homme,0
7661,551,52,3,83059.15,4,1,1,81106.44,Espagne,Femme,1
7662,432,18,9,241471.25,4,0,1,149353.19,Allemagne,Femme,1
7663,474,64,5,60156.31,2,0,1,77011.99,France,Homme,1
7664,524,75,14,225411.36,1,1,1,162243.89,France,Femme,1
7665,418,62,8,145132.88,1,1,0,139507.46,Espagne,Homme,1
7666,396,22,2,30824.12,3,1,0,131546.23,Espagne,Homme,0
7667,721,74,14,116828.09,4,0,1,187093.82,Espagne,Femme,1
7668,605,30,2,237137.18,4,1,1,180282.01,Espagne,Homme,1
7669,564,71,14,104641.4,1,1,1,146658.11,France,Homme,1
7670,379,22,11,215846.64,4,0,1,51860.79,France,Femme,1
7671,630,77,4,64107.17,4,1,1,188700.98,Allemagne,Femme,0
7672,761,49,6,142730.54,2,0,1,57017.65,Allemagne,Homme,1
7673,831,68,13,210963.01,3,1,1,83927.88,France,Femme,0
7674,586,38,4,230172.11,3,1,0,167954.52,France,Femme,0
7675,597,41,10,121455.84,3,1,1,53601.56,Espagne,Femme,0
7676,717,77,7,159922.03,2,1,1,133141.6,Espagne,Femme,1
7677,844,35,4,745.03,3,1,1,99699.73,France,Femme,1
7678,374,38,6,63305.83,3,1,1,130446.16,France,Homme,1
7679,423,71,5,69678.03,1,1,1,192239.39,Espagne,Femme,1
7680,555,27,13,23373.25,1,1,0,164547.39,France,Femme,1
7681,839,41,9,69923.75,3,1,1,69727.19,Allemagne,Femme,0
7682,843,57,12,80280.51,2,0,1,25595.74,France,Femme,0
7683,663,64,1,242191.51,2,1,1,193903.2,Allemagne,Homme,0
7684,443,38,2,167150.6,2,1,1,123256.9,France,Femme,0
7685,724,42,10,106501.27,4,1,1,47024.45,Espagne,Femme,1
7686,476,69,10,247013.62,4,1,1,131015.1,France,Femme,0
7687,774,77,3,38308.08,2,1,1,22810.04,Allemagne,Femme,1
7688,374,74,4,119012.8,1,1,0,49691.57,Allemagne,Femme,0
7689,683,76,8,161765.55,4,1,1,132036.63,Allemagne,Homme,0
7690,704,40,5,13895.16,2,0,1,89458.3,France,Femme,1
7691,465,39,0,179249.71,4,0,0,75141.97,Allemagne,Femme,1
7692,397,21,2,24966.84,4,1,0,136266.51,France,Femme,1
7693,575,51,6,35070.58,4,0,1,175284.65,Espagne,Femme,0
7694,615,73,7,39922.38,4,0,1,140539.35,France,Femme,0
7695,448,23,6,232222.46,2,0,1,100736.48,Espagne,Homme,0
7696,808,45,4,170808.89,4,1,1,136889.81,Allemagne,Homme,0
7697,360,48,14,163856.88,3,1,1,143695.66,France,Femme,0
7698,434,52,9,138873.37,2,0,1,158384.36,France,Femme,1
7699,754,56,7,73201.5,2,1,1,71803.95,Espagne,Homme,1
7700,563,59,8,155222.43,2,1,0,36170.23,France,Homme,0
7701,522,40,6,102537.43,4,1,0,141147.81,Allemagne,Femme,0
7702,740,23,10,36354.04,2,1,1,37400.68,France,Femme,0
7703,558,33,8,172399.32,1,1,0,100472.71,Espagne,Homme,0
7704,797,19,0,32395.54,3,1,1,57679.8,Allemagne,Homme,1
7705,731,41,13,47667.15,1,0,1,76433.14,Espagne,Femme,1
7706,413,34,8,204424.83,3,1,1,102065.55,Espagne,Femme,0
7707,607,62,2,165029.27,3,1,1,180792.68,Allemagne,Femme,0
7708,681,18,5,157747.79,4,1,1,140878.38,France,Femme,1
7709,470,23,7,104550.7,3,1,1,46752.79,France,Homme,0
7710,647,22,2,99070.13,3,1,1,177697.77,France,Femme,1
7711,815,74,3,172565.65,1,1,1,107600.46,France,Homme,0
7712,403,62,6,185001.38,3,1,0,52786.99,France,Homme,1
7713,680,77,11,127553.3,2,1,1,112576.06,Espagne,Homme,0
7714,621,72,6,242317.31,2,1,1,50321.25,France,Homme,0
7715,590,67,3,238924.89,3,0,1,82955.14,France,Homme,0
7716,592,46,8,103107.37,2,1,0,164021.91,Allemagne,Femme,0
7717,367,29,12,205155.56,4,1,1,136843.88,Espagne,Homme,1
7718,832,56,2,135816.96,2,0,1,103419.26,France,Homme,0
7719,536,64,11,127938.97,4,1,1,56891.28,France,Femme,0
7720,695,20,7,13741.02,3,0,1,67201.34,France,Homme,0
7721,493,65,7,143493.68,4,1,1,195973.74,France,Femme,1
7722,611,18,12,225144.48,4,1,1,78443.3,Allemagne,Homme,1
7723,790,44,3,195033.46,3,0,1,128983.6,Allemagne,Femme,0
7724,713,65,6,196579.29,3,0,1,107453.41,Espagne,Femme,0
7725,840,41,3,39982.26,4,1,1,19274.26,Espagne,Femme,1
7726,780,79,12,89612.36,1,1,1,189764.84,Espagne,Homme,0
7727,588,61,11,58301.23,3,1,1,31266.91,Allemagne,Femme,1
7728,653,36,0,78978.82,3,1,1,136860.93,France,Homme,0
7729,647,76,0,144884.84,1,0,1,165039.49,France,Femme,0
7730,425,25,13,91195.95,2,0,1,153515.92,Allemagne,Femme,0
7731,537,72,0,140174.45,1,1,1,164711.31,Espagne,Femme,1
7732,682,61,1,109625.31,2,1,0,151848.2,Allemagne,Homme,1
7733,737,64,5,71653.89,1,1,1,97430.85,Espagne,Homme,0
7734,836,19,11,23850.86,4,1,1,180810.8,France,Homme,0
7735,595,78,9,222959.61,3,0,1,183801.6,France,Femme,0
7736,479,47,10,2843.34,1,1,1,95836.65,Allemagne,Femme,1
7737,823,47,4,413.12,3,0,0,104683.62,Espagne,Homme,0
7738,664,66,10,206699.43,2,0,0,104844.58,France,Femme,1
7739,760,56,1,249202.74,4,0,0,66597.02,France,Homme,1
7740,632,62,7,181775.71,3,0,0,36263.28,France,Femme,0
7741,428,49,8,3818.46,1,0,1,63466.21,France,Homme,1
7742,421,18,6,56672.56,1,1,1,171159.2,France,Femme,0
7743,612,55,11,242955.68,4,1,1,115465.4,France,Femme,0
7744,540,30,13,202151.06,2,0,1,172286.66,France,Femme,0
7745,716,28,14,141699.96,4,1,1,152854.96,France,Femme,0
7746,724,27,14,59215.18,4,1,1,79493.69,France,Femme,1
7747,779,65,11,3592.55,3,0,1,49282.81,Allemagne,Femme,0
7748,412,76,8,5215.37,2,1,1,119935.67,Allemagne,Femme,0
7749,837,43,3,152995.22,4,0,1,188133.49,France,Femme,0
7750,729,73,12,5457.97,3,0,0,170291.81,France,Homme,1
7751,361,72,6,248407.54,3,1,0,156309.57,France,Homme,1
7752,490,37,4,45845.96,2,0,0,156372.21,France,Femme,1
7753,603,34,4,177676.84,2,1,1,112634.36,France,Femme,0
7754,392,34,2,38764.93,3,0,1,46362.38,France,Femme,0
7755,366,21,8,135023.36,2,1,1,67825.74,France,Homme,0
7756,412,22,12,20152.82,3,1,1,121910.18,Allemagne,Femme,1
7757,602,77,9,191694.61,2,0,1,73525.38,Espagne,Femme,1
7758,814,40,4,146230.27,2,1,1,159589.85,Espagne,Femme,1
7759,725,63,5,21541.67,2,1,0,84045.1,Espagne,Homme,1
7760,641,69,2,212146.55,1,1,1,36070.85,Allemagne,Homme,1
7761,818,27,9,136754.65,2,1,1,159770.71,Espagne,Homme,0
7762,357,63,6,230398.08,1,1,1,144154.08,Allemagne,Femme,1
7763,674,45,8,229155.84,3,1,0,61834.02,France,Femme,1
7764,439,50,8,230126.95,4,0,1,196506.32,Allemagne,Homme,1
7765,557,60,13,19446.3,4,0,1,89590.06,France,Homme,0
7766,641,43,14,30239.44,4,0,1,140885.22,France,Homme,0
7767,633,72,12,246926.45,3,1,1,183432.96,France,Femme,1
7768,467,67,9,121900.21,2,1,1,43859.37,France,Homme,0
7769,698,65,13,59553.51,1,0,1,177619.03,Allemagne,Femme,1
7770,524,46,9,192416.12,3,0,0,145223.88,Espagne,Homme,0
7771,425,44,4,66071.31,4,0,1,45999.11,Espagne,Homme,0
7772,450,35,6,181803.92,4,0,1,137934.75,France,Femme,0
7773,763,57,12,209321.44,4,1,1,176796.49,Espagne,Homme,0
7774,500,77,11,196065.84,4,0,1,162817.85,Allemagne,Homme,1
7775,749,27,11,68511.95,1,0,1,155712.29,France,Femme,0
7776,619,75,12,100404.64,4,1,1,44847.19,Allemagne,Homme,0
7777,807,59,2,103312.75,1,1,1,50265.46,France,Femme,1
7778,420,22,5,122818.23,4,1,1,116327.54,France,Homme,0
7779,842,27,11,41843.21,3,1,0,122327.01,Allemagne,Homme,0
7780,529,67,7,113117.51,1,0,1,189570.45,Allemagne,Femme,1
7781,473,38,12,127695.75,1,1,0,101706.05,France,Homme,0
7782,730,41,7,132927.25,3,0,1,70962.98,Espagne,Homme,0
7783,642,55,1,204975.11,4,1,1,50292.99,Allemagne,Femme,0
7784,634,20,5,129333.62,4,1,1,25021.63,France,Homme,1
7785,544,57,6,57695.98,2,1,1,27700.91,Allemagne,Homme,0
7786,748,48,11,165782.18,2,1,1,121220.88,France,Homme,0
7787,577,79,6,199328.54,1,1,1,47608.46,France,Femme,0
7788,780,58,2,79842.92,2,0,1,172549.16,Espagne,Femme,1
7789,779,54,13,161326.48,3,1,1,125347.29,France,Femme,0
7790,785,78,13,36734.5,3,1,1,175004.01,France,Homme,0
7791,624,19,8,85481.58,3,0,1,94080.44,Allemagne,Homme,0
7792,810,19,1,227305.98,1,1,1,125218.74,Allemagne,Homme,1
7793,455,56,10,227827.04,3,1,1,112204.24,France,Femme,0
7794,370,66,2,143831.14,1,0,1,197535.2,Allemagne,Femme,1
7795,413,59,14,175587.87,1,1,1,162411.68,Espagne,Homme,0
7796,514,61,10,213503.85,3,1,0,125149.02,Allemagne,Femme,1
7797,376,51,1,239638.3,3,0,1,127218.41,Espagne,Homme,0
7798,660,59,10,122471.61,1,1,1,61028.32,France,Homme,0
7799,849,37,8,140393.93,3,1,1,150929.29,France,Femme,1
7800,634,50,3,103910.39,2,1,1,196824.08,France,Femme,1
7801,497,21,1,17995.48,1,1,0,38944.79,Allemagne,Homme,1
7802,630,62,2,105700.87,4,1,0,132893.32,Espagne,Femme,0
7803,675,61,12,197656.83,1,0,1,110808.04,Espagne,Homme,0
7804,668,28,3,201221.37,3,0,0,172326.07,France,Femme,0
7805,513,78,14,223094.28,3,0,1,15008.67,Allemagne,Homme,1
7806,735,59,13,12866.68,1,1,0,40268.2,Espagne,Homme,1
7807,755,64,9,131788.65,1,1,1,21858.47,France,Homme,1
7808,573,22,12,26856.12,4,1,1,45142.65,Allemagne,Femme,1
7809,621,42,5,50185.55,4,1,1,145968.21,Espagne,Homme,0
7810,495,66,4,225054.13,1,0,1,40839.21,Espagne,Femme,1
7811,802,77,2,124197.81,3,1,0,130131.24,France,Homme,0
7812,787,54,9,189636.23,1,1,1,175618.07,France,Femme,0
7813,705,51,7,16096.03,2,1,1,21405.36,Allemagne,Homme,1
7814,379,26,7,104206.63,2,1,1,19955.49,Espagne,Femme,0
7815,394,23,6,168560.07,3,1,1,198121.93,Allemagne,Homme,0
7816,624,35,2,33351.62,1,1,1,139555.79,France,Femme,0
7817,820,31,13,81454.47,1,1,1,41028.62,Espagne,Homme,1
7818,383,36,14,16136.95,2,1,1,71738.02,France,Homme,0
7819,490,31,0,162834.99,1,0,1,197225.95,Allemagne,Homme,1
7820,776,57,4,242722.81,3,1,1,57035.07,France,Femme,0
7821,667,34,0,206761.37,3,0,1,154272.91,France,Homme,1
7822,723,77,5,243655.78,4,0,1,59618.68,France,Femme,0
7823,570,52,10,211401.2,3,0,1,88716.51,France,Homme,0
7824,705,46,6,213798.95,1,0,1,177930.29,Espagne,Homme,0
7825,371,59,14,144294.3,1,1,1,20261.2,France,Homme,1
7826,529,34,14,129563.08,2,1,1,71838.5,France,Femme,0
7827,785,76,11,101563.57,2,1,1,105130.65,Allemagne,Femme,0
7828,716,60,4,204523.72,3,0,1,130716.53,Allemagne,Femme,1
7829,769,25,3,45516.9,4,0,0,20224.71,Allemagne,Homme,1
7830,678,18,1,14056.23,1,1,1,90974.13,France,Homme,0
7831,580,62,4,236973.46,4,1,1,78693.13,France,Homme,0
7832,848,70,8,944.55,1,1,0,19970.32,France,Femme,1
7833,752,53,3,244207.33,3,1,1,80743.03,France,Homme,0
7834,387,24,13,182213.34,3,1,1,187362.33,Espagne,Femme,0
7835,419,63,1,82124.73,2,1,1,65806.26,Allemagne,Homme,0
7836,465,22,12,174454.96,4,1,1,123334.39,France,Femme,0
7837,588,41,14,204468.79,2,1,1,70147.71,France,Homme,1
7838,684,45,5,61340.51,3,1,1,34733.23,Allemagne,Femme,1
7839,790,79,7,192723.92,4,1,0,68598.84,France,Femme,0
7840,497,60,1,201092.41,1,1,1,102090.44,Allemagne,Homme,0
7841,358,34,8,62338.66,2,0,0,69798.55,France,Femme,1
7842,637,54,6,10481.59,3,1,1,130471.32,France,Femme,1
7843,737,37,13,51030.57,1,1,1,190581.41,Espagne,Femme,0
7844,399,20,12,50161.6,3,0,0,27815.24,France,Homme,1
7845,687,54,1,16310.11,1,1,1,147645.81,Allemagne,Femme,0
7846,354,43,10,181501.85,2,1,0,15232.44,France,Homme,0
7847,753,32,4,94993.73,1,1,1,15188.98,France,Homme,1
7848,692,68,4,221096.54,4,1,1,39590.08,France,Homme,0
7849,475,65,6,63042.78,1,1,1,103787.14,France,Homme,0
7850,424,25,12,113308.04,3,1,1,23880.75,France,Homme,0
7851,514,30,14,159754.36,1,1,0,148598.08,Espagne,Femme,0
7852,627,65,4,219366.24,2,0,1,20417.09,Espagne,Homme,0
7853,791,20,10,131155.28,3,1,1,106654.88,France,Femme,0
7854,673,18,13,93381.16,3,1,0,140078.25,France,Homme,0
7855,826,26,5,216753.77,3,1,1,58946.86,Allemagne,Homme,0
7856,649,48,13,77561.61,3,0,1,122170.16,Allemagne,Homme,0
7857,639,58,8,19855.92,4,1,1,63429.56,Allemagne,Femme,1
7858,426,71,2,111260.53,3,1,1,54607.99,Allemagne,Femme,0
7859,647,43,2,196273.33,3,1,1,166402.04,Allemagne,Femme,1
7860,486,34,7,7695.21,3,0,1,76588.97,France,Femme,0
7861,455,73,9,146470.56,2,0,1,165586.22,France,Homme,1
7862,444,51,11,148616.01,2,1,1,55128.24,Espagne,Homme,0
7863,484,26,5,232135.44,3,1,1,80835.13,France,Homme,1
7864,417,79,11,71616.2,4,1,1,33991.88,Espagne,Femme,0
7865,496,73,9,69709.15,1,1,1,106852.57,Allemagne,Homme,1
7866,839,68,2,110120.91,4,1,1,85594.94,Allemagne,Femme,0
7867,827,30,1,89228.73,3,1,1,16101.97,Allemagne,Femme,0
7868,508,22,12,184086.47,3,1,1,100998.2,France,Femme,0
7869,733,58,1,160438.02,4,1,0,28766.71,France,Femme,1
7870,512,30,1,189730.26,3,0,1,169836.87,Espagne,Femme,1
7871,790,18,14,205010.45,1,0,0,106333.24,France,Femme,1
7872,690,42,4,230745.28,2,1,0,142659.38,France,Femme,0
7873,538,64,14,107734.18,1,1,1,166910.16,Allemagne,Homme,0
7874,764,21,11,246174.35,1,1,1,24467.91,Allemagne,Femme,0
7875,688,53,4,53915.2,1,1,1,77381.58,France,Homme,1
7876,444,69,0,178591.29,4,1,1,19646.8,France,Femme,1
7877,530,27,1,133502.33,4,1,1,24180.92,France,Homme,1
7878,637,45,1,204225.15,1,1,1,21999.0,Espagne,Femme,0
7879,671,74,14,119192.63,4,1,0,103412.71,Espagne,Femme,0
7880,536,79,3,195984.66,3,1,0,98375.44,Espagne,Femme,1
7881,721,23,6,232542.18,2,0,1,26329.48,Espagne,Homme,1
7882,487,44,2,183073.57,4,1,1,63538.17,Allemagne,Homme,0
7883,479,73,4,194023.57,4,1,1,60230.87,Espagne,Homme,0
7884,543,29,10,16793.86,1,1,1,69873.8,France,Femme,0
7885,665,79,8,51239.42,2,1,1,133541.04,France,Femme,0
7886,821,69,4,243575.94,3,1,1,143957.45,Allemagne,Homme,1
7887,622,65,8,173296.75,3,1,1,77728.21,Espagne,Femme,0
7888,701,20,0,140362.25,2,0,1,160822.67,Allemagne,Homme,1
7889,493,63,8,91744.09,3,0,1,92304.13,France,Femme,0
7890,365,50,13,11097.25,2,1,1,111644.5,Espagne,Homme,1
7891,651,27,4,92283.98,1,1,1,41926.68,Allemagne,Homme,1
7892,772,48,7,124728.22,3,1,1,58085.66,Allemagne,Homme,0
7893,594,32,4,52864.88,3,1,1,149597.72,Allemagne,Homme,0
7894,764,24,13,43284.2,2,1,1,195752.81,Allemagne,Femme,0
7895,456,53,11,127104.14,3,0,1,145360.91,France,Femme,1
7896,437,31,5,146476.06,4,1,1,25026.7,France,Femme,1
7897,478,73,7,59979.48,1,0,1,41434.9,Espagne,Femme,0
7898,744,65,1,146847.37,3,1,1,97469.03,France,Homme,0
7899,724,31,2,225084.99,3,0,1,150525.98,Allemagne,Homme,1
7900,690,20,10,118293.31,3,1,1,45697.5,France,Homme,0
7901,353,66,8,214347.54,2,1,1,153901.91,Espagne,Homme,0
7902,676,70,4,231817.86,1,0,1,117829.61,Allemagne,Femme,1
7903,759,63,4,23098.51,1,1,1,158290.49,Allemagne,Femme,1
7904,716,67,8,23952.89,3,1,0,118162.96,France,Femme,1
7905,655,20,9,119011.05,3,1,1,126466.79,France,Homme,0
7906,745,79,2,147025.61,2,1,0,61018.21,Allemagne,Homme,1
7907,444,39,13,106470.87,1,1,1,148235.1,France,Femme,0
7908,558,36,3,81612.69,4,1,0,171142.66,Allemagne,Homme,1
7909,574,52,6,160248.53,3,1,1,176188.8,Allemagne,Homme,0
7910,808,29,1,520.38,4,1,0,20448.81,Espagne,Femme,0
7911,697,71,7,242018.32,4,1,1,130550.59,France,Femme,1
7912,829,22,4,58019.77,1,0,0,198064.59,Allemagne,Femme,1
7913,670,27,14,229274.69,4,0,1,123579.4,Allemagne,Femme,0
7914,396,58,0,27253.69,3,1,1,46684.77,France,Femme,0
7915,825,50,2,59521.8,3,1,0,177357.5,Allemagne,Homme,0
7916,530,30,14,58718.43,2,0,1,63896.69,France,Femme,0
7917,455,52,8,249038.23,1,1,1,23327.49,France,Femme,1
7918,548,68,4,1150.14,1,0,0,94645.82,France,Femme,0
7919,735,49,7,159909.55,4,1,0,33550.45,France,Homme,0
7920,455,28,0,217421.65,3,0,0,36319.82,Espagne,Homme,1
7921,629,65,13,168068.41,3,0,1,100708.49,France,Homme,0
7922,609,55,6,90683.45,2,1,1,128346.43,France,Femme,0
7923,457,41,6,239577.34,4,1,1,182497.53,France,Femme,0
7924,368,52,7,223380.19,3,0,1,145471.79,Allemagne,Homme,1
7925,759,36,2,108488.73,1,1,1,170881.58,Allemagne,Homme,0
7926,808,23,0,143332.12,2,1,1,91180.12,France,Homme,0
7927,645,57,10,241879.8,1,1,1,73939.46,France,Homme,0
7928,655,71,14,245640.09,2,1,1,124675.45,Espagne,Homme,1
7929,520,62,8,112455.82,1,1,1,143667.42,France,Homme,0
7930,680,61,0,211837.51,4,0,0,120126.33,France,Femme,0
7931,842,79,10,75495.06,3,0,1,63936.44,France,Homme,0
7932,544,59,5,92953.22,1,1,0,83398.92,France,Homme,1
7933,361,52,8,41205.47,4,0,1,97936.37,Allemagne,Femme,1
7934,544,21,13,52296.15,1,1,1,17618.1,Allemagne,Homme,1
7935,839,50,1,164218.33,4,0,0,177770.18,France,Femme,0
7936,632,30,3,127695.4,2,1,1,109610.88,France,Homme,0
7937,718,73,1,57782.97,4,0,1,153940.54,France,Femme,1
7938,531,53,3,100727.4,1,1,1,46803.59,Allemagne,Femme,0
7939,799,71,1,93295.86,3,1,1,117979.08,Allemagne,Homme,1
7940,654,60,11,246840.05,2,1,1,186334.27,Espagne,Homme,1
7941,493,36,0,213391.46,2,1,0,54641.21,Allemagne,Femme,1
7942,735,60,10,96991.58,4,1,1,78983.4,Allemagne,Femme,0
7943,665,29,2,228479.14,1,1,0,86839.79,Allemagne,Femme,0
7944,531,28,7,85658.85,4,1,1,85911.17,France,Homme,0
7945,379,23,4,166975.38,2,1,0,126115.18,Allemagne,Femme,0
7946,433,29,3,241662.5,3,1,1,87847.5,France,Femme,0
7947,515,44,4,97569.72,4,0,1,139700.08,Allemagne,Femme,0
7948,633,58,5,169971.24,1,0,1,104643.66,France,Femme,0
7949,630,42,5,73980.95,4,1,1,44160.8,France,Homme,0
7950,445,59,4,66578.08,4,1,1,190485.12,Allemagne,Femme,0
7951,730,20,11,143539.17,4,0,0,59310.52,Allemagne,Femme,1
7952,615,20,10,244816.15,3,0,1,119056.94,Allemagne,Homme,1
7953,793,37,11,113283.46,1,0,1,26228.4,Allemagne,Homme,0
7954,647,45,5,234409.24,1,1,1,184945.01,France,Femme,1
7955,645,40,8,228590.88,2,0,0,186679.28,Espagne,Homme,1
7956,574,65,4,63440.65,2,0,1,82440.63,France,Homme,1
7957,682,20,12,100454.85,4,1,1,37381.33,France,Femme,0
7958,710,59,5,160825.62,2,1,1,157447.06,France,Homme,1
7959,723,41,3,129511.47,1,1,0,63516.75,Allemagne,Femme,1
7960,391,60,12,23989.63,4,1,0,144613.89,France,Homme,0
7961,652,57,2,248424.51,2,1,0,184302.42,France,Homme,0
7962,770,23,12,188163.5,3,1,0,124194.08,France,Homme,1
7963,595,37,11,109423.51,2,0,1,174328.94,Allemagne,Homme,1
7964,557,28,5,154542.14,3,1,1,56559.96,Allemagne,Homme,0
7965,586,49,10,21893.2,2,1,1,183429.69,Allemagne,Femme,0
7966,371,77,10,123825.41,1,0,1,56929.24,Espagne,Homme,0
7967,534,44,4,232708.1,2,0,1,56773.02,Espagne,Femme,1
7968,817,38,3,224150.24,3,0,1,177775.74,France,Femme,0
7969,591,61,4,84345.21,3,0,1,117657.14,Allemagne,Homme,0
7970,712,65,6,132841.97,2,0,1,162896.7,Allemagne,Femme,1
7971,632,67,0,174345.88,4,0,0,163460.42,France,Femme,0
7972,390,30,13,85002.32,3,0,0,134687.84,France,Homme,0
7973,685,39,14,16219.8,1,1,0,49978.64,Allemagne,Homme,0
7974,511,52,0,126360.41,2,0,1,143037.4,Allemagne,Femme,1
7975,509,64,10,150408.93,3,1,1,26772.41,Allemagne,Femme,1
7976,823,39,12,1460.4,2,1,0,52123.59,France,Homme,0
7977,438,45,0,23893.84,2,1,0,133938.69,Espagne,Homme,1
7978,671,38,1,51822.66,4,1,1,182944.81,Allemagne,Homme,0
7979,361,63,8,87013.07,2,1,1,157763.17,Espagne,Homme,0
7980,773,35,12,135262.81,2,1,1,76504.69,France,Femme,0
7981,422,48,4,73460.73,2,0,0,167384.83,Allemagne,Homme,1
7982,425,77,13,69045.95,1,1,1,193820.5,Allemagne,Homme,1
7983,695,78,8,217337.34,2,1,0,76410.81,France,Homme,1
7984,550,63,12,36262.66,1,0,1,49562.7,France,Femme,0
7985,359,54,4,123865.03,2,1,1,51540.17,France,Femme,0
7986,701,38,14,238206.18,4,1,1,89059.87,Espagne,Femme,0
7987,575,31,13,156253.31,4,1,1,24679.83,Allemagne,Femme,0
7988,525,42,6,179301.37,3,1,0,105235.11,France,Homme,1
7989,625,44,13,107809.25,2,0,1,150475.23,Allemagne,Homme,1
7990,388,57,13,4983.04,4,0,1,113135.01,Allemagne,Femme,0
7991,409,77,14,161532.59,4,0,1,194459.3,France,Homme,0
7992,415,77,5,157981.07,2,1,1,100414.65,Espagne,Homme,1
7993,670,40,1,27606.91,3,1,1,17452.89,Espagne,Homme,0
7994,784,48,2,115539.93,1,1,1,101973.01,France,Homme,0
7995,473,64,4,228832.24,4,1,0,187028.2,Allemagne,Homme,1
7996,513,77,3,51271.21,4,0,1,32734.35,Allemagne,Femme,0
7997,757,46,13,115274.69,1,0,1,56248.98,France,Femme,1
7998,760,64,10,115275.8,4,1,1,147378.46,Espagne,Femme,0
7999,735,47,5,202690.37,1,1,1,69408.63,Espagne,Femme,1
8000,508,68,7,206143.97,1,1,1,156569.57,Allemagne,Femme,1
8001,406,43,7,189817.35,3,0,1,92574.98,France,Homme,1
8002,427,37,2,91363.54,1,1,1,162272.42,France,Femme,1
8003,543,55,3,18009.23,1,1,1,117033.59,France,Femme,0
8004,634,36,0,87370.74,1,0,1,30256.7,France,Homme,0
8005,364,44,1,169947.8,1,1,0,86435.21,Espagne,Homme,1
8006,361,42,12,175686.64,4,1,1,76650.94,Espagne,Homme,1
8007,450,57,8,241250.05,1,1,1,164865.02,France,Homme,1
8008,505,55,14,113410.31,4,1,1,130602.49,Allemagne,Homme,1
8009,689,69,11,158108.9,2,1,1,158819.15,France,Femme,1
8010,474,40,9,134797.72,2,0,0,83847.71,France,Femme,1
8011,708,46,9,37654.64,1,1,1,142972.5,France,Femme,1
8012,629,32,1,115300.62,3,0,1,27068.36,France,Femme,1
8013,754,76,11,136208.79,3,1,1,21793.84,France,Homme,0
8014,743,20,5,237687.4,4,1,1,68181.56,France,Femme,1
8015,459,27,13,91634.76,4,0,1,158134.35,Allemagne,Femme,1
8016,683,32,6,245024.78,2,1,1,113806.18,France,Homme,0
8017,706,73,5,135575.02,4,0,1,90632.03,France,Femme,1
8018,495,33,7,60617.31,3,1,1,180877.41,Espagne,Homme,1
8019,565,34,8,47916.1,2,1,1,107011.9,France,Femme,0
8020,747,36,7,35423.73,1,0,1,128476.99,Allemagne,Homme,1
8021,511,28,4,113233.22,4,0,1,197378.29,France,Femme,1
8022,477,65,7,5481.61,1,1,1,111642.51,Allemagne,Homme,1
8023,663,22,9,111261.32,4,1,0,159947.98,France,Homme,0
8024,681,22,14,247101.17,3,1,0,91557.73,Allemagne,Homme,1
8025,499,75,14,167526.7,4,1,1,21722.98,Allemagne,Femme,0
8026,803,31,9,189946.53,3,1,1,169377.33,France,Homme,1
8027,385,67,8,29751.35,3,1,1,189714.85,France,Homme,0
8028,522,43,13,118275.22,1,0,1,95360.67,Allemagne,Femme,1
8029,769,25,7,71555.78,4,1,0,108172.71,France,Femme,0
8030,371,22,1,223524.38,1,1,1,93465.51,France,Femme,1
8031,555,24,1,45323.12,3,1,0,199427.58,France,Femme,0
8032,476,33,11,114683.33,3,1,1,182121.79,France,Femme,0
8033,685,72,2,147011.93,3,1,1,22603.77,France,Femme,0
8034,794,31,6,128510.27,3,1,1,159118.45,Allemagne,Homme,0
8035,705,54,8,207560.88,2,1,1,126154.8,France,Homme,1
8036,789,73,7,57863.29,3,1,1,19651.22,Allemagne,Homme,0
8037,566,58,8,94347.78,4,1,1,97271.77,Espagne,Homme,1
8038,445,21,5,198021.07,3,1,0,42696.64,Espagne,Homme,1
8039,766,53,0,132017.85,2,0,1,176513.83,France,Femme,0
8040,778,65,13,100529.35,4,1,1,17349.27,Allemagne,Femme,1
8041,513,73,11,7360.63,2,1,1,176524.57,Allemagne,Homme,0
8042,497,34,3,188346.36,2,1,1,189055.24,Espagne,Homme,1
8043,367,64,12,243045.52,4,1,0,28502.13,Espagne,Homme,0
8044,643,53,5,155071.75,2,0,1,148169.94,Allemagne,Femme,0
8045,544,23,14,214135.31,3,1,0,116545.06,Allemagne,Femme,0
8046,500,33,11,129218.94,1,1,1,191541.19,France,Homme,0
8047,829,46,5,57920.24,1,1,0,162657.69,France,Femme,1
8048,714,53,14,3610.53,1,1,1,143466.6,Allemagne,Homme,0
8049,472,55,7,163349.57,4,0,1,186219.3,France,Homme,0
8050,749,54,14,123277.21,4,1,1,44664.7,France,Femme,0
8051,536,65,0,195524.54,4,1,1,84552.6,Espagne,Femme,1
8052,802,79,12,173670.6,1,1,1,170944.24,Espagne,Homme,0
8053,801,74,10,246988.09,1,1,1,33793.31,France,Homme,0
8054,498,65,1,127578.15,4,0,1,188057.76,Espagne,Homme,1
8055,453,27,1,106793.7,1,0,0,152853.76,Espagne,Femme,1
8056,592,58,12,71684.92,2,1,0,96276.59,Allemagne,Femme,0
8057,811,53,5,119215.32,2,0,1,77663.45,France,Femme,0
8058,580,46,13,218217.87,1,1,1,42307.18,Espagne,Femme,0
8059,828,31,13,10609.93,4,1,0,32329.6,France,Homme,1
8060,555,21,10,244475.01,3,1,1,93365.0,Espagne,Femme,1
8061,547,61,6,248326.8,3,1,0,170973.22,France,Homme,1
8062,745,73,1,149455.34,1,1,1,113392.35,Allemagne,Femme,1
8063,749,59,4,82886.05,3,1,1,98462.52,France,Homme,1
8064,686,53,5,55762.24,4,1,1,74022.87,Allemagne,Homme,0
8065,842,67,3,69122.6,2,0,1,44035.73,Espagne,Homme,1
8066,436,62,0,12526.36,2,0,1,198168.37,France,Homme,1
8067,491,30,2,118777.74,4,1,0,19760.53,Allemagne,Femme,1
8068,666,63,13,14331.07,3,1,1,72685.94,Espagne,Femme,1
8069,548,35,9,179618.55,1,0,1,157335.2,Espagne,Femme,1
8070,395,50,8,92982.36,2,1,1,111303.26,Espagne,Homme,0
8071,637,38,12,49841.18,3,1,1,73063.16,Allemagne,Femme,1
8072,364,33,5,136213.39,3,1,1,198656.77,Allemagne,Homme,0
8073,393,32,1,243439.83,2,0,1,129546.38,France,Homme,0
8074,750,71,8,173782.76,2,0,1,69603.82,France,Homme,0
8075,518,74,3,122936.71,1,1,1,171871.33,France,Femme,1
8076,659,22,10,194228.57,4,0,0,42780.37,France,Homme,0
8077,844,78,12,184369.12,3,1,1,100761.2,France,Femme,0
8078,393,23,7,222933.87,1,1,1,170323.93,Allemagne,Femme,1
8079,447,55,9,51167.24,2,1,1,196976.74,France,Homme,0
8080,610,20,6,214719.39,4,1,1,85865.65,France,Femme,1
8081,458,65,11,75256.52,4,1,1,40550.29,France,Femme,0
8082,632,29,10,235249.73,3,0,1,119881.96,France,Femme,0
8083,721,53,2,70266.29,4,0,1,189638.71,Espagne,Homme,0
8084,692,50,14,231712.14,2,1,1,138138.17,Allemagne,Homme,1
8085,453,53,7,240947.68,2,1,1,126399.51,Allemagne,Homme,0
8086,605,50,3,36372.84,2,1,1,72219.02,France,Homme,1
8087,728,48,1,243624.97,1,1,1,127172.87,Allemagne,Femme,0
8088,555,38,10,21430.74,2,1,1,178665.43,Allemagne,Femme,0
8089,684,44,4,54641.95,1,0,0,84472.31,France,Femme,0
8090,392,44,0,111042.2,2,1,1,59779.93,Espagne,Homme,0
8091,702,25,12,248399.34,2,0,1,103977.15,Espagne,Homme,0
8092,594,73,7,122140.76,4,1,1,84594.74,Espagne,Femme,0
8093,636,54,13,137602.36,3,1,1,101936.31,France,Femme,0
8094,704,79,7,173606.24,2,1,1,32709.98,Espagne,Femme,0
8095,622,49,2,242073.39,4,1,1,77198.85,France,Homme,0
8096,825,43,0,195837.85,4,1,1,167911.34,Allemagne,Femme,0
8097,432,19,3,56038.5,3,0,0,89059.41,Espagne,Femme,1
8098,459,29,8,75747.73,4,1,1,194060.59,France,Homme,0
8099,787,39,8,24407.06,4,1,0,146136.29,France,Femme,1
8100,539,34,14,161113.09,3,1,0,82716.77,France,Femme,1
8101,820,24,0,45185.08,1,1,1,61557.78,Allemagne,Homme,0
8102,637,60,10,64351.22,3,0,1,141793.08,Allemagne,Femme,0
8103,773,21,14,222028.41,3,1,1,70952.6,Allemagne,Femme,1
8104,746,54,6,81688.92,2,1,1,186475.17,Allemagne,Femme,1
8105,600,55,5,141661.68,2,1,1,36522.14,Espagne,Femme,0
8106,561,49,13,99391.5,1,0,1,20316.96,Espagne,Homme,1
8107,640,28,6,18507.82,3,0,0,55889.95,France,Homme,1
8108,482,18,6,90715.96,3,1,1,127224.54,France,Femme,0
8109,550,42,7,102017.05,1,1,1,169467.97,Espagne,Homme,1
8110,634,59,7,223925.28,2,0,1,46473.69,France,Femme,1
8111,675,69,9,81112.66,3,1,1,123173.73,France,Femme,0
8112,758,41,13,94810.28,1,1,0,41668.32,Espagne,Homme,1
8113,444,70,10,195724.19,2,1,1,119188.05,Allemagne,Homme,1
8114,627,60,1,189739.16,4,1,1,18363.72,Allemagne,Homme,0
8115,799,73,11,199571.32,1,1,1,118194.31,France,Femme,0
8116,778,34,11,238442.69,1,0,1,111528.53,Espagne,Homme,1
8117,674,25,11,198889.37,3,1,1,22926.87,France,Homme,0
8118,568,76,3,101902.05,4,1,1,142542.12,France,Femme,0
8119,438,62,3,205377.13,2,1,1,120867.09,Espagne,Homme,0
8120,421,44,12,127168.66,4,1,1,130273.0,France,Femme,0
8121,596,69,14,69428.51,3,0,1,113008.18,Allemagne,Homme,0
8122,478,35,10,75729.27,3,0,1,148568.82,Allemagne,Femme,1
8123,561,44,9,55960.6,2,1,0,112125.71,France,Homme,0
8124,777,39,11,36248.24,2,0,0,185619.91,Allemagne,Homme,1
8125,692,33,12,46122.6,2,1,0,189549.23,Allemagne,Femme,1
8126,445,19,7,15794.51,3,1,1,149434.97,France,Homme,0
8127,424,22,13,222112.72,2,1,0,183675.97,Allemagne,Homme,0
8128,772,35,12,232751.95,2,1,1,185783.64,France,Femme,0
8129,844,20,12,146692.6,2,1,1,63469.72,Allemagne,Homme,0
8130,403,44,2,210122.39,1,1,1,198876.99,Allemagne,Homme,1
8131,693,71,11,45892.78,2,1,1,64475.81,Allemagne,Homme,1
8132,808,34,12,225418.46,3,1,1,18429.75,Espagne,Homme,0
8133,762,33,14,126590.39,1,0,1,193011.62,France,Femme,0
8134,403,23,12,16791.25,3,1,1,56387.84,France,Homme,1
8135,567,68,11,35328.19,4,1,1,123062.36,France,Homme,1
8136,365,24,2,77244.12,1,1,1,194573.61,Allemagne,Homme,1
8137,448,67,12,10889.4,2,1,1,24148.32,France,Homme,0
8138,369,31,1,77323.34,1,1,1,64822.71,Allemagne,Homme,0
8139,395,55,0,14982.61,3,1,1,127632.43,France,Homme,1
8140,800,57,7,59006.9,1,1,1,156073.24,Espagne,Homme,0
8141,542,32,13,66417.44,4,0,1,164362.79,Allemagne,Homme,0
8142,732,64,8,248592.24,2,0,1,178511.39,France,Femme,0
8143,407,64,8,58886.67,2,0,0,46160.66,Allemagne,Femme,1
8144,786,65,10,59796.61,4,1,1,83456.91,Allemagne,Femme,0
8145,460,50,7,171697.24,3,1,1,147137.04,Espagne,Homme,0
8146,478,60,4,214839.37,1,1,1,147332.36,Allemagne,Homme,0
8147,686,44,0,96763.85,3,1,1,71990.12,France,Homme,0
8148,543,46,8,218904.5,3,1,1,71281.26,Espagne,Homme,1
8149,762,74,5,85035.51,3,1,1,74318.77,France,Femme,0
8150,689,54,11,49253.97,2,0,0,180034.84,Allemagne,Femme,0
8151,675,22,14,82409.71,1,1,1,183259.49,Allemagne,Femme,1
8152,357,46,6,152339.09,2,1,0,17743.08,France,Homme,1
8153,378,49,7,91785.79,2,0,1,75128.03,Espagne,Homme,0
8154,461,77,12,168223.45,2,1,1,87526.57,France,Homme,0
8155,784,70,4,59233.97,1,1,1,196741.31,France,Homme,0
8156,510,23,5,175248.22,4,1,1,189671.05,France,Femme,0
8157,480,19,11,86859.59,2,1,1,131240.15,Espagne,Femme,1
8158,537,23,12,113967.09,2,1,0,23473.98,France,Femme,0
8159,512,63,6,139436.29,2,1,1,50375.16,France,Femme,0
8160,546,60,6,171556.25,1,0,0,95328.16,France,Homme,1
8161,824,21,1,59678.42,1,1,1,192421.59,France,Homme,0
8162,713,73,13,208986.38,3,1,0,32520.31,Allemagne,Homme,1
8163,553,46,10,180460.69,2,1,1,161400.19,France,Homme,0
8164,561,76,11,58524.48,2,0,0,50370.49,France,Homme,1
8165,458,42,13,243743.64,1,1,0,108952.45,France,Homme,1
8166,625,26,0,166199.25,1,1,1,156889.6,Allemagne,Femme,0
8167,422,73,7,113106.72,2,1,1,143111.64,France,Femme,0
8168,516,20,4,39381.83,4,1,0,158513.35,Allemagne,Femme,0
8169,609,43,9,133305.25,3,0,1,165514.65,France,Femme,0
8170,592,65,14,41193.97,3,1,1,71562.35,Espagne,Homme,1
8171,624,60,1,107372.92,2,1,1,82345.66,France,Femme,0
8172,451,44,2,102178.13,3,1,1,165912.39,Allemagne,Femme,1
8173,824,53,5,179984.91,3,1,1,22148.98,Espagne,Homme,0
8174,522,49,9,48095.8,2,1,1,110174.12,Espagne,Homme,0
8175,520,18,5,205467.84,3,1,1,185274.85,Allemagne,Femme,0
8176,490,74,7,81533.08,1,0,1,178725.74,France,Femme,1
8177,746,70,4,110997.16,2,1,1,163796.23,France,Homme,0
8178,537,71,4,193085.24,1,1,1,18986.54,France,Femme,1
8179,790,33,6,156348.1,2,1,1,179222.11,Espagne,Homme,0
8180,435,68,9,77006.34,1,1,1,183657.83,France,Femme,0
8181,825,65,12,96550.73,3,1,1,137778.96,Allemagne,Femme,0
8182,401,28,13,76446.7,4,1,1,70299.07,France,Homme,0
8183,460,43,14,148692.54,1,1,1,105636.56,Espagne,Homme,0
8184,786,57,4,83156.13,1,1,0,156084.59,Allemagne,Homme,1
8185,714,72,14,181424.42,4,1,1,165410.31,France,Homme,0
8186,691,18,8,144946.79,4,1,1,78518.64,Allemagne,Femme,1
8187,392,43,5,36426.65,1,1,0,75322.42,France,Homme,1
8188,560,45,6,77567.15,1,0,1,151193.52,Allemagne,Femme,1
8189,805,70,11,55361.86,1,1,1,141975.84,Espagne,Femme,1
8190,849,75,7,97578.3,2,1,1,109941.48,Espagne,Homme,0
8191,549,26,12,128996.02,1,1,1,92748.19,France,Homme,1
8192,647,77,4,126690.71,1,1,1,136574.55,France,Femme,0
8193,695,76,13,188630.92,4,1,1,21000.16,Allemagne,Femme,1
8194,589,61,10,47292.97,4,0,0,29002.57,Allemagne,Homme,1
8195,464,39,3,236618.21,2,1,1,121021.05,France,Femme,0
8196,375,25,14,85711.28,2,1,0,53901.57,Allemagne,Homme,1
8197,756,75,11,75062.21,3,1,1,158335.04,France,Homme,0
8198,648,66,14,171294.64,1,0,1,157887.34,Allemagne,Femme,1
8199,426,59,7,201379.16,1,1,1,146342.98,Espagne,Femme,0
8200,761,44,11,94617.94,4,1,1,182166.5,Allemagne,Homme,0
8201,486,56,9,186711.74,3,1,1,41054.46,France,Homme,0
8202,369,36,8,220933.99,1,1,1,62959.46,Espagne,Homme,0
8203,789,42,0,191700.92,3,0,1,61675.37,France,Homme,1
8204,560,55,2,8549.12,2,1,1,159741.91,France,Femme,0
8205,589,38,11,206842.23,1,1,1,111448.76,France,Homme,1
8206,388,41,3,193620.24,1,1,1,61745.02,France,Femme,1
8207,784,41,12,167322.56,2,1,1,40239.02,France,Femme,1
8208,617,77,6,190005.6,1,0,1,180208.02,Allemagne,Homme,1
8209,556,77,5,244856.35,2,1,1,143043.87,Allemagne,Femme,1
8210,828,36,9,107778.22,2,1,1,112777.12,Allemagne,Femme,0
8211,788,67,9,16805.81,3,1,1,193612.11,Espagne,Homme,1
8212,811,64,10,115222.49,4,1,1,172174.33,Espagne,Homme,1
8213,616,19,0,11608.41,4,1,1,47952.45,France,Homme,1
8214,503,31,3,73562.6,2,1,1,109004.16,France,Femme,0
8215,391,70,5,146719.95,3,1,1,104924.55,Allemagne,Homme,1
8216,760,49,2,77405.72,2,1,1,171192.99,Allemagne,Femme,0
8217,360,59,14,171348.81,3,1,1,42581.29,France,Femme,0
8218,643,49,1,205496.58,3,1,0,98580.45,Allemagne,Homme,0
8219,447,45,1,105109.79,4,1,1,132760.0,Allemagne,Femme,1
8220,776,65,9,225034.49,4,1,1,189872.1,Espagne,Femme,0
8221,624,56,11,19959.73,3,1,1,181364.01,Allemagne,Homme,0
8222,797,57,11,210028.29,4,1,1,113761.86,Allemagne,Homme,0
8223,739,59,3,207143.29,3,0,1,127243.35,Allemagne,Homme,0
8224,779,64,12,80498.47,1,0,1,172694.25,France,Homme,1
8225,721,57,0,74678.8,2,0,0,152711.83,Allemagne,Femme,0
8226,579,30,14,76273.75,4,1,0,177677.09,Allemagne,Femme,0
8227,718,29,9,202848.43,2,0,1,180747.16,France,Femme,0
8228,775,25,1,207913.37,4,1,1,169028.41,Allemagne,Homme,0
8229,569,32,12,82430.61,2,0,1,16734.97,France,Homme,1
8230,414,43,9,148147.59,2,1,1,72522.77,Allemagne,Femme,0
8231,704,29,14,34733.31,4,0,1,89650.64,France,Femme,1
8232,581,60,1,117194.68,4,1,1,140414.33,France,Femme,1
8233,677,68,3,249698.21,4,1,1,71769.28,France,Homme,1
8234,792,63,3,39709.79,4,1,0,74858.25,France,Homme,1
8235,401,44,0,236890.66,3,1,1,89037.56,France,Homme,0
8236,723,35,6,206063.68,4,1,1,191736.72,France,Homme,0
8237,780,62,6,243053.66,4,0,1,95874.2,France,Femme,1
8238,725,53,9,44894.69,4,0,1,41024.36,Espagne,Homme,0
8239,612,66,10,53379.62,1,0,1,16175.82,Espagne,Femme,1
8240,616,68,9,4216.8,2,0,1,58773.34,Allemagne,Femme,1
8241,708,44,9,181175.45,4,0,1,188680.02,France,Homme,0
8242,666,26,0,161023.67,4,1,0,191673.62,Allemagne,Homme,1
8243,673,72,10,44516.36,2,0,1,112865.25,France,Homme,0
8244,758,56,7,197786.24,2,1,1,134577.22,Espagne,Homme,1
8245,745,18,9,74798.88,3,1,1,162244.83,Allemagne,Homme,0
8246,503,24,13,33748.89,2,1,1,25339.21,France,Homme,1
8247,707,43,13,105640.67,2,0,1,84246.85,France,Femme,0
8248,715,24,6,22742.46,1,1,1,133815.75,Allemagne,Femme,0
8249,489,69,6,65810.91,3,1,1,181176.88,France,Homme,0
8250,776,24,10,92833.34,1,1,1,149463.47,France,Femme,1
8251,400,25,5,212966.04,2,1,1,79761.37,Allemagne,Femme,0
8252,466,33,11,198137.19,4,1,0,183346.73,France,Femme,0
8253,770,20,3,110688.57,3,0,0,137954.6,Allemagne,Homme,0
8254,395,62,10,181143.76,2,0,1,168593.53,Espagne,Homme,0
8255,658,27,7,142162.41,2,0,1,86318.9,France,Femme,0
8256,437,67,1,85210.46,4,1,1,15399.39,France,Femme,1
8257,557,24,6,181468.59,4,0,1,45741.19,Espagne,Femme,0
8258,726,38,2,170874.79,4,0,0,186527.82,France,Femme,1
8259,618,70,13,154773.61,3,1,1,21127.95,France,Femme,1
8260,438,79,2,154488.88,1,0,1,125267.26,Espagne,Homme,1
8261,730,54,13,170745.5,3,1,1,90688.59,France,Femme,0
8262,467,48,6,96136.38,4,1,1,94472.06,France,Homme,0
8263,403,40,11,217268.95,3,0,0,89151.39,France,Homme,1
8264,790,74,2,40576.96,4,0,1,27473.78,Espagne,Homme,1
8265,465,44,14,220971.37,1,1,1,37631.14,Allemagne,Femme,0
8266,467,73,14,85570.46,3,1,1,26643.78,Allemagne,Femme,1
8267,609,39,4,31257.9,1,1,1,24972.95,France,Homme,1
8268,424,56,7,150006.85,1,1,0,30837.96,France,Femme,1
8269,829,74,13,93996.67,4,1,0,143874.18,Espagne,Femme,1
8270,654,79,12,203874.93,3,1,1,36127.96,Allemagne,Homme,1
8271,356,44,3,107696.37,3,1,1,63376.22,France,Femme,1
8272,715,71,6,167140.63,1,1,1,136535.6,Espagne,Femme,1
8273,471,66,6,77064.5,4,0,0,35769.15,Espagne,Femme,1
8274,360,21,1,52363.09,1,1,0,183397.41,Allemagne,Homme,1
8275,697,41,13,97012.26,1,1,1,103334.57,Espagne,Femme,1
8276,787,40,7,151701.96,1,0,1,193165.64,France,Homme,1
8277,838,65,9,164236.68,1,1,1,50614.49,Allemagne,Homme,0
8278,564,36,11,144551.67,3,1,1,20665.51,France,Homme,1
8279,778,59,9,247013.93,2,1,1,124202.06,Allemagne,Homme,0
8280,628,20,14,172772.55,3,1,0,75816.6,Espagne,Homme,0
8281,847,44,13,232879.91,4,1,1,120892.25,Allemagne,Homme,0
8282,377,20,8,29483.3,2,1,1,102625.28,Allemagne,Homme,1
8283,584,45,5,15343.23,1,1,1,99573.89,France,Femme,0
8284,716,34,13,77748.68,3,1,1,172467.86,Allemagne,Femme,0
8285,662,48,4,34147.23,2,1,0,50489.29,France,Femme,1
8286,375,27,0,131467.13,1,1,1,107432.46,France,Homme,1
8287,758,66,0,129745.31,3,1,1,91960.79,Allemagne,Homme,1
8288,403,39,8,143761.79,2,0,0,139647.34,Allemagne,Homme,0
8289,378,47,13,186306.97,3,1,1,24274.54,France,Homme,1
8290,816,79,3,242832.43,2,1,1,112942.78,Allemagne,Femme,0
8291,702,66,0,219564.67,4,1,0,103530.02,Allemagne,Homme,1
8292,513,38,10,29591.81,3,1,1,195112.41,Allemagne,Femme,0
8293,619,53,9,84628.42,3,1,1,154827.04,France,Homme,0
8294,683,70,11,63955.76,2,0,1,43671.04,Allemagne,Femme,1
8295,384,40,2,44204.34,4,1,1,109204.67,Allemagne,Femme,0
8296,635,55,5,136181.22,3,1,1,159991.33,Allemagne,Femme,1
8297,697,29,13,138316.1,4,1,1,112045.33,Espagne,Femme,0
8298,622,42,10,56811.21,4,1,1,80989.64,Allemagne,Homme,0
8299,800,71,12,177974.31,3,0,0,84681.24,Espagne,Homme,1
8300,557,74,12,183228.57,1,1,1,82895.73,Espagne,Femme,1
8301,587,37,10,5245.0,2,1,1,18691.58,Allemagne,Homme,1
8302,763,66,7,98939.43,3,1,1,150160.29,France,Homme,0
8303,849,66,12,222535.16,4,1,1,128013.5,France,Femme,0
8304,442,59,9,130079.65,2,1,1,64705.34,Espagne,Homme,0
8305,522,24,1,86906.95,3,1,0,131554.32,France,Femme,0
8306,428,46,7,63419.04,2,1,1,72114.94,France,Femme,1
8307,459,65,13,60838.63,2,0,1,60025.55,Espagne,Femme,1
8308,566,46,12,24942.01,4,0,1,152113.28,Allemagne,Femme,0
8309,784,30,0,204306.6,1,0,1,164685.28,France,Homme,1
8310,707,20,10,21664.35,1,1,1,130756.1,Espagne,Femme,0
8311,455,19,1,73073.69,2,1,1,160067.13,Allemagne,Homme,1
8312,396,33,7,11418.93,4,0,0,82654.52,Allemagne,Femme,0
8313,530,47,6,195346.64,4,1,1,28283.7,France,Femme,1
8314,413,55,4,9820.92,3,1,1,126903.84,Allemagne,Homme,1
8315,595,23,14,77075.28,2,1,1,62355.61,Allemagne,Femme,0
8316,593,62,12,143324.34,3,1,0,158833.68,Allemagne,Femme,0
8317,771,24,9,102390.34,4,0,1,81249.9,France,Femme,1
8318,669,22,1,70567.77,2,0,1,139074.51,Allemagne,Homme,0
8319,436,73,8,68797.27,1,1,1,117280.23,Allemagne,Femme,0
8320,566,24,4,199447.58,1,1,1,166234.69,Espagne,Femme,0
8321,839,51,7,243494.52,3,1,1,168976.5,Allemagne,Homme,0
8322,356,49,12,87010.27,2,0,0,27635.08,France,Femme,1
8323,627,66,3,9786.38,4,1,1,69596.4,France,Homme,1
8324,686,30,13,9141.44,3,1,1,176112.64,Allemagne,Femme,0
8325,559,47,8,189803.35,1,0,1,89738.08,Allemagne,Homme,0
8326,846,42,9,138092.46,4,0,1,110250.83,France,Homme,1
8327,518,38,6,195898.16,2,1,1,48918.6,France,Homme,1
8328,679,77,1,174374.25,1,0,1,117246.96,France,Homme,0
8329,487,76,2,226876.59,4,0,1,63953.76,France,Femme,1
8330,790,38,13,221456.07,1,0,1,168408.21,France,Femme,1
8331,740,45,1,197081.85,2,1,1,52045.27,Espagne,Femme,0
8332,845,65,4,118797.29,3,1,1,81573.21,Allemagne,Homme,0
8333,730,75,1,77031.6,4,0,1,32588.69,Espagne,Homme,0
8334,655,37,4,126756.7,4,1,1,123776.69,Espagne,Femme,0
8335,579,51,12,125517.9,2,1,1,189264.83,Allemagne,Homme,0
8336,824,22,8,152568.89,1,1,0,47033.84,Allemagne,Homme,0
8337,657,35,1,46524.39,1,1,1,18651.38,Espagne,Femme,0
8338,510,77,8,163904.97,1,1,1,93155.68,France,Femme,0
8339,350,56,6,114150.23,4,1,1,153456.8,France,Femme,0
8340,585,60,6,155051.21,4,1,1,195393.62,France,Femme,0
8341,786,74,13,59901.21,1,1,1,24486.63,France,Homme,0
8342,537,74,4,108598.72,4,0,1,160402.95,France,Homme,1
8343,767,28,7,52550.3,3,1,1,83204.7,France,Femme,0
8344,353,71,6,218826.29,2,1,1,43440.33,France,Femme,0
8345,750,34,5,121990.26,2,1,0,50576.45,Allemagne,Homme,1
8346,481,65,1,56245.35,4,1,1,185918.5,Allemagne,Homme,0
8347,776,62,5,10302.17,3,0,1,164731.14,Allemagne,Homme,0
8348,567,39,13,168934.67,3,0,0,72669.88,France,Femme,1
8349,609,54,1,53661.18,1,1,1,188935.2,France,Homme,0
8350,350,37,0,247395.55,2,1,1,34471.86,France,Homme,1
8351,420,65,8,133425.09,2,1,1,74669.24,Allemagne,Femme,1
8352,827,77,12,72244.25,2,1,1,135790.42,Espagne,Homme,0
8353,527,71,4,164419.36,4,1,1,199892.53,France,Homme,0
8354,806,71,9,68804.98,3,1,0,101143.72,France,Homme,1
8355,538,65,9,205068.57,1,0,1,164982.25,France,Femme,1
8356,640,65,3,77059.01,4,1,1,184435.19,France,Femme,0
8357,357,63,11,247061.93,1,1,1,16781.26,France,Homme,0
8358,602,23,10,151286.2,4,1,0,68454.03,France,Femme,0
8359,757,51,7,211102.79,2,1,1,33566.55,France,Homme,0
8360,816,31,14,18203.87,1,1,1,158571.15,Espagne,Femme,0
8361,641,65,4,87074.85,3,1,1,119904.33,Espagne,Homme,1
8362,783,40,13,184371.77,3,0,0,32678.59,Allemagne,Homme,1
8363,593,79,6,163764.75,4,0,1,92834.01,Espagne,Femme,1
8364,472,37,2,48560.78,2,1,1,110084.33,France,Homme,1
8365,648,30,14,89050.73,4,1,1,144084.02,France,Femme,0
8366,632,64,7,65860.85,1,0,1,159204.58,France,Homme,1
8367,381,61,7,153342.54,3,1,0,31256.36,Allemagne,Homme,1
8368,683,58,2,86142.06,3,1,1,105214.44,Espagne,Femme,1
8369,726,49,8,77263.56,3,1,0,44807.84,France,Homme,0
8370,495,43,13,51844.5,3,0,0,154352.28,France,Femme,0
8371,505,67,7,102256.78,1,1,0,136668.73,Espagne,Homme,1
8372,762,70,0,48875.65,3,1,0,148755.18,France,Femme,0
8373,365,31,7,240642.4,4,1,1,28873.94,Allemagne,Homme,1
8374,704,69,11,38625.45,3,1,1,109410.05,Allemagne,Homme,0
8375,396,74,10,228326.18,1,0,1,170507.42,France,Homme,0
8376,600,53,14,107118.27,2,1,1,146968.16,Allemagne,Homme,1
8377,536,25,3,94466.5,2,1,1,174423.38,France,Femme,0
8378,380,57,5,57829.95,3,1,0,53129.34,France,Femme,1
8379,609,39,13,158939.08,2,1,1,68076.62,Espagne,Homme,0
8380,770,39,12,171382.0,1,0,1,96636.63,France,Homme,1
8381,366,33,9,116892.74,3,0,1,111802.57,France,Homme,0
8382,388,44,8,13926.72,1,1,1,61650.13,France,Homme,1
8383,653,73,4,229627.54,2,0,1,85528.91,France,Homme,1
8384,779,77,6,245082.28,2,0,1,142102.9,France,Homme,1
8385,823,78,12,107760.85,3,1,0,134395.55,France,Femme,1
8386,781,77,14,153415.2,2,0,1,35437.52,Allemagne,Femme,0
8387,388,27,0,112574.66,3,1,0,197354.99,France,Femme,1
8388,838,42,8,80469.91,3,1,1,119107.87,Espagne,Femme,0
8389,481,48,13,19329.7,4,1,1,104459.04,France,Homme,0
8390,379,38,5,114016.93,4,1,1,193940.73,Allemagne,Homme,1
8391,507,44,10,204596.14,4,1,1,40960.95,France,Homme,0
8392,627,34,3,4257.87,1,0,1,115579.57,France,Femme,1
8393,552,50,5,145526.92,2,0,0,163939.35,France,Femme,0
8394,415,48,4,220193.03,2,0,0,88797.18,Espagne,Femme,0
8395,457,67,2,54387.36,4,1,1,151216.37,France,Femme,0
8396,617,59,6,45813.97,3,1,1,181345.14,France,Femme,0
8397,571,43,2,193069.16,3,1,1,63405.82,France,Femme,0
8398,641,38,12,63771.61,3,1,1,59670.11,Allemagne,Homme,0
8399,367,53,13,47996.07,3,1,1,81726.82,Espagne,Femme,0
8400,439,18,14,94497.31,1,1,1,92411.68,France,Homme,1
8401,530,21,12,98125.5,2,1,1,35543.21,Allemagne,Homme,0
8402,604,21,1,218525.27,4,1,1,57788.47,France,Femme,0
8403,804,43,13,154610.87,1,1,1,176547.18,Espagne,Homme,0
8404,602,21,3,101490.36,2,0,0,119819.35,Allemagne,Femme,1
8405,606,66,6,133596.99,1,1,0,64546.75,France,Homme,0
8406,732,26,4,238491.31,3,1,1,189565.03,France,Femme,0
8407,791,47,13,28303.67,1,0,1,158247.55,France,Homme,1
8408,695,68,8,51928.88,1,1,1,82049.61,Allemagne,Homme,1
8409,436,62,9,240632.18,3,0,1,156606.93,France,Homme,1
8410,439,21,14,239331.21,3,0,1,125269.67,Allemagne,Homme,1
8411,586,22,6,44291.36,4,1,1,141506.4,Allemagne,Femme,0
8412,739,78,11,36277.2,4,1,1,74468.12,France,Femme,1
8413,419,62,13,105271.28,2,1,1,53756.66,Allemagne,Homme,0
8414,393,40,8,12429.57,4,1,1,61912.42,Espagne,Homme,1
8415,549,33,13,163725.88,4,1,1,30490.88,France,Femme,1
8416,501,39,8,19374.01,2,1,0,102141.96,Allemagne,Femme,1
8417,435,54,11,14507.41,1,0,0,90153.16,France,Femme,1
8418,368,25,1,121296.73,1,1,1,15469.84,France,Homme,0
8419,450,65,14,239446.66,1,1,0,173427.83,Espagne,Femme,1
8420,751,79,0,106698.98,3,1,1,141145.81,Allemagne,Homme,0
8421,444,50,10,89120.29,2,1,1,97647.11,Allemagne,Femme,1
8422,603,72,3,249489.18,1,1,1,193898.93,France,Homme,0
8423,706,77,3,132992.24,4,1,1,189000.2,France,Femme,1
8424,379,55,12,93810.35,4,1,1,32592.93,France,Femme,1
8425,598,60,1,96465.2,4,1,1,128800.76,Allemagne,Femme,0
8426,775,33,2,48739.87,2,1,1,166149.16,Allemagne,Homme,0
8427,382,22,2,128055.76,2,0,1,46996.09,France,Femme,1
8428,807,33,4,109713.76,4,1,0,38672.98,France,Femme,0
8429,578,24,0,67698.82,3,1,1,63058.89,Allemagne,Femme,0
8430,361,68,8,40135.02,3,1,1,66739.16,Espagne,Femme,1
8431,467,18,7,77809.72,1,1,1,193522.15,Allemagne,Femme,0
8432,699,26,7,127170.83,1,1,0,159388.31,Allemagne,Homme,0
8433,504,35,2,14583.32,1,1,1,26051.51,Allemagne,Homme,1
8434,772,62,1,38436.01,1,0,1,160499.06,France,Homme,1
8435,742,75,0,236914.32,1,1,1,46383.31,France,Femme,0
8436,595,64,11,135713.84,2,1,1,81089.76,Allemagne,Homme,1
8437,754,20,5,15862.33,2,1,1,73926.13,Allemagne,Homme,1
8438,681,41,12,173271.94,3,0,1,65390.59,Allemagne,Femme,1
8439,596,45,9,15450.72,3,1,1,72120.24,France,Femme,0
8440,378,27,0,184718.56,2,0,1,154527.28,France,Femme,0
8441,510,26,13,187490.68,3,1,1,64312.47,Allemagne,Homme,1
8442,584,30,10,162769.74,4,0,1,163133.96,Allemagne,Femme,0
8443,539,65,4,183051.14,3,1,1,31838.14,France,Femme,1
8444,466,52,8,21991.45,4,1,1,125106.43,Allemagne,Homme,0
8445,620,71,10,181695.14,4,1,0,174655.16,Allemagne,Femme,0
8446,607,40,8,34172.08,1,1,1,29669.98,France,Homme,0
8447,529,64,12,84876.48,3,1,1,132454.23,France,Homme,0
8448,836,34,11,235686.31,4,0,1,109649.1,Espagne,Homme,0
8449,722,63,14,125718.87,3,0,1,76409.11,Allemagne,Femme,0
8450,521,24,3,241856.61,3,1,0,33624.79,France,Femme,1
8451,787,69,6,22230.61,2,0,1,140149.78,Espagne,Femme,1
8452,623,33,13,119389.15,2,0,0,72234.92,France,Femme,0
8453,608,70,10,15600.58,1,1,1,77700.02,France,Femme,1
8454,484,57,6,157552.57,3,1,1,147754.66,France,Homme,0
8455,520,53,3,19676.75,2,0,1,189890.41,Espagne,Homme,0
8456,559,37,4,43841.95,4,1,0,76722.93,Allemagne,Homme,0
8457,585,41,10,64707.58,4,1,1,153145.62,Allemagne,Homme,0
8458,771,64,8,187185.96,1,0,1,191972.67,France,Femme,1
8459,770,22,6,40990.53,4,1,1,33097.99,Allemagne,Femme,0
8460,535,62,6,211658.01,3,0,1,112902.36,France,Femme,1
8461,766,23,9,32975.98,4,0,1,17065.4,Espagne,Femme,0
8462,713,45,6,8811.11,1,0,1,167657.94,France,Femme,1
8463,792,76,14,98761.35,1,0,1,68074.78,France,Homme,1
8464,444,79,8,244860.41,4,1,0,76561.99,Espagne,Femme,0
8465,727,22,4,27585.56,3,0,1,142148.08,Allemagne,Femme,1
8466,360,66,5,25429.61,2,1,1,160998.27,France,Femme,0
8467,417,56,2,187791.63,3,1,1,88998.2,France,Homme,0
8468,728,55,0,78040.42,3,1,1,138121.21,Espagne,Femme,0
8469,559,19,10,179320.4,3,1,1,191925.57,France,Homme,1
8470,545,60,11,50002.65,4,1,0,179076.92,France,Femme,0
8471,718,56,1,115018.0,2,0,1,144739.41,France,Homme,0
8472,447,71,7,66322.47,3,1,1,189466.82,Allemagne,Homme,1
8473,442,38,12,112882.05,2,1,1,177048.54,Espagne,Homme,1
8474,821,57,0,192274.27,1,1,1,149866.68,Espagne,Homme,0
8475,371,54,9,190502.49,2,1,1,184690.84,Espagne,Homme,0
8476,799,76,6,128943.07,4,1,1,166217.24,France,Femme,1
8477,521,35,4,232092.96,1,0,1,107917.01,Allemagne,Homme,0
8478,732,71,12,65946.03,1,1,0,107922.15,Allemagne,Femme,1
8479,483,65,5,60077.84,3,0,0,16626.3,Allemagne,Femme,0
8480,775,63,7,153451.6,2,1,1,20596.2,Espagne,Homme,0
8481,374,29,3,155324.26,1,1,1,153052.11,Espagne,Homme,0
8482,534,34,5,11635.01,1,1,1,117632.25,France,Homme,0
8483,434,54,13,151944.43,2,0,1,155777.25,Espagne,Homme,0
8484,404,63,10,93609.04,2,1,1,190687.62,Espagne,Homme,0
8485,600,55,2,186860.63,1,1,1,98718.17,Allemagne,Homme,0
8486,493,32,6,202026.42,1,1,1,31362.44,Espagne,Homme,0
8487,700,24,1,138038.45,2,0,1,130913.5,Allemagne,Homme,0
8488,747,31,11,426.26,4,1,1,33450.76,Allemagne,Femme,1
8489,516,67,7,159091.45,2,1,1,129941.05,Allemagne,Homme,0
8490,761,18,12,187220.32,4,1,1,112631.69,Allemagne,Femme,0
8491,573,55,6,62245.82,1,1,1,146760.16,France,Femme,0
8492,569,20,11,116161.5,3,1,1,79927.52,Espagne,Femme,0
8493,528,54,11,241431.66,2,0,1,41614.43,Espagne,Femme,0
8494,468,61,7,74528.89,1,1,1,58698.94,Espagne,Femme,1
8495,782,48,1,55788.31,1,1,1,141472.35,France,Homme,1
8496,614,60,2,52713.7,3,0,1,103460.63,France,Homme,1
8497,791,30,11,139700.21,2,0,0,115051.23,Allemagne,Femme,1
8498,778,65,3,237446.78,1,1,1,74754.71,Espagne,Femme,1
8499,499,35,11,152172.53,4,0,0,169789.9,Allemagne,Femme,1
8500,765,34,8,75830.78,3,1,1,199899.19,France,Femme,1
8501,802,34,11,159642.44,4,0,1,72758.13,Allemagne,Femme,0
8502,564,78,11,156210.57,2,0,0,147950.55,France,Femme,0
8503,546,28,4,149231.28,4,1,1,46653.55,Allemagne,Femme,0
8504,391,37,5,39856.55,3,1,0,152349.91,France,Femme,1
8505,402,27,0,158641.7,1,0,0,94707.5,France,Femme,1
8506,829,46,3,107541.11,3,0,0,126981.55,Allemagne,Femme,1
8507,792,65,13,4648.01,1,1,1,58948.72,France,Femme,0
8508,679,51,3,134941.12,1,1,0,172556.5,France,Femme,1
8509,600,34,9,247316.69,4,1,0,47067.03,France,Homme,0
8510,644,71,7,87434.9,3,0,1,186792.01,France,Homme,0
8511,727,79,7,241389.8,3,1,0,26330.95,France,Homme,1
8512,620,69,9,24051.44,1,1,1,68276.59,France,Femme,0
8513,804,59,5,183112.53,3,1,1,119144.92,France,Homme,0
8514,762,30,7,28582.5,2,0,1,173816.69,France,Homme,0
8515,472,61,8,68392.89,2,0,1,121749.6,France,Homme,1
8516,716,64,4,142710.21,4,1,0,54981.03,France,Homme,0
8517,736,56,0,148194.92,4,0,1,173921.18,Allemagne,Femme,1
8518,688,44,0,193802.83,3,0,1,125289.99,France,Homme,0
8519,615,71,1,153827.85,4,1,1,57984.19,Espagne,Femme,0
8520,697,70,1,148403.68,3,1,1,118941.06,Espagne,Homme,0
8521,378,43,4,228088.27,4,1,0,139930.36,Espagne,Homme,0
8522,812,45,6,113040.19,2,1,1,140897.58,France,Homme,0
8523,384,30,6,56316.44,1,1,1,148940.85,France,Homme,0
8524,355,29,14,40447.15,1,1,1,180711.54,France,Femme,0
8525,745,61,3,99998.65,2,1,1,167592.08,Allemagne,Homme,0
8526,460,45,12,178188.19,1,1,1,127423.95,Allemagne,Homme,0
8527,643,19,3,10635.87,3,1,1,20950.6,Allemagne,Homme,1
8528,426,54,13,32263.35,3,0,1,153661.64,Allemagne,Femme,0
8529,698,74,13,26528.37,2,1,1,195367.49,Espagne,Femme,0
8530,496,74,10,146312.54,2,0,1,71529.82,Espagne,Homme,1
8531,416,51,14,60716.16,2,1,0,127276.24,Espagne,Homme,1
8532,741,40,9,41564.86,2,1,1,157203.32,France,Homme,0
8533,357,75,2,148192.68,1,1,1,133231.46,Espagne,Femme,0
8534,471,79,10,190327.48,1,1,1,185671.55,Allemagne,Homme,1
8535,689,69,1,83038.73,1,1,1,102567.89,Allemagne,Femme,1
8536,524,62,2,144551.15,3,0,1,113391.65,France,Femme,1
8537,737,46,7,24531.1,4,1,1,22075.03,France,Homme,0
8538,528,52,14,233797.76,3,1,1,181540.94,Allemagne,Homme,0
8539,434,28,0,84224.05,4,0,0,63522.32,France,Femme,1
8540,800,65,3,249376.42,2,0,0,196007.9,France,Femme,1
8541,394,50,6,244646.94,2,1,1,52389.68,Allemagne,Femme,0
8542,485,68,4,194705.86,1,1,1,61889.3,France,Homme,1
8543,692,28,1,5016.77,1,0,1,104655.74,France,Femme,1
8544,365,26,0,135868.73,4,0,1,137192.51,Allemagne,Homme,1
8545,682,31,5,21709.11,4,1,1,96522.95,France,Homme,0
8546,544,26,12,223784.51,1,0,1,80086.06,France,Femme,0
8547,845,56,12,197409.06,2,1,0,114916.09,France,Femme,0
8548,358,65,4,243085.09,1,1,1,192285.19,Espagne,Femme,0
8549,665,20,2,152095.74,2,0,1,192961.12,France,Femme,0
8550,683,46,10,130543.2,2,1,1,75688.29,Allemagne,Homme,0
8551,682,36,10,129743.46,3,1,1,140829.35,France,Homme,1
8552,676,53,14,96612.09,3,1,1,148553.77,France,Femme,0
8553,364,49,10,117172.52,4,1,1,135882.17,France,Homme,0
8554,676,24,8,158853.15,2,1,1,35906.9,Espagne,Homme,0
8555,451,72,2,233236.9,1,1,1,114803.0,France,Homme,0
8556,575,45,1,148971.08,2,1,1,156201.55,Allemagne,Femme,1
8557,774,61,4,214278.99,4,1,1,52149.77,Allemagne,Homme,0
8558,627,79,8,215694.98,2,0,1,79418.63,Allemagne,Femme,0
8559,757,35,7,129708.17,2,1,0,52703.08,Allemagne,Homme,0
8560,462,77,5,86867.41,4,1,1,179081.78,France,Femme,0
8561,834,22,2,159893.47,2,0,1,173828.35,Allemagne,Homme,1
8562,777,40,5,111469.34,3,1,0,46302.58,Espagne,Femme,0
8563,350,72,4,20360.22,4,1,1,155701.79,Espagne,Homme,0
8564,615,39,0,94452.28,3,0,1,82335.57,France,Homme,1
8565,840,43,4,248518.03,4,0,1,141941.63,France,Homme,0
8566,557,59,13,12127.97,2,0,1,106273.11,France,Femme,0
8567,459,29,6,174166.73,3,1,1,102316.1,Allemagne,Femme,1
8568,549,57,8,210297.18,3,1,1,178037.69,France,Homme,1
8569,789,36,11,162181.48,1,1,1,132838.39,France,Femme,0
8570,718,64,14,142437.06,3,1,1,58617.07,France,Femme,1
8571,822,18,0,176888.6,3,1,1,35490.41,France,Homme,0
8572,655,20,2,107335.68,2,1,1,187680.27,France,Femme,1
8573,361,44,7,22840.43,3,1,1,43376.4,France,Homme,0
8574,694,35,5,240592.94,3,1,1,150804.15,Espagne,Homme,0
8575,814,67,12,108075.19,3,0,1,106732.16,Espagne,Homme,0
8576,537,47,4,166347.31,2,0,1,40912.1,Allemagne,Femme,1
8577,503,79,12,132827.61,4,0,0,158681.29,France,Homme,1
8578,843,19,9,13668.27,2,0,1,182329.64,Allemagne,Homme,1
8579,717,22,1,238186.65,3,1,1,37478.72,Allemagne,Femme,1
8580,683,46,2,198134.31,4,1,1,27411.43,France,Femme,0
8581,774,50,11,37274.47,2,1,0,172222.24,Espagne,Femme,1
8582,769,59,1,245412.22,2,0,1,107676.39,Allemagne,Femme,1
8583,726,37,0,184225.34,4,1,1,139789.02,Espagne,Homme,0
8584,628,47,6,118080.41,1,1,1,96673.86,France,Femme,0
8585,520,59,13,152842.51,3,1,1,91299.23,Allemagne,Femme,1
8586,483,22,2,26684.17,1,0,1,70436.94,France,Femme,1
8587,844,67,6,140102.88,3,1,0,119141.71,France,Femme,1
8588,802,38,11,18415.27,3,0,0,44564.46,Espagne,Femme,1
8589,776,75,6,136213.81,1,1,0,147687.69,France,Femme,1
8590,374,32,7,138173.92,1,1,1,116644.5,France,Homme,0
8591,367,37,0,218609.7,3,1,1,171791.36,France,Homme,1
8592,539,25,4,181264.38,4,1,1,185387.61,France,Homme,0
8593,490,66,9,62388.1,4,0,1,181608.55,Allemagne,Femme,0
8594,392,48,8,222106.54,1,0,1,126227.72,Allemagne,Femme,1
8595,683,29,11,143310.67,1,1,1,73965.85,Espagne,Homme,1
8596,633,38,10,151594.87,2,1,1,81076.38,Espagne,Homme,0
8597,495,47,6,42245.34,4,0,1,135719.17,France,Femme,1
8598,664,79,0,214443.4,4,1,1,146713.91,France,Homme,0
8599,793,44,7,232741.28,3,0,1,44837.82,France,Homme,0
8600,668,61,2,193747.66,2,0,1,199620.63,France,Homme,1
8601,790,43,12,235188.11,3,0,0,34888.07,Allemagne,Femme,0
8602,441,50,3,75574.98,2,1,1,127312.06,Allemagne,Homme,1
8603,528,43,3,215279.79,4,1,0,113239.38,France,Homme,1
8604,405,43,14,122223.29,3,1,1,124332.81,Espagne,Femme,0
8605,504,53,9,40979.3,2,0,1,113746.5,Allemagne,Homme,0
8606,509,57,13,167200.15,3,0,1,25713.37,France,Homme,0
8607,460,18,11,171030.07,2,1,1,199246.2,France,Femme,1
8608,486,76,7,71731.13,1,0,1,196536.25,Espagne,Femme,0
8609,581,32,0,6873.33,3,0,1,112005.11,France,Homme,0
8610,829,67,7,49961.81,1,1,1,53544.55,Espagne,Homme,0
8611,817,18,8,99944.39,2,1,1,48844.29,Allemagne,Homme,0
8612,569,28,8,41890.73,3,1,1,25553.98,France,Homme,0
8613,830,72,4,48507.49,2,0,1,128193.91,Allemagne,Homme,0
8614,417,19,3,97847.67,2,1,1,103473.76,France,Homme,0
8615,651,18,3,240446.65,1,1,0,92017.68,Espagne,Homme,1
8616,598,48,8,191060.88,3,1,1,112164.47,Allemagne,Femme,0
8617,831,61,14,79937.1,4,0,1,176477.79,Espagne,Homme,0
8618,845,33,7,237901.02,2,1,1,28082.95,Allemagne,Femme,0
8619,672,71,9,161411.7,1,1,1,115656.51,France,Homme,0
8620,759,39,14,113862.41,4,0,1,144688.13,France,Femme,0
8621,741,59,9,117075.05,1,1,1,194577.43,Allemagne,Homme,0
8622,355,35,11,102686.12,1,1,1,151843.05,Espagne,Homme,1
8623,813,64,6,58248.01,1,1,1,116401.19,France,Femme,1
8624,629,34,11,96658.05,2,0,1,156852.21,Allemagne,Femme,1
8625,781,47,2,131974.1,4,0,1,199455.77,France,Femme,0
8626,836,27,3,132006.84,2,1,1,179415.86,France,Femme,0
8627,443,52,14,190434.23,2,1,1,31482.81,Allemagne,Femme,0
8628,778,75,8,89699.46,3,1,1,121343.17,Allemagne,Homme,0
8629,618,79,13,179199.51,4,1,1,160497.72,France,Homme,1
8630,546,38,12,144522.96,3,1,0,139296.96,France,Femme,0
8631,374,33,7,240461.35,1,1,1,92139.05,France,Homme,1
8632,497,23,11,96321.23,4,0,1,74652.21,Allemagne,Homme,1
8633,467,20,11,225304.12,4,1,1,130995.91,France,Homme,1
8634,687,58,0,205160.64,2,1,1,91288.21,Allemagne,Femme,0
8635,716,60,2,159416.07,1,0,1,87519.54,France,Femme,0
8636,687,38,13,163628.62,2,0,1,169797.24,Allemagne,Femme,0
8637,415,30,11,21162.48,3,0,1,73396.25,France,Homme,1
8638,807,35,9,237556.15,1,1,1,134310.93,Espagne,Homme,1
8639,650,75,1,26734.02,2,1,1,176585.19,France,Homme,1
8640,719,71,1,140808.33,2,1,1,130027.8,Allemagne,Femme,0
8641,524,77,12,82517.7,2,1,1,106165.66,Espagne,Homme,1
8642,668,41,12,107462.99,1,1,0,21531.0,France,Femme,0
8643,425,44,7,152545.75,3,1,0,141090.92,Allemagne,Femme,1
8644,844,71,5,227212.84,4,1,1,199542.32,Espagne,Femme,1
8645,810,21,11,114391.78,2,0,1,164559.65,Allemagne,Femme,1
8646,463,39,11,246932.39,1,1,1,132376.24,France,Homme,1
8647,460,41,11,148203.02,4,1,1,101791.73,France,Homme,0
8648,598,57,12,40138.49,2,0,1,56499.98,France,Femme,1
8649,788,62,5,47502.32,1,0,1,143040.2,Allemagne,Homme,0
8650,552,27,3,179027.76,3,1,1,47800.85,France,Homme,1
8651,496,19,0,12599.45,2,0,1,179103.96,France,Homme,0
8652,384,57,10,120085.39,1,1,1,80487.89,Allemagne,Homme,1
8653,836,23,6,37054.78,2,1,1,88962.34,Allemagne,Homme,1
8654,658,65,7,108304.66,1,0,1,54967.7,Allemagne,Femme,1
8655,375,35,1,187479.36,3,1,1,104107.54,Espagne,Femme,0
8656,587,34,1,114703.23,3,1,1,140884.08,France,Homme,0
8657,363,55,0,40862.78,1,0,0,71014.15,Allemagne,Homme,1
8658,723,62,3,62981.34,4,1,1,144839.95,France,Femme,0
8659,394,40,5,91884.9,3,1,1,129807.71,France,Femme,0
8660,777,63,13,17390.3,2,0,1,83891.83,Espagne,Femme,0
8661,565,47,4,146084.41,3,0,0,72868.78,Allemagne,Homme,1
8662,582,75,3,151883.45,2,1,0,174345.93,Espagne,Femme,0
8663,542,38,13,15537.98,3,1,1,17207.98,Allemagne,Homme,1
8664,400,79,3,100577.83,3,1,1,147442.56,France,Homme,1
8665,776,27,9,103500.17,2,0,1,92191.97,Allemagne,Homme,1
8666,724,73,14,83454.89,3,1,1,147772.98,France,Homme,1
8667,563,60,6,139434.94,2,0,1,108889.91,France,Femme,0
8668,500,30,6,86489.37,2,1,1,30514.22,France,Femme,0
8669,789,29,1,104102.32,3,1,1,196679.68,Espagne,Homme,1
8670,624,26,12,199380.89,3,1,1,30918.43,France,Femme,1
8671,687,21,6,40527.34,2,0,1,44310.45,Allemagne,Homme,1
8672,425,56,1,154778.67,1,1,1,92762.03,France,Femme,1
8673,788,41,3,126398.6,3,0,0,189755.33,Espagne,Femme,0
8674,569,78,14,76267.91,4,0,1,69218.36,Espagne,Homme,0
8675,697,71,0,181883.66,3,1,1,120202.5,France,Femme,0
8676,793,51,4,137797.09,1,1,1,111465.74,Allemagne,Homme,1
8677,536,56,0,119340.38,1,1,0,76077.29,Allemagne,Homme,1
8678,638,78,3,166917.33,3,1,1,143821.5,Allemagne,Homme,0
8679,752,58,12,200572.58,3,1,1,107770.53,Espagne,Homme,0
8680,377,22,8,243167.2,4,1,1,121983.03,Espagne,Femme,0
8681,728,32,12,157337.59,3,1,1,53878.75,France,Homme,0
8682,529,67,11,218610.0,1,1,1,186411.58,France,Femme,0
8683,602,21,7,272.89,4,1,1,35455.64,France,Homme,0
8684,475,68,5,132558.92,3,1,1,142699.81,Allemagne,Femme,1
8685,526,69,14,53661.89,4,1,1,178890.78,Allemagne,Homme,0
8686,386,75,7,23548.11,4,1,1,30543.82,France,Homme,1
8687,759,56,4,132992.75,1,0,1,20319.12,France,Femme,1
8688,448,75,6,186706.63,1,0,1,76633.44,Allemagne,Homme,0
8689,447,25,7,103068.13,2,1,0,161140.37,France,Homme,0
8690,476,66,6,167526.86,1,1,1,147712.81,France,Femme,1
8691,832,62,13,122429.81,2,1,1,167099.06,France,Homme,0
8692,517,41,3,109271.47,1,0,1,88537.23,Espagne,Homme,0
8693,429,70,4,72564.16,1,1,0,198845.42,France,Femme,1
8694,643,45,12,95648.38,2,0,1,82729.63,Allemagne,Homme,1
8695,682,72,13,87448.91,2,1,1,163995.89,Espagne,Homme,0
8696,475,60,9,161546.8,2,0,1,79899.19,France,Homme,1
8697,692,44,5,29004.63,4,1,1,55412.1,Allemagne,Homme,0
8698,659,18,13,23159.09,2,1,1,77283.78,Espagne,Femme,0
8699,499,51,13,165003.25,4,1,1,50645.39,France,Homme,0
8700,365,34,11,136574.52,4,1,0,38885.46,Espagne,Homme,0
8701,377,54,10,107550.02,2,1,1,82333.32,France,Homme,0
8702,845,79,5,38110.72,2,1,1,42156.92,France,Femme,1
8703,768,79,12,102756.78,2,1,1,107930.82,Espagne,Homme,1
8704,793,55,8,197432.94,1,1,1,21551.26,France,Homme,0
8705,522,43,9,222405.31,1,1,1,94795.64,Allemagne,Homme,0
8706,395,74,13,175644.14,2,1,1,192231.02,France,Homme,1
8707,677,41,13,14978.04,3,0,1,81386.31,Allemagne,Homme,0
8708,585,56,1,167602.44,2,1,0,40463.65,France,Femme,1
8709,788,77,5,60246.4,3,1,0,71461.4,France,Homme,1
8710,563,38,12,78812.81,1,1,1,161386.41,Allemagne,Femme,1
8711,434,47,2,48968.3,1,1,1,73026.93,France,Homme,1
8712,631,64,13,193938.95,3,0,1,85946.75,Allemagne,Homme,0
8713,581,68,1,162150.53,1,1,0,160925.51,Espagne,Femme,0
8714,434,65,5,152958.76,2,1,1,63203.69,France,Homme,0
8715,758,74,3,166993.15,3,1,0,103483.78,Espagne,Homme,1
8716,838,30,4,59193.07,3,1,1,26686.15,France,Homme,0
8717,414,54,4,111161.1,4,0,1,47203.06,Espagne,Homme,0
8718,483,20,2,158313.43,1,1,1,53747.75,Espagne,Femme,1
8719,500,49,11,159148.51,3,1,1,100762.6,Allemagne,Homme,0
8720,464,52,3,197962.97,3,0,1,166881.37,France,Femme,0
8721,413,36,2,71775.99,3,1,0,80584.38,Allemagne,Homme,0
8722,692,31,6,192584.03,1,1,1,85390.24,Espagne,Homme,0
8723,776,65,14,110046.12,3,1,1,70685.97,France,Homme,0
8724,712,39,0,167543.17,3,0,1,74290.85,France,Femme,0
8725,756,34,14,113929.85,2,1,1,89648.31,France,Femme,0
8726,701,76,5,237152.54,2,0,1,181389.61,Espagne,Homme,0
8727,507,21,3,44825.57,4,1,1,19509.58,France,Homme,1
8728,426,62,0,168751.27,3,1,1,130548.29,Allemagne,Femme,1
8729,840,57,0,144133.75,1,1,1,179221.34,France,Homme,0
8730,495,36,4,43182.76,4,1,0,92137.62,Espagne,Homme,1
8731,692,54,13,16501.58,4,1,1,135419.02,France,Femme,1
8732,812,19,4,199786.1,4,1,0,123357.2,Espagne,Femme,0
8733,574,32,9,39362.83,3,1,1,77646.83,France,Homme,1
8734,754,19,6,46626.67,4,1,1,40422.3,France,Homme,0
8735,662,28,12,244608.56,1,1,0,55629.19,France,Femme,1
8736,452,62,11,179315.21,2,1,0,25627.35,France,Homme,1
8737,756,40,3,62621.71,2,1,1,156474.58,Allemagne,Homme,1
8738,696,27,13,147737.24,3,1,1,113569.32,Espagne,Homme,0
8739,650,20,8,133527.96,1,1,0,160342.21,Allemagne,Femme,1
8740,777,22,3,211118.32,1,1,1,68686.38,Espagne,Homme,0
8741,815,20,6,182330.19,1,1,1,163864.35,France,Homme,0
8742,437,55,4,207930.28,3,1,1,72202.81,Espagne,Homme,1
8743,720,30,14,52876.65,1,0,0,37446.78,France,Femme,0
8744,652,59,4,160054.8,2,1,1,113754.98,Espagne,Femme,0
8745,517,36,5,10060.21,1,1,1,189879.68,France,Femme,1
8746,784,57,7,17235.15,1,1,1,91662.9,Allemagne,Femme,0
8747,519,67,14,178381.76,3,1,1,110346.9,France,Femme,0
8748,484,52,4,6105.03,4,1,1,98488.54,Espagne,Homme,1
8749,399,41,14,144941.25,4,1,1,99625.44,Allemagne,Femme,0
8750,781,41,2,210101.27,3,1,0,54655.73,France,Femme,0
8751,689,34,5,94985.45,3,0,1,93159.24,Espagne,Femme,0
8752,696,57,13,11210.11,3,1,0,106926.68,Espagne,Femme,1
8753,483,27,11,178461.86,3,1,1,152798.82,France,Homme,0
8754,696,19,13,232421.61,1,1,1,40868.89,Espagne,Homme,0
8755,486,61,1,179292.85,1,1,1,120748.57,Allemagne,Femme,1
8756,594,40,11,144611.81,4,1,1,137505.73,Espagne,Homme,0
8757,458,23,11,57507.21,3,1,1,85816.64,France,Homme,0
8758,662,19,7,3843.91,3,1,0,116595.41,France,Femme,1
8759,636,38,7,173668.03,1,1,1,146487.28,Allemagne,Femme,0
8760,370,72,14,57756.54,3,1,1,101043.72,France,Femme,0
8761,439,73,2,214540.67,2,1,1,76669.92,Allemagne,Femme,0
8762,645,52,11,116591.03,1,1,1,167570.1,Allemagne,Homme,0
8763,461,66,7,132658.9,2,1,0,197931.12,Allemagne,Homme,0
8764,650,46,8,188484.14,1,1,1,55077.58,Allemagne,Femme,0
8765,426,24,4,194857.65,1,1,1,179538.03,Allemagne,Femme,1
8766,526,46,4,160662.71,1,0,1,115904.34,France,Homme,1
8767,692,70,5,234607.95,4,1,1,97865.8,France,Femme,0
8768,497,54,6,245574.61,4,1,1,180235.18,Espagne,Homme,1
8769,450,40,2,236721.36,1,1,1,183412.69,Espagne,Homme,1
8770,595,50,4,206044.8,1,0,1,65441.5,France,Femme,0
8771,466,25,0,176406.31,1,1,1,81298.87,Espagne,Femme,1
8772,441,29,10,165831.46,1,0,1,172605.98,France,Homme,0
8773,750,63,9,25937.54,3,1,1,105802.54,France,Femme,0
8774,377,65,4,67871.09,3,1,1,68285.31,France,Femme,1
8775,774,27,3,1422.06,3,0,1,193002.55,Allemagne,Femme,0
8776,799,32,0,34352.47,4,0,0,55152.05,France,Homme,1
8777,374,70,6,109807.37,2,1,1,127912.38,Espagne,Homme,0
8778,407,41,14,36634.14,1,1,0,94164.54,Espagne,Femme,1
8779,847,43,0,225415.85,3,1,1,98490.79,Espagne,Femme,0
8780,646,64,12,201424.8,3,1,1,34607.81,France,Femme,0
8781,483,59,7,17902.98,3,1,1,62570.59,Espagne,Homme,0
8782,680,70,13,62228.43,1,1,1,45894.46,Allemagne,Femme,0
8783,598,77,9,204767.97,1,1,1,153680.6,Allemagne,Homme,1
8784,387,56,11,200761.53,2,1,1,144082.71,Espagne,Homme,0
8785,739,75,1,236362.64,4,0,0,161909.23,Allemagne,Homme,1
8786,778,20,9,249386.94,2,1,1,144363.63,France,Femme,0
8787,424,19,12,244067.52,1,0,0,38811.43,Allemagne,Homme,1
8788,491,23,11,102534.5,2,1,1,196039.52,Allemagne,Homme,0
8789,671,38,4,62582.11,3,1,1,49875.61,Espagne,Homme,0
8790,517,26,12,189602.55,2,0,0,79833.19,Espagne,Homme,1
8791,608,27,5,74818.22,3,1,1,145772.29,Allemagne,Femme,0
8792,722,53,8,201600.09,2,1,1,40983.05,France,Femme,0
8793,704,76,14,133488.68,3,0,1,46543.65,France,Homme,1
8794,574,20,13,198481.82,2,1,1,177166.4,France,Homme,0
8795,501,58,6,68969.97,4,1,1,76422.77,France,Femme,0
8796,368,41,5,127006.83,2,0,0,138133.09,Allemagne,Homme,1
8797,495,39,4,141005.95,1,0,1,173868.47,Espagne,Femme,1
8798,797,66,5,235777.02,1,0,1,195042.13,France,Homme,0
8799,590,31,14,66649.39,3,1,0,53902.85,Espagne,Femme,1
8800,721,59,13,234172.06,1,0,1,37741.7,Allemagne,Homme,0
8801,730,62,10,201214.73,3,0,1,152036.33,France,Homme,1
8802,693,61,3,182723.51,4,1,0,49817.34,Allemagne,Femme,1
8803,586,44,0,196717.57,1,0,1,122335.19,Allemagne,Femme,0
8804,384,50,14,151356.26,1,1,1,113539.36,Allemagne,Homme,1
8805,539,77,11,61020.0,3,0,1,118585.81,France,Homme,1
8806,350,39,8,47373.74,4,0,1,135211.68,France,Femme,0
8807,833,46,10,216585.36,4,1,1,172415.03,France,Homme,0
8808,502,36,4,181284.85,2,0,1,65286.35,Espagne,Femme,0
8809,778,36,7,53301.07,3,0,1,117720.02,France,Homme,0
8810,782,23,6,153773.34,3,1,1,77286.73,Allemagne,Femme,1
8811,475,62,7,111886.62,4,0,1,73965.8,Espagne,Femme,0
8812,840,36,0,39663.79,3,1,1,18777.62,Espagne,Homme,1
8813,831,30,8,132964.28,1,0,1,125889.45,France,Femme,1
8814,694,76,0,70379.77,1,1,1,194913.53,Espagne,Homme,1
8815,749,43,2,24061.03,1,0,1,155832.42,Allemagne,Femme,0
8816,575,39,7,116739.57,3,1,1,59916.82,France,Homme,0
8817,570,38,11,147527.14,2,1,1,147483.09,Allemagne,Homme,1
8818,752,53,10,11726.6,2,1,1,70001.51,Espagne,Femme,0
8819,756,73,0,100523.19,4,1,1,154425.13,France,Femme,0
8820,560,19,13,64415.48,3,1,1,173162.49,Espagne,Homme,1
8821,374,64,0,7662.65,4,1,0,76850.95,France,Homme,1
8822,365,61,5,31415.64,3,1,1,15404.56,Allemagne,Homme,1
8823,531,47,4,34758.54,2,1,1,71428.23,France,Homme,0
8824,848,44,10,45718.56,1,1,1,53083.43,Allemagne,Homme,1
8825,678,24,5,200844.39,3,1,1,129443.7,France,Femme,0
8826,478,37,2,109872.97,2,1,0,68663.48,France,Femme,0
8827,391,67,9,36771.5,2,0,1,21668.57,France,Homme,0
8828,752,48,11,25074.24,2,1,1,113296.9,Espagne,Homme,0
8829,830,40,9,74485.11,1,1,1,176816.85,France,Femme,1
8830,767,30,5,199503.88,2,0,1,98497.72,Allemagne,Homme,0
8831,685,34,1,91114.96,4,1,1,84615.03,Allemagne,Femme,0
8832,585,21,7,39974.34,2,1,1,48025.51,France,Homme,1
8833,709,74,14,101029.05,2,1,0,86665.72,Allemagne,Femme,0
8834,788,31,11,138827.89,3,0,1,76220.01,France,Homme,0
8835,751,37,5,7396.05,3,0,1,199060.75,Allemagne,Homme,0
8836,383,77,12,156910.45,3,0,1,20636.86,Espagne,Femme,1
8837,694,30,12,98775.19,2,0,1,59186.95,France,Femme,0
8838,730,20,3,2431.47,2,1,1,27696.36,Espagne,Homme,1
8839,394,43,3,168472.35,4,1,0,173622.39,Espagne,Homme,1
8840,483,43,13,178096.91,1,1,1,92202.24,France,Homme,1
8841,370,35,10,157209.95,2,0,0,162309.9,Allemagne,Femme,1
8842,471,49,6,85482.55,1,0,1,143048.51,Allemagne,Femme,1
8843,419,31,13,132401.21,2,1,0,186685.84,Allemagne,Homme,1
8844,701,64,2,96789.43,1,1,0,19396.38,Allemagne,Homme,1
8845,710,20,10,175155.43,3,1,1,53358.79,France,Homme,1
8846,397,18,2,145895.05,2,1,1,144876.07,Allemagne,Homme,0
8847,840,43,5,20449.78,4,1,1,123266.4,France,Homme,1
8848,388,41,8,160773.39,1,0,1,143512.15,France,Homme,1
8849,636,66,0,171809.6,3,1,1,121463.75,Espagne,Homme,0
8850,839,52,4,92675.55,4,0,0,122488.92,France,Homme,1
8851,359,31,0,218946.45,3,1,1,187526.19,Allemagne,Femme,0
8852,379,20,0,210753.59,2,1,1,185439.06,France,Femme,1
8853,593,30,2,43791.63,4,1,1,22029.38,France,Femme,1
8854,623,64,2,226066.58,1,0,0,91528.68,Allemagne,Femme,1
8855,793,67,3,110218.09,1,1,1,109455.57,France,Femme,0
8856,437,31,2,180937.41,4,0,1,81212.33,France,Homme,1
8857,593,38,5,203524.25,1,0,1,24168.31,France,Homme,1
8858,730,43,11,126278.11,3,1,1,102375.19,Allemagne,Homme,0
8859,678,20,14,99775.48,4,1,1,195503.83,France,Homme,0
8860,828,68,3,228862.84,1,1,1,28359.09,France,Femme,1
8861,364,57,7,57713.39,3,1,0,166085.51,Allemagne,Homme,0
8862,353,21,0,64242.52,1,0,1,51195.73,France,Femme,1
8863,540,53,7,90405.08,3,0,1,121707.06,France,Femme,0
8864,517,68,10,214866.44,2,0,1,86600.68,Espagne,Femme,0
8865,358,60,0,234697.07,3,1,1,79566.53,France,Femme,1
8866,458,18,10,55016.93,1,1,1,176026.52,France,Homme,1
8867,486,57,0,215967.54,3,1,1,195092.83,Allemagne,Femme,0
8868,503,64,6,64550.74,1,1,1,86533.42,France,Homme,1
8869,737,50,0,242660.31,4,1,1,133482.02,France,Femme,0
8870,558,24,8,149351.97,4,1,1,117936.54,Allemagne,Homme,0
8871,621,70,13,1771.62,2,0,1,29230.5,France,Homme,0
8872,492,69,14,8532.48,3,1,1,22614.76,France,Homme,0
8873,448,69,7,36871.13,2,1,1,158079.91,France,Homme,1
8874,726,73,12,46893.29,4,1,1,87988.84,France,Homme,0
8875,657,28,14,191904.78,3,0,1,71901.22,Espagne,Homme,0
8876,418,44,0,55691.47,3,0,1,197332.81,France,Femme,0
8877,596,78,1,242285.41,2,1,1,30767.55,Allemagne,Homme,0
8878,610,31,1,159028.01,2,0,1,64776.57,France,Homme,0
8879,625,39,1,173129.38,3,1,1,173508.31,Allemagne,Femme,0
8880,428,33,5,54454.13,3,0,1,91774.77,France,Femme,0
8881,495,63,3,223176.58,3,1,1,123085.71,Allemagne,Homme,0
8882,460,29,7,166953.64,2,1,1,23950.7,Espagne,Femme,1
8883,607,66,0,216101.41,1,1,1,185254.0,France,Femme,1
8884,442,63,14,239120.27,4,1,1,40329.96,France,Femme,0
8885,362,27,9,31410.24,4,1,1,54472.73,Espagne,Homme,1
8886,609,41,13,24146.81,2,1,0,44007.3,Espagne,Femme,1
8887,775,78,3,200851.96,3,1,1,107037.6,France,Femme,1
8888,458,63,9,216531.51,4,0,1,166117.97,Espagne,Homme,0
8889,679,35,10,145940.36,4,0,1,64380.72,Allemagne,Femme,0
8890,538,39,4,91500.14,4,0,1,41329.28,France,Homme,0
8891,444,26,8,163157.41,4,0,0,90835.5,Espagne,Homme,1
8892,454,34,4,76416.02,3,1,1,196606.19,Allemagne,Femme,0
8893,357,55,12,59596.42,2,1,1,17045.74,Espagne,Homme,1
8894,416,57,10,122036.3,3,1,1,108239.62,France,Femme,1
8895,845,75,2,54038.46,3,0,1,138833.1,Allemagne,Homme,0
8896,540,30,10,120925.9,4,1,1,164243.34,France,Homme,1
8897,715,67,3,239151.63,4,1,1,153045.3,Allemagne,Femme,1
8898,605,54,9,209946.01,3,1,1,28769.11,France,Homme,0
8899,358,23,6,235407.73,3,1,1,100446.03,France,Homme,1
8900,827,38,0,201582.24,3,1,1,29568.67,Allemagne,Homme,1
8901,466,68,10,88687.73,1,1,0,129673.23,France,Homme,1
8902,616,53,5,203011.31,4,1,1,29250.84,Espagne,Homme,1
8903,448,24,7,230728.94,2,1,0,23956.74,Allemagne,Femme,1
8904,834,53,0,236758.95,2,1,1,71615.21,Allemagne,Homme,0
8905,647,42,7,170799.46,2,0,1,188683.89,France,Homme,0
8906,746,28,6,52841.66,1,1,1,146349.36,Allemagne,Femme,0
8907,513,61,0,9932.29,1,1,0,15744.81,Allemagne,Homme,0
8908,725,31,8,36800.06,2,0,1,67674.68,Espagne,Femme,0
8909,490,62,10,241386.73,2,0,1,18237.11,Espagne,Femme,0
8910,617,46,2,115524.21,2,1,1,69447.52,France,Femme,0
8911,386,27,1,213746.5,3,1,1,141816.05,Allemagne,Homme,1
8912,423,67,6,116261.04,4,1,0,155559.05,Allemagne,Homme,1
8913,422,65,10,165204.4,1,0,1,163759.94,Allemagne,Homme,0
8914,657,22,2,6035.19,1,1,0,183348.17,Espagne,Homme,1
8915,548,25,0,62466.24,3,1,1,82671.75,Espagne,Femme,0
8916,479,63,9,109067.32,1,1,0,174580.58,Allemagne,Homme,1
8917,595,22,12,157657.76,2,1,1,149618.71,Allemagne,Homme,1
8918,661,75,2,42880.3,1,1,0,114484.83,Espagne,Homme,0
8919,409,77,5,191137.87,3,0,1,191606.69,Espagne,Femme,1
8920,628,41,2,91101.18,4,0,1,190332.07,France,Femme,1
8921,452,57,4,204358.82,2,0,1,181056.79,Allemagne,Femme,0
8922,645,74,8,24492.27,1,1,1,52412.05,Espagne,Homme,0
8923,669,43,6,169939.15,2,1,1,53459.05,France,Femme,0
8924,836,23,1,73332.08,4,1,1,181685.55,France,Femme,0
8925,690,33,0,198845.79,1,1,0,88613.93,France,Femme,0
8926,500,77,6,100542.61,2,1,0,162527.19,France,Homme,1
8927,506,53,3,166337.41,3,0,1,142084.01,Espagne,Homme,0
8928,555,29,10,233576.32,3,0,1,156036.01,France,Homme,0
8929,823,28,6,5156.66,4,1,1,19860.66,Allemagne,Femme,1
8930,528,20,5,2779.2,4,1,1,94542.07,Espagne,Homme,0
8931,546,61,6,192569.81,4,1,0,173562.3,Espagne,Homme,1
8932,572,79,3,161598.26,1,0,1,105636.24,France,Femme,0
8933,438,54,2,73244.93,4,1,1,142674.77,France,Homme,1
8934,636,23,11,123599.18,1,1,1,154851.1,France,Femme,1
8935,783,36,4,10483.92,2,1,0,37340.3,France,Homme,1
8936,625,35,2,48111.4,3,1,1,43812.93,France,Femme,0
8937,585,33,13,106124.09,2,1,1,149042.42,France,Femme,0
8938,532,40,2,208511.1,3,1,0,25095.55,France,Homme,0
8939,558,60,3,119916.8,4,1,1,78250.63,France,Homme,0
8940,842,54,7,146590.63,2,1,1,184845.47,France,Femme,1
8941,479,26,1,218438.45,2,0,1,121255.83,Espagne,Homme,0
8942,502,20,3,77204.73,4,1,1,183438.53,Allemagne,Femme,0
8943,362,79,10,175174.83,2,1,1,72242.04,Allemagne,Homme,1
8944,471,25,2,215416.81,1,0,1,132775.89,Espagne,Femme,1
8945,708,55,6,50653.93,3,1,1,68047.41,France,Homme,0
8946,569,21,1,89119.54,4,1,1,35557.53,Allemagne,Femme,0
8947,455,29,0,244952.54,1,0,1,198278.63,France,Femme,0
8948,724,61,9,245804.64,1,1,1,47602.95,France,Homme,1
8949,419,48,0,55807.48,4,0,0,49869.27,France,Homme,0
8950,544,42,5,16611.46,2,1,1,170754.9,France,Homme,1
8951,535,70,2,67730.4,3,1,1,163413.84,France,Femme,0
8952,448,33,6,99432.99,1,1,1,195898.52,Espagne,Femme,1
8953,431,59,7,110251.4,2,1,1,28272.64,Allemagne,Homme,1
8954,424,71,4,154701.58,4,1,1,32413.23,France,Femme,0
8955,723,31,4,224875.69,4,1,1,98012.09,Allemagne,Femme,0
8956,689,30,11,82587.0,3,1,0,124473.27,Espagne,Femme,1
8957,541,58,1,212496.13,4,1,0,22035.4,France,Femme,0
8958,674,24,7,23369.73,3,0,1,44302.11,Allemagne,Homme,1
8959,816,29,9,10468.67,4,1,1,145117.06,Espagne,Homme,0
8960,563,54,12,126011.3,4,0,0,138679.86,Allemagne,Femme,0
8961,664,67,0,14915.56,1,0,0,31591.95,Allemagne,Homme,1
8962,793,21,9,98122.45,2,0,0,187358.24,Espagne,Homme,0
8963,816,19,8,224194.53,1,0,1,62131.3,Allemagne,Femme,1
8964,731,52,0,60370.76,3,1,1,179137.67,Espagne,Homme,0
8965,716,75,0,176493.94,1,1,1,185752.81,France,Homme,0
8966,667,61,0,75591.35,4,1,1,105662.9,Espagne,Homme,0
8967,493,20,6,11230.01,4,1,1,91213.8,Allemagne,Femme,0
8968,733,21,3,139172.65,2,1,1,66455.35,France,Femme,0
8969,565,55,11,208713.37,3,1,1,164365.67,Espagne,Homme,1
8970,710,29,6,102367.11,4,1,1,51368.89,Espagne,Homme,0
8971,673,36,4,154323.46,2,0,0,130093.05,France,Homme,0
8972,364,27,11,225005.9,2,1,1,119919.8,Espagne,Homme,1
8973,566,79,13,197423.63,4,1,1,61045.57,France,Homme,0
8974,841,18,6,48469.1,4,1,1,196863.73,France,Homme,0
8975,788,34,9,183345.99,3,1,1,171569.98,France,Homme,0
8976,384,33,13,125473.26,2,1,1,18797.76,Espagne,Femme,1
8977,532,26,6,186491.7,2,1,1,93116.7,Allemagne,Femme,0
8978,619,74,3,123628.89,2,1,1,81409.81,France,Femme,0
8979,782,70,1,31989.54,3,1,1,178319.71,Allemagne,Homme,0
8980,816,26,7,142477.36,2,1,1,63931.67,France,Femme,0
8981,707,76,1,123033.5,1,1,1,199713.37,Allemagne,Femme,1
8982,449,72,8,129480.43,1,1,1,52014.72,France,Homme,1
8983,356,26,4,219725.61,2,0,0,60118.65,France,Homme,1
8984,379,29,8,223709.26,1,1,0,138225.1,Espagne,Homme,1
8985,816,72,14,113384.28,1,1,1,44795.52,Allemagne,Homme,0
8986,654,58,8,113933.01,3,1,1,179428.41,Allemagne,Homme,0
8987,822,32,13,128796.74,2,1,0,35336.89,Allemagne,Homme,1
8988,493,19,7,129897.32,3,1,1,196913.72,France,Homme,1
8989,460,28,7,237596.79,2,1,1,176808.98,Allemagne,Femme,0
8990,581,28,3,162350.12,4,1,0,170336.45,France,Homme,0
8991,528,25,13,69364.25,1,1,1,90335.21,France,Homme,0
8992,421,72,3,132884.2,3,1,1,110023.71,Allemagne,Femme,0
8993,559,49,13,156805.9,3,0,0,99426.21,Allemagne,Homme,1
8994,569,23,1,159942.93,4,1,1,197673.98,Espagne,Homme,1
8995,429,70,3,146313.56,4,1,1,21442.8,Allemagne,Homme,0
8996,849,37,3,44434.04,1,0,1,85616.16,Espagne,Homme,1
8997,432,56,5,8398.3,1,1,1,194151.84,Allemagne,Femme,1
8998,391,52,2,84460.76,2,1,1,83337.19,Allemagne,Homme,0
8999,622,25,1,106880.54,2,0,0,88700.92,France,Femme,1
9000,540,67,14,15451.06,4,1,1,131790.64,Allemagne,Homme,0
9001,522,66,7,203741.83,1,0,1,182844.73,Allemagne,Femme,0
9002,810,60,1,86019.36,1,0,1,69486.6,France,Femme,0
9003,356,51,7,228408.19,4,1,0,190307.0,France,Homme,1
9004,504,74,6,38602.53,4,1,1,67273.91,France,Homme,1
9005,359,70,2,14233.74,3,0,1,165847.98,France,Homme,1
9006,383,76,5,120579.03,4,1,1,66030.06,France,Homme,0
9007,385,73,5,47282.33,3,0,0,28501.98,France,Homme,0
9008,758,36,9,234349.82,2,0,1,165275.97,Espagne,Homme,0
9009,355,24,13,2575.85,4,0,1,98264.13,Espagne,Homme,1
9010,757,48,4,103154.92,4,0,0,87288.55,Espagne,Homme,0
9011,751,35,12,231686.94,4,1,1,94528.35,Allemagne,Femme,0
9012,564,57,7,96104.55,3,1,1,128141.61,Allemagne,Homme,1
9013,483,31,14,23277.32,4,0,1,63598.29,Espagne,Homme,0
9014,634,56,10,75723.74,4,1,1,58895.79,France,Homme,0
9015,475,77,11,124502.6,1,1,1,104436.26,France,Femme,0
9016,758,70,4,46287.92,1,1,1,21592.17,France,Femme,1
9017,788,77,6,116640.43,1,1,1,133927.14,Allemagne,Femme,1
9018,686,76,5,209085.8,4,1,0,167226.15,Allemagne,Femme,0
9019,523,53,10,218154.49,1,0,1,149572.11,France,Homme,1
9020,501,34,14,12315.18,2,1,1,101820.96,Allemagne,Homme,0
9021,680,54,6,40225.84,1,0,1,119597.21,Allemagne,Femme,1
9022,375,61,12,68822.53,4,0,0,19843.44,France,Homme,0
9023,732,26,8,148716.46,1,1,1,183785.45,Allemagne,Femme,0
9024,464,75,2,90248.69,1,1,1,118241.57,Allemagne,Femme,1
9025,731,37,9,211010.23,1,1,0,73535.69,France,Femme,1
9026,831,62,6,179167.97,2,1,1,69312.73,France,Homme,0
9027,633,74,12,25114.01,2,1,1,137036.75,France,Homme,1
9028,736,45,9,156139.38,3,1,0,123100.85,Espagne,Homme,1
9029,424,67,2,28253.16,4,1,1,49750.88,Allemagne,Homme,0
9030,515,37,12,63758.92,2,1,1,90835.04,France,Femme,0
9031,538,58,1,44467.66,2,1,1,140093.55,France,Homme,0
9032,427,53,11,43265.49,2,1,1,70066.13,France,Femme,0
9033,784,70,6,154098.88,4,0,1,109216.17,France,Femme,0
9034,439,44,3,140901.23,3,1,1,62152.67,Allemagne,Homme,1
9035,525,25,0,44007.04,4,0,1,28261.08,France,Femme,1
9036,370,49,5,247543.2,1,1,1,86825.47,France,Femme,0
9037,403,18,10,105459.18,3,0,1,150434.29,France,Femme,1
9038,533,34,5,24267.33,1,1,1,54562.33,France,Femme,1
9039,708,74,5,30142.25,2,0,0,154583.13,Espagne,Homme,1
9040,571,26,1,145973.43,4,1,1,138856.08,France,Homme,0
9041,664,37,0,244767.35,1,0,1,108863.52,France,Homme,1
9042,677,62,2,142987.78,3,1,1,194719.3,Espagne,Femme,0
9043,528,49,11,237260.37,1,1,0,178431.69,France,Femme,1
9044,625,19,13,111033.21,1,0,1,119187.6,France,Femme,1
9045,461,49,1,108960.28,2,1,0,118189.28,France,Homme,1
9046,573,62,5,125001.84,1,1,0,66387.69,France,Homme,0
9047,563,26,12,174356.36,1,1,1,185236.71,Allemagne,Femme,0
9048,408,47,11,91903.99,2,1,0,180746.78,France,Homme,1
9049,676,37,5,215971.51,3,0,1,152280.53,France,Femme,1
9050,742,55,12,7320.35,2,1,1,38658.18,Espagne,Homme,1
9051,458,77,4,109941.05,1,0,1,145174.5,France,Femme,1
9052,734,18,9,127747.96,4,0,1,61826.08,Allemagne,Homme,0
9053,506,77,9,151758.06,2,0,1,49929.81,Espagne,Femme,0
9054,540,74,4,69017.98,2,0,1,155454.16,Espagne,Femme,0
9055,549,22,8,106869.99,1,1,0,192550.59,France,Homme,1
9056,661,52,13,121134.44,4,1,1,35147.56,Espagne,Femme,1
9057,545,53,4,171727.49,3,1,1,45335.57,Allemagne,Homme,0
9058,384,18,12,193386.05,4,1,1,55558.38,Allemagne,Homme,0
9059,728,31,9,184456.83,2,1,1,193138.55,Allemagne,Femme,0
9060,736,26,5,85395.76,4,0,1,143833.68,France,Femme,0
9061,595,47,10,249862.63,3,0,1,140483.27,France,Femme,0
9062,586,41,3,212166.33,4,1,1,108429.96,Allemagne,Femme,0
9063,453,21,9,65005.84,4,1,1,114455.22,France,Homme,1
9064,356,67,13,48776.45,4,1,0,68682.05,Allemagne,Homme,0
9065,632,31,13,78505.31,2,1,1,43591.39,France,Homme,0
9066,350,42,14,113086.21,1,0,1,159350.95,Allemagne,Homme,0
9067,568,21,0,212699.84,1,0,1,102078.16,France,Homme,0
9068,813,42,3,194590.57,4,1,0,62361.61,France,Femme,0
9069,579,27,1,212811.53,2,1,1,132064.5,Allemagne,Femme,1
9070,804,52,9,67989.28,2,1,1,53749.96,France,Femme,0
9071,521,72,2,148365.31,2,1,0,105423.62,Allemagne,Homme,1
9072,436,24,6,70812.27,1,1,0,50190.72,Allemagne,Femme,1
9073,390,59,6,27255.79,2,1,0,155539.21,France,Femme,1
9074,472,30,0,171049.44,4,0,1,74348.35,France,Femme,1
9075,680,21,7,35749.39,1,1,1,96714.31,France,Homme,1
9076,647,67,6,166924.44,2,0,1,154653.03,Allemagne,Homme,0
9077,722,60,0,161991.08,4,0,1,137025.33,Espagne,Femme,1
9078,766,74,7,202562.11,1,1,1,88945.1,France,Femme,1
9079,527,53,13,34888.65,2,1,1,28140.18,France,Femme,0
9080,412,73,13,195870.04,3,1,1,185497.29,France,Femme,1
9081,833,31,1,249819.13,4,0,1,16466.16,France,Homme,0
9082,514,35,7,212760.61,3,1,1,150899.92,Espagne,Homme,0
9083,838,25,2,187953.02,1,0,1,189899.74,France,Homme,0
9084,536,49,9,165541.34,2,1,1,71734.14,France,Femme,1
9085,732,44,6,105445.37,4,1,1,28956.84,Allemagne,Homme,0
9086,558,59,12,182625.04,4,0,1,61165.83,Allemagne,Femme,0
9087,576,54,5,181044.51,4,0,0,72982.38,Allemagne,Homme,1
9088,781,40,4,157874.57,3,0,0,98494.25,France,Homme,0
9089,738,24,14,199069.59,2,1,1,112169.23,Allemagne,Femme,0
9090,397,29,10,112190.97,2,1,1,149186.1,Allemagne,Homme,1
9091,573,42,9,30313.18,2,1,1,181669.31,France,Homme,0
9092,352,20,13,139766.93,3,1,0,100986.81,France,Femme,1
9093,721,43,10,66260.88,1,1,1,153070.76,Espagne,Femme,0
9094,524,21,1,96108.27,3,1,1,38531.8,France,Homme,0
9095,795,59,1,4353.73,1,1,1,75824.89,Allemagne,Homme,0
9096,448,53,12,95697.65,3,1,1,36844.66,Allemagne,Homme,0
9097,465,32,11,202200.28,2,0,0,142972.12,Allemagne,Femme,1
9098,619,49,14,135680.59,2,1,1,182914.39,Allemagne,Homme,1
9099,796,46,0,2450.13,2,1,1,179475.75,Allemagne,Femme,1
9100,717,27,13,117460.96,3,0,1,75392.94,Espagne,Femme,0
9101,602,38,8,72862.91,4,1,0,58330.6,France,Homme,1
9102,666,79,10,119387.66,3,0,1,65699.3,Allemagne,Femme,0
9103,764,71,7,101173.18,1,0,1,68156.9,Allemagne,Homme,1
9104,444,33,7,232994.8,3,0,1,30215.47,Allemagne,Homme,0
9105,622,64,0,10294.32,1,1,1,39668.67,Espagne,Femme,1
9106,729,36,4,170897.0,3,1,0,54679.47,Allemagne,Homme,1
9107,373,46,11,212756.65,4,0,1,16511.27,France,Femme,0
9108,465,69,5,239809.65,4,0,1,23737.55,Espagne,Femme,0
9109,500,68,14,44409.06,2,1,1,144231.8,France,Femme,1
9110,687,35,1,132826.2,4,1,0,129574.89,Allemagne,Femme,1
9111,399,75,9,10897.39,3,1,1,189903.12,Allemagne,Femme,1
9112,555,61,14,124795.88,4,1,1,89325.07,France,Homme,0
9113,847,74,4,31364.52,2,1,1,97201.36,Allemagne,Femme,1
9114,684,33,5,209474.17,3,1,1,27531.0,France,Homme,0
9115,428,18,8,28467.5,1,0,0,43166.37,Espagne,Homme,1
9116,419,65,14,128322.09,3,0,0,142947.37,Allemagne,Femme,0
9117,376,19,9,130274.02,2,1,1,58482.35,France,Homme,0
9118,620,73,0,242912.62,4,1,1,158056.31,France,Homme,0
9119,399,32,12,163745.17,4,1,0,145550.81,France,Homme,1
9120,641,56,9,71960.07,3,1,1,153243.55,Espagne,Homme,0
9121,596,45,2,60199.83,1,0,0,142757.79,France,Homme,0
9122,613,18,11,32062.05,1,1,1,145917.61,France,Homme,1
9123,428,22,8,189128.68,1,1,1,116157.91,France,Homme,0
9124,736,59,14,172689.16,1,1,1,140473.85,Espagne,Femme,1
9125,539,39,13,152469.28,3,0,1,112343.18,France,Homme,0
9126,396,70,0,10210.11,4,1,1,53126.39,Allemagne,Homme,1
9127,810,53,0,190707.22,1,1,1,55257.4,France,Homme,0
9128,710,63,0,160471.89,3,1,0,89981.0,France,Homme,1
9129,703,30,6,240972.22,3,1,1,17574.72,France,Homme,0
9130,821,18,12,146800.53,3,1,1,179519.92,Allemagne,Femme,0
9131,837,33,4,75987.98,1,1,1,64629.25,Espagne,Femme,0
9132,701,72,5,95380.14,1,1,1,24534.54,France,Femme,1
9133,538,58,12,43960.18,3,1,1,93518.74,Allemagne,Femme,0
9134,765,39,14,180728.55,3,0,1,165885.61,France,Femme,0
9135,605,49,13,176930.42,3,0,1,88510.26,Allemagne,Homme,0
9136,571,33,7,50162.5,4,1,1,63596.37,Allemagne,Femme,0
9137,721,68,13,39622.33,4,1,1,115806.94,France,Femme,0
9138,590,32,12,19251.23,2,1,1,121260.39,France,Homme,0
9139,618,75,1,227993.94,2,0,1,155450.09,Espagne,Femme,1
9140,350,63,12,58267.46,1,0,1,162954.41,France,Femme,0
9141,383,69,1,86040.88,4,1,1,145648.43,Espagne,Femme,0
9142,795,59,2,70126.13,2,0,1,15839.65,France,Homme,0
9143,428,70,12,103406.15,3,1,1,15384.51,France,Homme,0
9144,585,29,2,178512.2,3,1,1,195828.25,France,Femme,0
9145,683,77,12,217648.91,1,0,1,63877.94,Espagne,Homme,0
9146,726,18,2,45649.69,1,1,1,67234.82,Allemagne,Homme,1
9147,698,70,3,171603.09,2,1,1,150464.6,Allemagne,Homme,0
9148,447,34,2,88140.54,3,0,0,122593.36,France,Femme,0
9149,431,58,1,245131.79,1,1,1,100759.42,France,Femme,0
9150,804,72,8,74729.79,1,0,1,36541.34,Espagne,Femme,0
9151,826,68,5,1798.24,4,1,0,30075.22,Espagne,Homme,1
9152,764,74,2,128909.99,2,0,1,145170.29,Allemagne,Femme,1
9153,541,67,8,37682.77,1,1,1,38051.83,Allemagne,Femme,0
9154,602,45,14,11123.61,2,1,1,95624.9,Allemagne,Femme,0
9155,758,24,3,174567.31,3,0,1,151183.32,Allemagne,Femme,1
9156,387,26,3,183064.82,2,0,1,185791.8,Allemagne,Femme,0
9157,363,39,7,115174.75,1,1,1,176613.42,Espagne,Femme,0
9158,741,43,6,169221.38,4,1,1,174846.23,Allemagne,Femme,0
9159,696,70,14,134559.86,2,1,1,81322.1,Allemagne,Homme,1
9160,659,29,6,157450.28,2,0,1,186526.6,France,Femme,0
9161,735,24,9,149175.99,3,1,1,141477.53,Espagne,Homme,0
9162,558,63,6,166455.69,4,1,1,179000.22,Allemagne,Homme,0
9163,706,64,9,49907.66,2,0,0,31451.04,Espagne,Homme,1
9164,811,32,10,67176.66,4,1,1,22318.26,Allemagne,Homme,1
9165,438,55,4,109990.79,1,0,1,94484.58,France,Homme,1
9166,405,38,14,111532.0,4,1,1,168182.79,Allemagne,Homme,1
9167,443,31,6,193602.93,1,1,1,90578.56,Espagne,Femme,1
9168,442,19,3,91848.41,3,0,0,178659.72,France,Femme,1
9169,689,25,7,40626.29,3,1,1,58433.08,Espagne,Homme,0
9170,434,62,8,62866.49,3,1,1,22278.66,Allemagne,Homme,0
9171,794,72,12,53683.38,1,1,1,155837.96,France,Homme,0
9172,594,23,11,182915.0,2,0,1,130841.15,France,Femme,1
9173,371,54,2,117584.9,1,0,0,96416.75,France,Homme,1
9174,640,54,6,177157.67,4,1,1,171372.67,France,Homme,1
9175,834,74,11,104054.92,4,0,1,167472.51,Espagne,Homme,0
9176,621,50,9,222433.9,1,1,1,75038.83,Allemagne,Femme,0
9177,655,58,8,245880.08,3,1,1,170025.17,France,Homme,0
9178,471,23,0,167460.63,3,1,1,78854.31,France,Homme,1
9179,477,69,1,215953.14,4,1,1,130052.02,France,Homme,0
9180,462,43,6,126983.32,4,1,1,50612.06,Espagne,Femme,0
9181,776,79,14,233655.21,2,1,0,63875.55,Allemagne,Homme,0
9182,622,56,12,207896.62,2,1,0,97857.45,France,Femme,1
9183,685,58,1,247944.64,2,0,1,73200.27,Allemagne,Femme,1
9184,791,54,6,155773.43,4,0,1,38891.35,Espagne,Homme,0
9185,479,31,0,194801.69,2,0,1,104229.73,Allemagne,Femme,1
9186,481,54,14,135717.03,4,1,1,109601.12,France,Homme,1
9187,434,25,2,64780.03,4,0,1,44360.6,Espagne,Femme,1
9188,772,56,14,88688.79,1,0,0,47247.96,Allemagne,Femme,0
9189,831,30,4,223501.35,2,1,1,20429.21,France,Femme,0
9190,699,30,13,13986.99,1,1,1,20614.87,Espagne,Homme,0
9191,739,57,11,147869.97,1,1,1,81346.77,Espagne,Homme,1
9192,430,60,13,93121.01,2,1,0,42130.68,Allemagne,Homme,0
9193,836,45,10,96673.13,4,1,1,185031.95,Allemagne,Femme,0
9194,822,75,5,221142.8,4,1,0,51891.62,France,Homme,1
9195,674,35,14,213455.59,4,1,1,27202.89,Espagne,Femme,0
9196,418,74,12,149710.59,2,1,0,89771.43,France,Femme,1
9197,497,36,8,68229.71,4,1,1,50606.2,Allemagne,Femme,1
9198,797,55,8,118864.09,1,0,1,26427.33,France,Femme,1
9199,365,49,2,102073.35,3,0,0,154254.58,France,Femme,1
9200,656,39,13,88404.51,2,1,1,118063.22,Espagne,Homme,0
9201,454,19,7,25696.39,3,0,0,25547.0,France,Femme,1
9202,514,77,12,135778.47,1,0,1,101583.51,Espagne,Femme,1
9203,837,30,3,75457.82,3,1,1,22184.09,Espagne,Homme,0
9204,550,40,6,165201.99,1,0,1,80548.13,Espagne,Femme,1
9205,546,42,5,79800.98,3,1,1,82208.04,Espagne,Femme,1
9206,775,45,7,107790.87,3,0,0,167251.86,France,Homme,0
9207,534,75,5,13090.09,4,0,1,151027.72,Espagne,Femme,0
9208,671,28,3,248134.52,3,1,1,180934.59,France,Homme,0
9209,614,50,1,126902.6,1,1,1,40995.74,Allemagne,Homme,1
9210,712,41,6,6059.4,1,1,1,113746.41,Espagne,Homme,1
9211,449,19,10,135307.66,1,1,1,18735.24,Espagne,Femme,1
9212,691,47,14,217588.5,2,1,1,167721.57,Allemagne,Femme,0
9213,669,34,12,193138.03,1,0,1,82817.35,France,Femme,1
9214,563,57,10,175226.67,2,1,1,27821.73,Allemagne,Femme,0
9215,627,51,3,34866.16,1,0,1,75061.59,France,Femme,1
9216,511,55,12,164434.27,2,1,0,68078.8,Allemagne,Femme,0
9217,788,39,8,191574.59,3,0,1,156710.22,Espagne,Femme,0
9218,506,22,8,143104.77,3,0,0,38423.11,Espagne,Homme,1
9219,771,65,6,223187.25,1,1,1,117818.43,France,Homme,0
9220,600,57,4,69247.45,2,1,1,161875.05,Allemagne,Femme,1
9221,715,68,2,60536.17,4,1,1,151814.55,France,Homme,0
9222,446,33,2,217392.44,4,1,1,188142.45,Allemagne,Femme,1
9223,367,30,8,156349.56,4,0,0,15116.5,France,Femme,1
9224,676,43,8,361.81,3,0,1,80453.28,Espagne,Homme,0
9225,798,48,11,88282.85,3,1,0,83372.96,France,Homme,1
9226,732,69,12,214464.0,2,0,0,21162.06,France,Femme,0
9227,446,56,10,6829.88,1,1,1,166194.32,Allemagne,Femme,0
9228,350,65,3,811.98,3,1,1,142444.77,France,Homme,0
9229,565,40,10,70314.82,1,0,1,112695.24,France,Homme,0
9230,481,65,0,228500.01,4,1,1,89928.5,Allemagne,Homme,0
9231,609,78,12,225369.4,4,1,1,180651.9,France,Femme,0
9232,474,29,9,129690.49,1,1,0,63926.07,France,Femme,1
9233,431,31,4,138309.22,2,0,1,76890.18,France,Homme,1
9234,632,73,13,83002.0,4,0,1,191236.82,France,Homme,1
9235,520,35,7,60934.17,2,1,1,26955.63,Allemagne,Homme,0
9236,408,44,9,203805.46,4,1,0,159413.27,France,Homme,1
9237,381,45,14,26573.72,3,1,1,147841.05,France,Femme,1
9238,510,35,14,121838.59,4,1,1,181849.36,Allemagne,Homme,1
9239,633,33,3,158599.31,2,1,1,31754.22,Espagne,Femme,0
9240,455,69,9,25920.07,3,1,1,194532.13,France,Homme,1
9241,454,33,9,129901.77,4,0,1,20335.02,Espagne,Femme,0
9242,788,30,3,144380.32,3,1,0,77475.14,France,Femme,0
9243,577,75,12,185624.02,3,0,1,30692.91,Espagne,Femme,1
9244,537,46,11,58709.01,4,1,1,24467.6,France,Homme,0
9245,419,26,13,73331.88,1,0,1,193473.4,Espagne,Homme,0
9246,667,43,8,142380.29,1,1,1,148138.63,Espagne,Femme,0
9247,813,45,14,245781.6,2,1,1,108552.62,France,Femme,0
9248,639,58,8,54373.3,2,0,1,35014.98,France,Homme,0
9249,436,30,6,246475.96,4,1,1,112314.33,Allemagne,Homme,1
9250,719,78,9,178585.63,3,0,1,74209.66,Allemagne,Femme,0
9251,711,53,7,206520.52,3,0,1,65243.65,Allemagne,Femme,1
9252,821,26,11,22410.32,1,0,1,129349.16,France,Homme,1
9253,405,64,11,75105.05,1,1,1,161321.17,Allemagne,Femme,1
9254,462,31,3,14434.07,3,0,1,97002.88,France,Femme,1
9255,362,68,7,92886.75,3,1,0,106260.23,France,Homme,1
9256,789,29,13,245322.41,2,0,1,135514.32,France,Homme,0
9257,367,70,5,26318.27,3,1,1,38058.04,France,Femme,1
9258,531,75,12,140593.2,3,1,1,168292.24,France,Femme,0
9259,810,74,2,1517.66,4,1,1,169833.65,Allemagne,Homme,1
9260,462,49,6,178170.7,3,0,1,115093.62,Espagne,Femme,1
9261,578,55,2,49298.17,1,1,1,49698.62,France,Femme,0
9262,520,20,10,32396.13,1,0,0,107641.26,France,Femme,1
9263,644,75,6,84254.45,2,1,0,34598.77,France,Homme,0
9264,538,74,4,192761.07,2,1,0,156208.56,Espagne,Femme,1
9265,775,71,3,26653.27,4,1,0,72563.47,Allemagne,Homme,0
9266,814,69,2,57459.75,2,1,1,72552.51,Allemagne,Femme,1
9267,428,33,7,2116.11,3,0,1,189834.03,Allemagne,Femme,0
9268,495,79,3,242103.72,3,0,0,93043.84,France,Femme,0
9269,756,37,7,148036.4,4,0,1,161071.43,France,Homme,0
9270,531,49,9,179974.91,1,1,1,132875.1,Allemagne,Femme,0
9271,848,73,2,162845.79,3,0,1,73492.51,Espagne,Homme,0
9272,635,40,9,36091.14,3,1,0,37901.29,France,Homme,0
9273,599,34,12,148734.98,4,1,1,162582.33,Allemagne,Femme,0
9274,703,33,8,32853.9,1,1,1,156063.18,Allemagne,Femme,1
9275,663,55,5,100309.11,2,1,1,46295.37,Allemagne,Femme,0
9276,545,25,14,142240.78,3,1,0,61086.44,Allemagne,Homme,0
9277,672,36,4,139720.28,1,1,1,156753.9,France,Femme,1
9278,420,47,4,29768.36,4,1,1,196971.72,Allemagne,Homme,0
9279,597,74,12,8608.99,4,1,1,171073.64,France,Homme,1
9280,495,75,2,199558.58,1,1,1,141568.04,Allemagne,Femme,0
9281,455,51,1,181480.61,4,1,1,184353.8,France,Homme,1
9282,612,31,5,20454.73,2,0,1,67768.6,France,Femme,1
9283,645,39,10,31853.88,1,1,1,16785.66,France,Femme,0
9284,419,61,0,223145.94,2,1,0,74379.09,Espagne,Femme,1
9285,819,34,14,192282.23,4,1,1,194807.85,France,Homme,1
9286,542,77,14,249040.07,2,1,0,178164.51,France,Homme,1
9287,417,76,13,63496.86,2,1,1,24315.91,France,Femme,1
9288,843,32,6,121950.75,2,1,0,107862.31,France,Homme,0
9289,654,67,14,59114.89,2,0,1,29616.82,Allemagne,Homme,0
9290,401,65,4,155700.03,1,1,1,160970.81,Allemagne,Homme,0
9291,719,49,3,28853.56,4,0,1,83933.88,Espagne,Homme,0
9292,712,30,8,31810.79,4,1,1,183709.84,Espagne,Homme,0
9293,634,38,9,17971.97,3,0,1,25073.71,France,Homme,1
9294,754,66,0,173396.52,2,0,1,150789.35,France,Femme,0
9295,823,57,10,123518.14,2,0,1,88882.67,France,Femme,1
9296,683,50,14,154432.8,3,1,1,64621.89,Espagne,Femme,1
9297,358,78,3,219825.26,3,1,1,110728.09,France,Femme,1
9298,600,74,2,185082.12,2,1,1,104815.04,Allemagne,Homme,1
9299,780,75,5,115430.73,4,1,1,79530.02,Allemagne,Femme,1
9300,681,44,4,246089.0,3,1,1,135038.46,France,Homme,0
9301,647,52,6,114064.03,2,1,0,137343.51,Allemagne,Homme,0
9302,784,33,12,28112.67,4,1,0,29270.56,France,Homme,1
9303,533,45,0,248163.69,1,0,1,125151.79,France,Homme,1
9304,528,51,12,5705.18,3,0,0,146486.0,France,Homme,0
9305,547,64,4,137470.89,3,0,0,29039.36,France,Homme,1
9306,477,18,13,77273.87,4,1,1,136939.17,France,Femme,0
9307,369,58,1,125888.04,1,0,1,163735.79,Espagne,Femme,1
9308,821,65,1,139678.24,4,1,1,168909.64,Espagne,Femme,0
9309,760,48,10,60023.97,3,1,0,22704.76,Espagne,Homme,0
9310,771,53,14,139214.69,1,0,0,144022.23,France,Homme,1
9311,677,61,10,189015.28,2,1,1,162440.67,France,Femme,0
9312,414,50,1,66627.46,3,1,1,88412.22,France,Femme,0
9313,531,50,8,95856.53,4,0,1,115425.54,Allemagne,Femme,0
9314,590,56,9,67060.67,4,1,1,64046.38,France,Homme,0
9315,718,35,2,205139.93,4,1,1,72394.63,France,Homme,0
9316,373,40,3,181245.56,4,1,1,107799.62,France,Femme,1
9317,733,77,14,217799.11,4,0,1,42960.59,Allemagne,Femme,0
9318,780,40,4,42512.47,3,0,1,83545.61,France,Homme,0
9319,804,32,13,18394.91,1,1,1,70765.59,Espagne,Femme,0
9320,432,43,3,29845.88,4,1,1,59076.18,Allemagne,Homme,1
9321,819,47,3,40254.58,4,1,1,104519.41,France,Femme,1
9322,668,42,4,133270.67,2,1,1,170155.29,France,Femme,0
9323,534,62,9,242728.02,2,1,1,59818.49,France,Homme,1
9324,788,33,14,89308.85,1,0,0,137050.08,France,Femme,1
9325,665,56,8,239627.07,3,1,0,62025.64,France,Femme,0
9326,448,65,11,9550.2,3,0,1,41285.44,Allemagne,Homme,1
9327,411,62,8,231718.05,1,1,1,189514.55,Allemagne,Homme,0
9328,635,31,13,45288.15,1,1,1,132148.61,France,Homme,1
9329,826,34,13,228118.75,1,1,1,34350.3,Allemagne,Femme,0
9330,371,29,5,14056.86,4,1,1,132039.14,Espagne,Homme,1
9331,808,46,10,237054.86,3,1,1,47624.2,Allemagne,Homme,0
9332,561,49,11,50199.57,1,0,1,179242.35,Espagne,Homme,1
9333,475,73,13,75678.52,2,1,1,60782.1,France,Femme,1
9334,762,41,2,122735.59,4,1,1,164257.61,France,Homme,0
9335,848,69,5,95180.22,4,1,1,51851.12,France,Femme,0
9336,774,30,9,166881.99,4,1,1,118283.71,Espagne,Homme,1
9337,391,73,3,243701.94,4,0,1,183780.81,France,Homme,0
9338,447,37,2,151606.62,1,1,1,69760.49,Espagne,Homme,0
9339,798,32,5,180371.35,4,1,1,30058.51,Allemagne,Homme,0
9340,380,73,14,22001.31,2,0,0,117229.51,France,Homme,1
9341,507,70,10,156953.11,2,1,0,46881.16,France,Femme,1
9342,461,21,5,113462.44,1,0,1,149743.77,France,Femme,0
9343,751,71,1,221445.59,4,1,1,124301.91,France,Femme,0
9344,596,51,8,97052.77,2,1,1,79079.4,Allemagne,Homme,0
9345,471,45,7,169863.54,3,0,1,145545.84,Allemagne,Femme,1
9346,622,67,5,57038.43,4,1,1,59127.68,Allemagne,Femme,0
9347,643,19,0,64843.13,1,1,0,184651.76,Allemagne,Homme,1
9348,747,74,11,94030.61,3,0,1,79174.29,Espagne,Femme,0
9349,820,64,1,76015.88,4,1,1,156149.1,France,Femme,0
9350,822,47,14,63469.71,3,1,1,62826.08,France,Homme,0
9351,556,43,3,12417.18,4,0,1,147242.69,Allemagne,Homme,1
9352,459,68,6,209186.58,4,1,1,20832.94,France,Femme,1
9353,789,64,8,16075.38,2,1,0,69670.81,France,Homme,0
9354,627,43,9,221841.38,3,1,0,32184.7,Allemagne,Femme,1
9355,800,37,4,31366.35,3,0,1,98475.8,Allemagne,Homme,0
9356,405,59,9,16315.43,1,1,1,95494.98,Espagne,Femme,1
9357,724,45,1,140751.19,1,1,1,81416.51,Espagne,Femme,0
9358,752,73,14,125610.45,3,1,1,196516.04,France,Femme,0
9359,406,37,12,122808.64,2,0,1,60156.75,Espagne,Femme,0
9360,777,28,10,143626.08,2,1,1,161344.46,France,Homme,0
9361,831,75,10,71764.15,4,0,0,97777.72,Espagne,Femme,1
9362,640,27,10,165737.32,1,1,1,76939.94,France,Homme,0
9363,463,78,0,125600.55,1,0,1,52641.34,Espagne,Femme,0
9364,730,40,9,83685.87,1,0,1,132179.72,France,Homme,1
9365,734,54,13,206625.17,4,1,1,76730.45,Allemagne,Homme,1
9366,657,58,12,181930.27,2,0,1,165389.97,France,Femme,0
9367,690,69,13,98402.59,1,1,1,194166.0,France,Homme,0
9368,826,36,0,211904.45,4,1,0,57019.34,France,Homme,1
9369,547,62,4,230064.56,3,1,1,38804.02,Allemagne,Homme,0
9370,770,35,13,134216.57,2,0,1,73370.79,France,Femme,1
9371,670,66,6,53738.11,3,1,1,101415.68,France,Femme,0
9372,528,44,8,228948.04,1,1,1,70678.86,France,Femme,1
9373,734,23,8,47369.91,4,1,1,194536.36,Allemagne,Femme,1
9374,568,27,7,12105.81,2,1,1,159152.3,France,Femme,0
9375,626,19,0,81871.75,1,1,1,193736.04,Allemagne,Homme,0
9376,786,41,4,181741.59,2,1,1,84049.39,Espagne,Homme,1
9377,365,55,5,230818.52,4,0,1,71364.85,Espagne,Homme,1
9378,841,45,5,159321.41,4,1,1,90362.07,France,Homme,0
9379,728,45,3,237959.64,1,1,1,111724.18,France,Femme,0
9380,410,70,0,23092.71,2,0,1,152187.71,France,Femme,0
9381,403,62,2,15188.43,4,0,1,178003.85,Espagne,Homme,0
9382,517,67,9,151047.99,2,0,0,100688.28,France,Femme,1
9383,375,56,14,241529.08,2,0,1,68498.07,France,Femme,1
9384,685,19,14,125680.33,3,0,1,73986.62,France,Femme,1
9385,825,78,3,12878.81,1,0,1,143935.43,Espagne,Homme,0
9386,414,63,3,55304.66,1,0,0,119998.24,Espagne,Homme,1
9387,449,22,12,61198.23,2,1,1,105001.41,Allemagne,Homme,1
9388,423,67,3,84464.28,3,1,1,52513.2,Espagne,Homme,1
9389,541,28,13,10900.85,2,1,1,176959.3,Allemagne,Homme,0
9390,520,27,4,226223.18,1,1,1,159488.78,Allemagne,Homme,1
9391,622,60,12,128890.99,1,1,1,41018.14,Allemagne,Femme,1
9392,726,76,14,167732.7,2,1,1,82966.86,France,Homme,0
9393,536,19,14,16793.21,2,1,1,115294.44,France,Homme,1
9394,372,32,10,13528.87,2,0,0,99052.65,Allemagne,Femme,1
9395,740,56,8,146616.94,1,1,1,88592.23,France,Femme,0
9396,777,58,3,221824.0,2,1,1,147983.9,France,Femme,1
9397,530,54,8,132120.5,2,1,1,25083.15,Allemagne,Femme,1
9398,676,24,8,219454.79,4,0,1,102210.91,Allemagne,Homme,1
9399,457,37,0,202747.82,1,1,1,63503.61,Espagne,Homme,1
9400,684,51,4,18963.45,2,0,1,30654.4,France,Homme,0
9401,511,52,8,50489.37,3,1,1,101004.12,France,Homme,1
9402,651,51,3,164427.67,1,1,1,46703.21,France,Femme,1
9403,842,70,4,110875.35,2,1,1,62771.49,France,Homme,0
9404,801,39,3,72674.95,2,0,0,108796.61,France,Homme,0
9405,555,48,12,104658.46,4,1,1,195136.16,France,Femme,0
9406,427,40,1,111299.91,4,0,1,141587.18,France,Femme,1
9407,365,36,9,227638.06,1,0,1,66730.03,France,Homme,0
9408,676,21,1,25864.57,4,1,0,85745.12,France,Homme,1
9409,445,41,1,69932.69,4,1,1,90134.63,Allemagne,Femme,0
9410,496,37,12,134391.2,1,1,1,43422.96,Allemagne,Femme,1
9411,351,56,0,174571.73,3,1,1,44721.02,France,Homme,0
9412,359,45,2,157659.32,2,0,1,42453.02,Allemagne,Homme,1
9413,783,71,14,235410.68,2,1,1,111507.87,France,Homme,1
9414,474,56,13,198902.23,4,1,1,139724.43,Espagne,Homme,1
9415,430,34,10,139269.21,2,1,1,124283.33,France,Homme,1
9416,834,36,9,53670.67,4,1,0,195886.93,Espagne,Homme,1
9417,489,71,0,112718.56,1,1,1,38286.8,France,Femme,1
9418,675,65,3,173345.56,1,1,1,197497.77,Espagne,Femme,0
9419,499,52,0,209490.54,1,1,1,101334.68,Espagne,Femme,1
9420,637,49,3,239934.06,2,1,1,55447.07,France,Homme,0
9421,710,64,2,151363.19,4,1,1,189506.95,France,Homme,0
9422,689,63,8,131729.84,4,1,0,101693.46,France,Homme,0
9423,478,64,0,4422.98,2,0,1,79259.19,France,Homme,0
9424,787,63,13,18024.77,1,0,1,54554.87,France,Femme,1
9425,588,56,7,39026.25,3,1,1,64556.96,France,Femme,0
9426,407,74,10,13689.98,4,0,1,196155.61,France,Femme,1
9427,547,52,8,100215.81,4,1,1,71235.09,France,Femme,0
9428,560,47,11,84219.64,2,1,1,195894.1,Allemagne,Femme,1
9429,751,34,6,159338.54,3,1,1,76089.77,France,Femme,0
9430,739,59,0,133916.28,1,1,1,57812.42,France,Femme,0
9431,394,64,3,148992.69,4,0,1,48922.37,Allemagne,Femme,0
9432,446,46,9,117994.3,2,1,1,91193.08,France,Homme,0
9433,628,23,0,69434.29,3,0,1,58809.19,France,Homme,0
9434,372,77,3,238206.33,2,1,1,143933.52,Allemagne,Femme,0
9435,759,34,14,21602.29,3,1,1,59357.77,France,Homme,1
9436,810,34,2,234722.75,2,1,1,169548.42,France,Homme,0
9437,740,31,1,77809.51,3,0,1,169292.08,Espagne,Homme,0
9438,684,41,0,128165.36,4,1,1,67822.38,Espagne,Femme,0
9439,393,74,5,27210.58,3,0,1,154404.92,Espagne,Femme,1
9440,376,67,11,17732.77,1,1,1,173645.99,France,Homme,0
9441,631,74,6,107386.36,4,1,1,124174.58,France,Homme,0
9442,446,54,5,185424.34,1,0,1,82771.5,Allemagne,Femme,1
9443,812,78,8,67341.19,4,1,0,96578.93,Espagne,Homme,1
9444,385,57,11,140586.97,3,1,1,160452.34,France,Homme,1
9445,458,56,8,69662.59,4,1,0,69263.73,Espagne,Femme,0
9446,404,72,1,97153.27,2,1,1,76875.53,Allemagne,Femme,0
9447,541,49,14,226611.58,3,1,1,44745.1,Espagne,Homme,0
9448,568,53,14,213959.91,2,1,1,88824.69,France,Homme,0
9449,534,67,1,129004.39,2,1,1,31005.3,France,Homme,0
9450,418,54,8,59526.41,2,1,1,74391.37,France,Femme,0
9451,666,65,0,48295.98,2,1,0,84093.69,Allemagne,Homme,1
9452,479,31,4,238521.84,1,1,1,62263.64,Allemagne,Homme,1
9453,404,44,0,50679.15,3,1,0,33751.25,Espagne,Homme,1
9454,727,76,6,202042.08,2,1,0,111508.44,Espagne,Homme,1
9455,446,36,8,92242.55,1,1,1,175040.02,France,Homme,1
9456,685,48,5,246414.96,4,1,0,77094.28,France,Femme,0
9457,436,63,13,92038.94,2,1,0,58808.29,France,Homme,1
9458,643,26,1,87879.16,2,0,1,67732.07,Espagne,Femme,0
9459,468,55,5,159365.91,1,1,1,174449.13,France,Femme,0
9460,557,34,8,240379.2,4,1,1,112644.4,Allemagne,Homme,0
9461,683,36,2,244052.4,4,1,1,39196.21,France,Homme,0
9462,762,61,8,176801.54,1,1,1,146206.01,Allemagne,Homme,1
9463,503,21,7,188651.59,2,1,0,43558.25,France,Femme,0
9464,384,65,14,140850.54,3,1,1,26145.21,Allemagne,Femme,0
9465,428,74,12,188943.93,1,1,1,62301.7,Espagne,Femme,1
9466,416,28,11,214944.91,3,1,1,46096.68,France,Homme,0
9467,692,39,6,121523.83,2,0,1,126924.53,Allemagne,Homme,0
9468,762,21,7,154965.57,2,1,1,104644.79,Espagne,Femme,0
9469,383,34,9,134329.17,4,1,1,148951.94,France,Femme,0
9470,446,25,5,140617.65,2,1,1,109640.64,France,Femme,1
9471,518,63,2,222511.98,4,1,1,92516.1,France,Homme,0
9472,518,76,6,88904.21,4,0,1,112350.46,Espagne,Femme,0
9473,500,51,3,52046.01,2,1,1,95379.93,Allemagne,Homme,0
9474,420,28,10,114070.03,4,0,0,21861.08,Allemagne,Homme,1
9475,352,48,9,52021.3,2,1,1,140929.34,France,Homme,0
9476,663,28,13,124600.11,4,1,0,192994.11,Espagne,Homme,1
9477,381,73,4,225877.03,4,0,1,93076.21,France,Femme,1
9478,636,71,7,154358.38,2,1,0,93390.6,France,Homme,1
9479,431,73,14,213858.21,3,1,1,23467.24,France,Homme,0
9480,392,55,6,41547.73,1,1,1,179720.13,France,Homme,0
9481,740,70,6,225218.4,2,1,0,186887.46,France,Homme,1
9482,454,38,7,150446.79,4,1,1,165430.74,Allemagne,Femme,1
9483,350,63,9,7939.95,1,1,0,34673.91,Espagne,Femme,1
9484,410,47,2,158279.74,3,1,1,181541.38,France,Homme,1
9485,619,27,2,237849.24,2,1,1,19431.8,France,Homme,0
9486,529,43,1,19791.75,4,1,1,97246.25,France,Femme,0
9487,573,44,14,145614.03,4,0,1,107615.38,France,Femme,0
9488,355,25,0,228869.65,2,1,1,169290.39,Espagne,Femme,1
9489,452,56,9,2423.79,4,1,1,153908.95,France,Femme,1
9490,359,25,5,157728.23,1,1,0,162462.93,France,Femme,1
9491,420,77,5,118725.57,4,0,0,175561.68,France,Homme,0
9492,439,25,12,86747.33,1,0,1,103073.12,France,Femme,0
9493,575,72,9,156884.12,1,1,1,159346.69,France,Femme,1
9494,507,51,11,13175.52,2,0,1,27586.12,France,Femme,1
9495,577,76,7,188265.76,4,1,1,97241.09,Allemagne,Homme,0
9496,754,33,13,1119.87,1,1,1,20574.54,France,Homme,1
9497,475,58,5,76733.94,4,1,1,184333.29,Espagne,Homme,1
9498,793,30,5,125989.66,1,0,0,192306.55,France,Femme,1
9499,558,40,0,94255.56,3,1,1,30528.73,Allemagne,Femme,0
9500,446,29,11,76868.98,2,1,1,113535.93,France,Homme,1
9501,423,44,6,207708.79,2,0,0,75150.83,France,Femme,1
9502,464,39,6,233708.14,2,1,1,78368.84,France,Femme,0
9503,540,49,9,218428.17,1,1,1,98379.51,France,Homme,1
9504,844,74,8,130607.83,3,1,1,38137.2,France,Homme,0
9505,519,78,13,221041.04,1,0,1,48442.49,Allemagne,Femme,1
9506,656,66,14,230215.39,2,0,1,121813.2,France,Femme,0
9507,797,44,11,102309.6,1,1,1,18469.84,Allemagne,Femme,1
9508,553,19,6,70861.46,2,1,1,125963.19,France,Femme,0
9509,405,62,7,24566.3,4,1,1,73999.68,France,Homme,0
9510,557,50,3,119772.98,1,0,1,168958.19,France,Homme,0
9511,390,43,8,236574.23,4,1,0,126001.2,Allemagne,Homme,1
9512,381,45,14,140226.88,1,1,1,145996.87,Espagne,Homme,1
9513,364,36,13,166890.53,2,1,1,36168.66,France,Femme,0
9514,411,60,0,28220.95,4,1,0,64184.54,France,Homme,0
9515,504,22,7,35879.92,1,1,0,199383.88,France,Homme,1
9516,633,50,2,116118.32,2,0,1,95225.67,Allemagne,Homme,0
9517,558,37,13,237816.2,1,1,0,81390.06,France,Femme,1
9518,669,47,0,90196.16,4,0,1,176663.24,Allemagne,Femme,0
9519,843,62,1,219371.01,1,1,1,21118.8,Espagne,Femme,1
9520,536,25,14,30072.15,1,1,1,113933.07,Allemagne,Homme,1
9521,847,55,5,154254.3,4,1,1,53897.58,Allemagne,Homme,0
9522,791,78,4,150153.24,2,1,1,83108.27,Allemagne,Femme,0
9523,479,34,13,214968.69,1,0,1,51958.76,France,Femme,1
9524,476,61,2,829.18,1,0,1,21997.21,France,Homme,1
9525,641,18,8,47482.92,3,1,1,92054.74,Allemagne,Femme,1
9526,463,20,7,54921.91,3,1,1,161002.56,France,Homme,1
9527,548,63,12,237491.52,2,1,1,191111.57,Allemagne,Homme,0
9528,362,43,2,38423.41,4,1,1,130412.8,France,Femme,1
9529,620,48,1,9240.59,2,1,0,86934.86,France,Homme,1
9530,438,25,7,133615.37,2,0,0,157423.23,Espagne,Femme,0
9531,564,60,13,132139.62,2,0,1,108466.44,France,Femme,0
9532,793,76,14,211011.74,1,0,1,83009.75,Espagne,Femme,0
9533,627,63,4,237214.91,1,1,1,48131.59,Espagne,Homme,0
9534,796,25,14,134636.36,2,1,0,162284.05,Espagne,Homme,1
9535,823,78,8,232498.55,2,1,1,107578.77,France,Femme,0
9536,830,52,0,181289.79,3,1,0,193303.69,Espagne,Femme,0
9537,552,56,9,66139.78,4,1,1,163353.28,Allemagne,Femme,0
9538,423,45,2,232105.18,2,1,1,92702.98,France,Femme,0
9539,374,68,4,166860.79,3,1,0,152057.26,France,Homme,0
9540,450,21,1,103523.98,2,1,1,98877.43,France,Femme,1
9541,525,74,2,170060.52,4,1,1,29775.16,France,Homme,1
9542,776,33,3,100328.21,2,1,1,110585.99,France,Femme,0
9543,466,30,3,28545.94,4,0,0,175159.79,Espagne,Femme,1
9544,515,37,10,179744.69,1,1,1,173256.64,Espagne,Femme,0
9545,390,68,8,206021.9,4,1,1,121368.88,Allemagne,Femme,0
9546,778,22,0,182201.55,2,1,1,85304.35,France,Femme,0
9547,693,72,11,57278.67,3,0,1,16868.61,France,Femme,0
9548,773,54,8,239158.75,1,0,1,72610.81,France,Homme,1
9549,715,37,14,6313.64,3,0,1,198114.59,Allemagne,Homme,1
9550,469,41,8,83171.32,2,0,1,149400.84,Espagne,Femme,1
9551,446,53,10,65023.11,1,1,1,147753.88,Espagne,Homme,0
9552,494,51,5,12031.56,3,0,0,155800.43,Espagne,Femme,1
9553,565,75,10,101432.42,2,1,1,129720.98,France,Homme,0
9554,578,62,0,155778.71,3,1,1,123383.85,France,Femme,0
9555,662,79,10,220638.22,4,1,1,98919.56,France,Homme,0
9556,479,65,12,247422.43,4,0,1,97127.79,France,Homme,0
9557,701,71,11,202022.4,2,1,1,176106.96,Allemagne,Homme,1
9558,726,51,5,117170.13,3,0,1,87789.41,Espagne,Femme,0
9559,667,36,7,180926.11,2,0,1,170453.98,France,Femme,0
9560,821,34,4,210905.95,3,1,1,169980.87,Espagne,Homme,0
9561,486,22,4,116326.8,1,1,1,157616.17,France,Homme,1
9562,673,42,0,196263.61,2,0,1,21963.84,Allemagne,Femme,1
9563,686,35,0,120663.1,2,1,0,42374.87,Allemagne,Femme,1
9564,622,77,7,96624.0,3,0,0,73220.45,France,Homme,1
9565,466,72,12,131522.71,2,1,1,171793.67,Allemagne,Homme,0
9566,655,70,4,168963.68,1,1,1,176552.99,France,Femme,0
9567,717,67,7,181720.51,3,1,1,22688.1,France,Femme,0
9568,443,25,9,89184.07,3,0,1,75074.04,Allemagne,Femme,1
9569,517,44,1,142830.06,3,1,1,172321.08,France,Homme,0
9570,791,32,14,227467.72,1,1,1,61193.25,Espagne,Homme,0
9571,552,62,3,244078.23,1,0,1,195560.61,Espagne,Femme,1
9572,690,30,12,56812.02,2,1,1,105521.2,France,Homme,1
9573,498,33,10,48207.79,3,1,1,188402.85,France,Homme,0
9574,751,39,13,169171.41,1,1,1,94332.88,France,Femme,0
9575,532,37,9,103670.97,4,1,0,74902.8,France,Homme,0
9576,762,30,8,6055.58,2,0,0,82045.88,Allemagne,Femme,0
9577,501,37,12,86715.47,1,1,1,178595.61,France,Femme,0
9578,423,19,2,201686.19,1,1,1,76177.54,Espagne,Homme,1
9579,714,52,5,199356.73,1,0,1,138829.05,France,Femme,0
9580,750,64,10,123671.29,2,1,0,101920.9,France,Homme,0
9581,623,72,6,118144.48,1,1,1,189209.17,Allemagne,Homme,0
9582,391,36,2,144876.86,1,1,0,44482.24,Allemagne,Femme,1
9583,845,62,0,54849.18,4,1,1,94301.51,Espagne,Homme,0
9584,561,54,1,131510.91,4,1,1,38057.26,Allemagne,Homme,0
9585,450,75,10,2761.59,4,0,0,121955.78,France,Homme,1
9586,394,71,13,118889.89,1,0,1,89536.35,Espagne,Femme,1
9587,431,23,9,84012.76,4,1,1,26273.39,France,Femme,0
9588,366,31,6,168717.4,3,1,1,172220.05,Espagne,Homme,1
9589,422,21,6,159588.4,4,1,1,84470.23,France,Femme,1
9590,363,39,11,95208.97,4,1,1,106321.69,France,Homme,0
9591,782,68,0,1818.25,1,1,0,90389.97,Allemagne,Homme,1
9592,506,72,9,63068.41,3,1,1,105400.75,France,Homme,0
9593,572,56,6,158336.96,4,0,1,18020.16,France,Homme,0
9594,481,53,14,18093.34,1,1,1,165860.01,Allemagne,Femme,0
9595,687,51,9,26910.61,3,1,0,76476.98,France,Femme,1
9596,753,44,10,161758.76,4,1,0,149025.43,France,Femme,0
9597,725,24,5,188941.85,1,0,1,27004.06,France,Homme,1
9598,725,20,10,80387.43,3,1,0,111907.67,Espagne,Homme,0
9599,396,64,5,122418.27,4,1,1,183126.51,France,Femme,1
9600,456,50,6,236427.84,3,0,1,88675.89,Allemagne,Homme,0
9601,457,19,6,236385.89,3,1,1,51492.92,France,Homme,0
9602,614,59,0,76875.69,1,1,1,33330.01,France,Homme,1
9603,554,33,9,202496.97,2,1,1,173931.27,France,Homme,0
9604,428,42,4,148486.01,3,1,1,59179.15,Allemagne,Femme,1
9605,504,77,14,243871.12,3,0,1,195388.16,France,Homme,0
9606,620,32,13,119403.39,3,1,0,60847.21,France,Femme,0
9607,825,41,13,193676.72,3,0,1,103983.33,France,Homme,0
9608,834,32,7,192034.28,3,1,0,99728.91,Espagne,Homme,1
9609,596,48,7,124358.22,2,0,1,26471.78,Espagne,Femme,1
9610,368,31,2,198907.53,1,1,1,113390.29,France,Femme,0
9611,695,71,2,65260.08,2,0,0,139438.58,France,Femme,1
9612,785,31,6,30563.26,1,0,1,152295.1,Allemagne,Homme,1
9613,375,23,14,106290.94,2,1,1,111679.47,Espagne,Homme,0
9614,566,31,3,235907.66,1,1,1,165328.26,France,Femme,1
9615,503,34,5,125186.15,4,1,1,154138.04,Allemagne,Femme,1
9616,503,35,8,158814.78,3,0,0,50885.25,Espagne,Homme,0
9617,523,37,9,156040.61,1,1,1,89296.31,France,Homme,1
9618,441,68,1,33143.22,1,1,1,41377.64,France,Homme,1
9619,782,79,1,97574.22,3,1,0,39683.38,France,Femme,1
9620,687,34,5,176734.74,4,1,1,146743.56,Espagne,Femme,0
9621,829,33,2,242997.52,3,0,1,113134.94,Allemagne,Femme,1
9622,530,57,0,42004.43,1,0,1,126175.71,France,Femme,0
9623,480,56,1,102610.47,1,1,1,150454.09,France,Femme,0
9624,799,69,13,23773.45,3,1,1,66288.46,Allemagne,Femme,0
9625,830,49,12,60594.11,2,1,1,89251.96,France,Homme,1
9626,647,77,6,94189.84,3,1,1,127258.57,France,Homme,0
9627,624,61,3,135160.81,1,1,1,32876.36,Allemagne,Femme,1
9628,622,26,11,57641.72,1,1,1,169115.01,France,Homme,0
9629,841,44,1,56890.67,1,1,0,78538.18,France,Femme,0
9630,766,63,10,194457.49,4,1,1,136869.3,Allemagne,Homme,1
9631,425,69,11,240660.42,3,0,1,199179.51,Allemagne,Homme,1
9632,526,50,11,80903.24,4,0,1,102942.05,Allemagne,Homme,0
9633,533,27,7,171998.0,3,1,1,54783.96,Espagne,Homme,1
9634,668,34,3,64520.12,4,1,1,55040.18,France,Homme,0
9635,480,66,3,231988.06,2,0,1,26169.6,France,Homme,0
9636,712,66,1,168225.59,1,0,1,156910.23,France,Homme,1
9637,398,53,13,200669.21,1,1,0,69284.8,France,Homme,1
9638,404,34,0,12338.51,3,1,1,46954.27,Espagne,Femme,0
9639,503,35,0,149626.49,1,1,0,147033.77,France,Homme,1
9640,704,69,2,131903.08,4,1,1,72190.28,France,Homme,1
9641,549,40,5,73249.23,2,1,1,126086.76,France,Femme,0
9642,657,51,6,65607.5,4,1,1,92297.85,France,Femme,0
9643,705,25,12,145006.2,4,0,1,76818.25,France,Homme,1
9644,722,30,8,176621.41,3,1,1,105544.48,France,Homme,0
9645,467,40,4,8293.19,1,0,1,73051.75,France,Femme,1
9646,612,74,8,141850.4,4,1,0,176054.51,France,Homme,1
9647,395,79,7,42614.88,3,1,1,28512.46,Allemagne,Femme,0
9648,651,71,0,35090.68,4,0,1,20578.42,Allemagne,Homme,1
9649,705,37,10,155779.87,4,0,1,90182.71,France,Femme,0
9650,749,39,11,77717.53,4,0,0,46976.07,Espagne,Femme,1
9651,757,64,2,110220.06,3,1,1,152589.39,France,Homme,1
9652,538,69,7,89999.7,2,0,1,80385.27,France,Homme,1
9653,659,40,8,162084.08,4,1,1,63365.98,Allemagne,Homme,0
9654,667,58,13,117529.94,4,1,1,81485.57,Espagne,Femme,0
9655,478,52,3,240864.67,3,1,1,55604.53,France,Femme,0
9656,398,20,13,88095.69,1,1,1,70435.71,Allemagne,Homme,0
9657,374,51,13,185071.09,2,1,1,120077.28,Allemagne,Homme,1
9658,615,50,13,64323.14,3,1,1,174846.02,Allemagne,Homme,1
9659,467,63,11,127188.27,1,0,1,83610.83,France,Homme,1
9660,813,34,5,138142.44,3,0,1,74324.28,Allemagne,Homme,0
9661,493,62,3,82277.32,3,1,0,159631.13,France,Femme,1
9662,791,36,12,117945.13,2,1,1,19148.88,France,Femme,1
9663,549,47,14,69819.66,2,0,1,70884.12,Allemagne,Femme,0
9664,506,40,8,1500.2,2,1,1,98651.6,Allemagne,Homme,1
9665,836,32,1,53912.08,2,1,1,126122.41,Espagne,Homme,1
9666,697,76,5,175016.04,1,1,1,43871.38,France,Femme,1
9667,483,74,10,192740.76,4,1,1,95078.06,France,Homme,1
9668,749,31,12,70050.72,3,1,1,119765.59,France,Homme,1
9669,497,19,2,102010.75,2,1,0,109396.33,France,Femme,0
9670,685,56,9,9341.42,4,1,1,121291.95,France,Femme,0
9671,420,66,3,59265.73,1,1,1,137543.68,Allemagne,Femme,1
9672,582,35,1,194804.82,2,1,1,85183.94,France,Homme,0
9673,683,23,10,151496.57,3,1,1,26772.61,Allemagne,Homme,1
9674,648,76,7,51442.63,4,0,1,25277.91,France,Femme,0
9675,503,49,9,64360.5,2,0,1,173862.21,Allemagne,Homme,1
9676,439,38,7,204200.51,3,1,1,140322.56,Espagne,Homme,0
9677,683,57,0,52271.05,4,1,1,156374.17,France,Femme,0
9678,548,45,9,83539.43,3,0,1,186828.85,France,Homme,0
9679,510,44,5,166089.67,1,0,1,153850.71,Allemagne,Homme,0
9680,375,19,0,140278.1,2,0,0,143075.73,Allemagne,Homme,1
9681,470,50,5,115217.55,2,1,1,136315.33,France,Femme,0
9682,650,33,6,224935.27,3,1,1,62836.08,France,Homme,1
9683,561,56,14,54927.62,4,1,1,192099.4,Espagne,Homme,0
9684,412,39,1,185354.97,2,1,0,115278.2,Allemagne,Homme,1
9685,800,73,8,39765.96,3,1,1,56083.67,Allemagne,Femme,0
9686,785,60,7,153933.46,1,1,1,53817.85,France,Femme,0
9687,417,64,8,217655.89,2,1,1,165824.19,Allemagne,Homme,0
9688,602,30,14,114475.45,3,1,1,61288.59,Espagne,Femme,0
9689,759,79,9,181073.63,4,1,1,22663.88,Allemagne,Femme,0
9690,808,73,12,205098.34,2,1,0,94256.27,France,Femme,0
9691,351,19,3,34006.61,2,1,1,166209.83,Espagne,Homme,0
9692,747,31,3,176456.72,1,1,1,91671.33,Allemagne,Homme,0
9693,457,73,11,229960.26,3,1,1,163656.3,France,Homme,0
9694,635,55,7,144092.65,4,1,0,168034.03,Allemagne,Homme,1
9695,398,58,0,46530.56,1,1,1,173675.83,France,Femme,0
9696,489,45,7,31735.63,1,1,0,123946.47,Allemagne,Femme,1
9697,567,24,6,64933.83,1,1,0,144402.09,Espagne,Femme,1
9698,393,35,11,25878.32,3,1,1,63443.93,Allemagne,Homme,0
9699,766,73,6,128348.52,3,1,0,33444.12,France,Homme,1
9700,618,58,8,17426.17,2,0,0,113564.4,Espagne,Homme,0
9701,427,72,14,55851.16,3,0,1,16957.65,Espagne,Femme,1
9702,565,53,12,109977.61,1,1,0,101161.5,France,Femme,0
9703,731,58,9,118478.69,3,1,0,33887.32,France,Homme,0
9704,447,53,6,141349.62,4,1,1,35057.76,Espagne,Femme,1
9705,585,61,14,176403.74,2,1,1,176094.93,France,Homme,0
9706,631,21,1,11807.16,1,1,0,133495.87,France,Homme,0
9707,498,74,0,20155.24,2,1,1,134368.35,France,Homme,1
9708,761,47,0,15214.79,3,1,0,89828.18,France,Femme,1
9709,653,41,6,105787.58,2,1,1,91452.05,France,Femme,0
9710,833,37,4,10461.99,2,0,1,71074.92,Allemagne,Homme,1
9711,773,63,3,186520.32,3,1,1,95356.33,France,Homme,0
9712,415,73,4,55750.05,2,1,1,123618.14,Allemagne,Homme,1
9713,583,48,9,234803.12,3,1,1,49518.98,France,Homme,0
9714,806,41,9,121600.94,1,1,0,63411.44,France,Homme,1
9715,436,24,5,111581.44,2,1,1,106529.48,Allemagne,Homme,1
9716,428,43,11,195134.67,4,1,1,86184.36,Allemagne,Homme,1
9717,554,30,14,178288.5,4,0,1,166605.0,Espagne,Femme,0
9718,628,71,9,151827.26,1,1,1,167012.1,France,Homme,0
9719,686,25,5,233786.68,3,0,1,77158.53,France,Femme,0
9720,603,72,0,105564.82,3,1,1,98397.13,France,Homme,0
9721,653,22,1,202132.92,2,1,1,195668.69,Allemagne,Femme,0
9722,729,61,2,95023.24,2,1,0,168083.08,France,Femme,0
9723,479,30,3,209586.42,4,1,1,54897.18,Espagne,Femme,0
9724,433,46,5,64868.66,4,0,1,66842.36,Espagne,Homme,1
9725,625,37,11,72316.77,3,0,0,30443.86,France,Homme,1
9726,536,31,11,169467.38,4,1,1,140397.28,Espagne,Homme,0
9727,395,49,10,53178.32,3,1,0,73625.63,France,Homme,0
9728,736,77,12,57288.55,1,0,1,114270.11,France,Femme,1
9729,532,67,8,76315.61,1,0,0,157106.32,Allemagne,Homme,1
9730,617,44,11,169732.19,4,1,1,169666.49,France,Femme,0
9731,645,73,1,222347.02,2,1,0,75192.4,France,Femme,0
9732,671,42,7,168641.91,4,0,0,58890.68,France,Femme,1
9733,449,69,8,206953.56,4,1,1,171979.23,Allemagne,Homme,1
9734,427,21,1,135890.15,4,1,1,85535.1,France,Homme,0
9735,621,38,8,17230.81,2,1,1,167069.66,Allemagne,Homme,0
9736,688,35,6,25116.55,4,1,1,42706.18,France,Femme,0
9737,511,56,8,138597.99,2,1,1,183703.24,Allemagne,Femme,0
9738,393,32,5,81950.24,4,1,0,104378.25,France,Homme,1
9739,587,70,1,55142.02,2,0,1,46474.68,Espagne,Femme,0
9740,483,55,7,116564.23,2,0,1,113987.61,Espagne,Homme,1
9741,810,65,9,166624.19,2,0,1,175952.96,Espagne,Femme,1
9742,541,69,14,96247.99,2,1,1,87025.14,France,Femme,0
9743,705,41,8,200635.56,2,1,1,47941.38,France,Homme,0
9744,627,25,11,184630.81,1,1,1,121662.89,France,Femme,1
9745,367,45,7,183728.72,3,1,1,169376.42,Espagne,Femme,0
9746,361,38,1,246297.42,3,1,0,37450.45,France,Femme,0
9747,529,33,14,73807.49,2,1,1,22660.54,Allemagne,Homme,0
9748,472,77,7,161181.4,3,1,1,25414.3,Allemagne,Femme,0
9749,595,71,2,213869.59,2,0,1,57640.41,France,Homme,0
9750,571,33,2,144881.11,4,1,1,16350.87,Allemagne,Femme,1
9751,722,52,8,197375.54,1,1,1,94304.46,France,Homme,1
9752,400,34,12,103613.05,4,0,1,144083.65,France,Femme,0
9753,837,26,8,147622.84,4,0,1,146434.77,France,Femme,0
9754,420,74,14,13916.6,2,0,1,132791.63,France,Homme,1
9755,829,52,8,246441.9,4,1,0,69797.02,France,Femme,0
9756,397,69,3,200004.62,1,0,0,151148.48,Allemagne,Homme,1
9757,368,46,11,217202.27,4,1,1,121650.2,Espagne,Homme,0
9758,611,56,13,173573.57,1,1,0,174318.15,Allemagne,Homme,1
9759,433,35,6,46512.51,1,1,0,103431.02,France,Femme,1
9760,504,29,12,7757.11,2,1,1,48327.25,France,Homme,0
9761,402,36,7,216164.15,1,1,1,132410.77,Allemagne,Femme,1
9762,456,65,14,99082.66,4,1,0,42895.08,Espagne,Homme,0
9763,706,39,14,65966.22,2,1,0,193181.8,France,Femme,0
9764,653,76,12,140418.24,1,1,0,145107.76,France,Femme,0
9765,484,73,14,105224.63,1,1,0,154919.55,France,Homme,0
9766,792,66,12,162916.5,3,1,0,140664.66,Espagne,Femme,0
9767,418,69,4,120948.31,2,0,1,33048.52,Allemagne,Homme,1
9768,360,32,12,174308.29,3,1,0,101080.47,Allemagne,Femme,1
9769,492,18,14,213355.82,1,0,1,135511.82,France,Homme,1
9770,541,19,14,48889.25,3,0,1,57430.84,France,Homme,1
9771,736,25,0,82358.22,4,0,1,140707.89,Allemagne,Femme,1
9772,727,39,14,109203.9,4,0,0,166678.81,Allemagne,Femme,1
9773,418,42,8,240514.61,1,1,1,65862.05,Espagne,Femme,0
9774,372,19,5,91333.4,3,1,1,51926.61,Allemagne,Homme,1
9775,530,68,2,95274.96,3,1,1,178384.6,France,Homme,0
9776,642,26,2,163368.13,2,0,1,15960.98,Allemagne,Femme,1
9777,358,26,13,104799.93,4,1,1,62313.2,Allemagne,Homme,1
9778,620,30,13,237805.94,4,0,1,90245.12,Allemagne,Homme,1
9779,736,23,9,223617.19,2,1,1,139368.05,Espagne,Homme,0
9780,442,47,0,128352.19,4,1,1,199456.75,France,Femme,0
9781,803,32,12,161193.81,3,0,1,83601.4,Allemagne,Femme,0
9782,366,68,7,14507.64,3,1,1,190529.61,France,Homme,0
9783,503,70,1,173932.63,4,1,1,82853.24,France,Femme,0
9784,754,32,11,176800.22,2,1,0,143672.91,France,Homme,0
9785,677,67,0,89799.82,1,1,1,45592.9,Allemagne,Femme,0
9786,498,24,6,54920.72,1,1,1,100175.45,Espagne,Homme,0
9787,726,75,13,228769.6,1,1,1,176185.6,France,Femme,1
9788,616,28,10,106676.23,1,1,0,74198.96,Espagne,Femme,0
9789,771,57,8,163426.53,3,1,1,34462.48,France,Homme,0
9790,677,55,5,8332.2,1,1,1,111701.97,France,Femme,1
9791,455,57,7,103516.79,3,1,1,96313.92,Allemagne,Homme,1
9792,821,19,7,204314.7,3,1,1,57464.83,Allemagne,Homme,0
9793,730,68,8,96894.0,1,1,0,182538.82,France,Homme,0
9794,384,65,6,150790.29,1,1,1,126312.05,Espagne,Femme,0
9795,468,56,8,52463.95,1,1,1,79227.12,Allemagne,Femme,1
9796,363,27,14,104131.41,4,1,1,199284.28,Espagne,Femme,0
9797,363,61,8,231909.43,4,0,1,40449.75,Espagne,Femme,0
9798,615,34,11,141612.94,2,1,1,171871.03,Espagne,Homme,0
9799,489,24,10,225482.86,3,1,1,57665.61,France,Homme,1
9800,643,71,0,225504.82,1,1,1,59308.77,Espagne,Femme,0
9801,713,57,5,236036.95,4,1,1,107160.01,Espagne,Homme,0
9802,468,56,11,223847.92,2,1,1,137459.26,France,Femme,0
9803,587,21,7,820.28,3,1,1,142735.67,Espagne,Femme,1
9804,383,52,9,233503.72,3,0,1,19093.61,Allemagne,Femme,1
9805,518,68,8,34364.86,3,0,0,68068.72,Allemagne,Homme,1
9806,359,64,14,9981.56,4,0,1,137211.75,France,Homme,0
9807,471,53,3,13847.13,1,0,1,179600.94,France,Femme,0
9808,750,48,12,87229.05,1,1,1,138929.81,Allemagne,Homme,1
9809,494,42,1,155201.02,3,1,1,64188.04,France,Homme,0
9810,800,58,10,100577.8,3,0,1,108937.96,France,Homme,1
9811,795,30,8,6388.57,2,1,1,134801.64,France,Femme,0
9812,572,35,8,119120.66,2,1,1,40037.78,Espagne,Femme,0
9813,720,38,11,110532.69,3,0,0,115807.78,France,Homme,0
9814,606,65,7,189212.32,2,1,0,102258.25,Allemagne,Homme,1
9815,617,18,2,69903.22,4,1,1,77279.89,Espagne,Homme,0
9816,708,53,4,54382.79,3,0,0,130354.47,France,Homme,1
9817,353,67,1,63984.74,2,0,0,132700.01,France,Homme,0
9818,775,25,13,75934.96,3,1,1,194721.93,France,Femme,0
9819,746,69,2,149791.22,1,1,1,94236.46,Espagne,Femme,1
9820,703,65,0,117881.37,4,1,1,113284.42,France,Homme,1
9821,455,38,3,84223.64,3,1,1,44137.98,Allemagne,Femme,0
9822,434,60,4,93578.54,1,1,0,116447.03,Allemagne,Femme,1
9823,563,69,11,92730.92,3,1,1,21675.9,France,Homme,1
9824,470,70,1,243101.67,1,1,0,42727.35,Allemagne,Homme,1
9825,481,70,14,58249.25,2,1,1,46680.66,France,Homme,1
9826,687,38,14,204515.39,1,1,1,132038.24,France,Femme,0
9827,546,44,2,177052.71,4,0,1,119949.51,France,Homme,0
9828,368,36,11,1392.5,4,1,0,162636.84,France,Femme,0
9829,479,40,5,248294.05,2,1,0,100913.89,France,Femme,1
9830,361,68,5,189109.84,3,1,1,102848.4,France,Femme,0
9831,430,67,14,170612.4,4,1,1,44887.87,Espagne,Homme,1
9832,679,68,6,101331.18,2,0,1,152399.76,France,Femme,0
9833,703,60,11,138800.77,4,0,0,15675.79,Allemagne,Homme,1
9834,611,52,8,63317.72,2,1,1,93604.81,France,Homme,0
9835,741,57,3,8870.85,4,1,0,49840.14,France,Homme,1
9836,474,69,4,209005.41,2,1,1,157636.84,Allemagne,Femme,1
9837,656,68,10,224121.12,4,0,0,139577.4,Allemagne,Femme,1
9838,616,59,1,40617.66,3,1,1,145752.21,France,Femme,1
9839,796,65,5,196764.02,1,0,1,42486.91,Allemagne,Femme,1
9840,790,22,3,185288.17,4,1,1,138730.6,France,Femme,0
9841,732,69,4,44593.75,2,0,1,142815.34,France,Homme,0
9842,489,58,6,105457.2,3,1,0,15487.86,Allemagne,Femme,1
9843,678,25,5,105689.48,4,1,1,73756.16,France,Homme,1
9844,351,28,7,189991.06,2,1,1,31148.31,France,Homme,1
9845,357,33,5,209415.23,1,1,1,141057.93,Allemagne,Homme,0
9846,599,56,9,23693.78,2,1,1,54240.1,France,Femme,0
9847,488,64,13,140742.31,4,1,1,63961.97,Allemagne,Femme,1
9848,473,41,7,190437.12,2,1,1,29490.88,France,Femme,1
9849,658,78,12,196547.65,2,1,1,104504.23,Espagne,Homme,0
9850,577,38,13,36998.38,1,1,1,21111.07,France,Femme,0
9851,359,69,13,131376.29,4,1,1,171434.56,France,Femme,1
9852,818,40,3,214389.68,4,1,1,19877.72,Allemagne,Femme,0
9853,561,66,11,79629.64,1,0,1,26403.34,France,Homme,0
9854,461,55,6,106279.22,3,1,1,133475.23,Espagne,Homme,0
9855,357,64,2,201089.63,2,1,1,184632.7,Allemagne,Homme,0
9856,641,25,0,22329.88,2,1,1,180042.41,France,Femme,0
9857,826,24,12,214873.32,2,1,1,30471.64,France,Femme,0
9858,711,19,8,77789.18,4,1,0,68362.64,France,Homme,0
9859,809,47,8,362.58,4,1,0,111391.82,Espagne,Homme,0
9860,602,30,5,58539.79,2,0,0,19925.39,France,Homme,0
9861,363,79,14,22375.16,4,1,1,112798.88,France,Femme,1
9862,589,40,1,23096.23,1,1,1,97836.64,France,Homme,0
9863,787,46,7,173208.93,1,1,1,123856.03,France,Femme,0
9864,591,55,9,53494.08,4,1,1,185258.25,France,Femme,1
9865,818,78,5,233685.59,2,1,0,65804.57,Espagne,Homme,0
9866,691,54,6,129111.14,2,0,1,133232.86,Allemagne,Homme,0
9867,498,37,12,115024.56,2,1,1,94518.98,Allemagne,Femme,0
9868,585,50,0,108570.88,2,1,0,95498.81,Espagne,Homme,1
9869,655,46,2,173146.91,4,0,1,134745.21,France,Femme,0
9870,827,67,14,113065.69,3,0,0,190997.23,Espagne,Femme,1
9871,516,32,0,32150.09,3,1,1,174660.83,France,Homme,1
9872,369,40,9,220043.05,2,0,1,133311.65,France,Femme,0
9873,565,59,0,107098.84,2,0,1,100384.55,France,Homme,1
9874,692,20,11,18501.14,2,1,1,93438.54,Allemagne,Homme,1
9875,484,54,11,132341.5,3,1,1,160619.59,France,Femme,1
9876,742,73,10,161836.71,1,1,0,55370.83,Allemagne,Homme,1
9877,478,46,12,68895.62,3,1,0,123718.31,France,Femme,1
9878,759,62,0,200085.1,4,1,0,108416.45,Allemagne,Femme,1
9879,771,25,3,167443.96,3,1,1,135130.41,Allemagne,Femme,0
9880,643,39,12,162585.29,4,1,1,49672.89,Espagne,Homme,0
9881,595,70,6,105206.24,2,1,1,143715.09,Espagne,Femme,1
9882,538,46,6,240478.83,4,1,1,130994.96,Allemagne,Homme,0
9883,393,19,11,68547.29,2,1,1,48327.03,Espagne,Femme,1
9884,435,58,12,144426.38,1,1,1,98180.01,Allemagne,Femme,1
9885,393,66,4,77263.79,2,1,1,140544.58,Allemagne,Homme,0
9886,679,76,11,186201.19,2,1,1,181796.79,France,Homme,0
9887,724,67,5,11947.87,1,1,1,37588.43,France,Homme,1
9888,795,62,1,11473.47,2,1,1,16616.79,France,Femme,0
9889,727,18,4,202715.24,2,0,1,45553.52,Allemagne,Femme,0
9890,739,61,6,108567.04,2,1,1,198015.64,France,Femme,0
9891,494,37,13,85295.01,3,1,1,157148.5,France,Femme,0
9892,400,69,8,151881.72,4,1,1,128658.27,France,Femme,0
9893,591,38,5,175474.84,2,1,1,39607.42,France,Homme,0
9894,643,54,11,50300.34,3,1,0,91968.48,France,Femme,0
9895,757,25,13,46357.81,2,1,1,147319.19,Allemagne,Femme,0
9896,400,44,9,239537.69,4,1,1,180738.57,France,Homme,1
9897,615,64,3,147416.08,2,1,1,85637.3,France,Homme,0
9898,469,76,2,97529.12,4,1,1,199942.63,France,Femme,1
9899,549,52,8,200360.42,3,1,1,40851.24,France,Femme,0
9900,754,23,6,131289.74,3,1,1,86583.15,France,Femme,1
9901,597,77,10,60415.7,2,1,1,176948.53,France,Femme,0
9902,419,62,13,51683.83,1,1,1,135234.39,France,Homme,0
9903,690,61,12,99214.82,4,0,1,165020.11,France,Homme,0
9904,406,36,5,214973.97,2,1,1,182942.84,France,Femme,0
9905,731,78,6,15361.98,3,1,1,108853.53,Allemagne,Femme,1
9906,388,35,14,54631.5,2,1,1,58428.22,France,Homme,1
9907,821,73,7,223287.95,4,1,1,143335.78,Allemagne,Homme,1
9908,638,18,4,30433.64,2,0,1,119243.74,Allemagne,Homme,0
9909,792,42,2,157406.43,4,0,1,157940.1,France,Homme,1
9910,367,44,2,53377.84,3,1,1,109667.04,France,Femme,0
9911,789,24,12,151466.71,1,0,1,165055.6,Allemagne,Femme,1
9912,569,61,1,95776.04,1,0,1,181873.23,France,Femme,0
9913,662,59,7,25419.22,3,1,1,153672.86,France,Homme,0
9914,593,46,0,145618.77,3,1,0,152576.2,Allemagne,Homme,0
9915,701,48,11,170760.69,2,0,1,123630.03,Allemagne,Homme,1
9916,809,61,7,170068.15,3,0,0,102253.77,France,Homme,0
9917,653,60,2,159258.6,3,0,1,194928.72,Espagne,Homme,0
9918,647,53,8,125056.2,4,0,1,134345.82,Allemagne,Femme,1
9919,632,36,11,129868.15,2,0,1,170465.95,France,Femme,1
9920,423,23,13,158910.03,4,1,1,108500.67,Allemagne,Homme,1
9921,459,42,11,172564.84,2,1,1,117648.7,Espagne,Homme,0
9922,529,48,10,163719.18,2,1,1,137634.47,Allemagne,Homme,1
9923,775,26,1,146736.39,1,1,1,149782.19,Espagne,Femme,0
9924,381,37,9,38959.75,1,1,1,97945.81,France,Femme,0
9925,583,27,8,52654.13,3,0,1,80918.26,France,Femme,1
9926,631,54,5,65056.01,2,0,1,59292.69,France,Femme,0
9927,374,44,0,229915.41,3,1,1,93374.4,Allemagne,Homme,0
9928,680,30,4,189848.77,4,1,1,54079.01,France,Homme,0
9929,628,58,9,138216.7,3,0,1,92100.9,France,Homme,0
9930,575,19,8,63014.23,4,0,0,176812.0,France,Homme,0
9931,406,67,12,27722.88,1,1,1,195757.98,Allemagne,Femme,1
9932,529,38,5,224689.81,1,1,1,121763.86,Espagne,Homme,1
9933,581,50,6,223166.5,4,1,1,42011.0,France,Homme,1
9934,731,41,3,27673.9,4,1,0,94097.78,France,Femme,0
9935,692,70,0,199304.17,4,0,1,126384.15,France,Femme,0
9936,826,61,4,111661.27,3,0,1,83592.77,France,Homme,0
9937,636,59,1,80991.73,4,1,0,52953.89,Allemagne,Homme,0
9938,413,51,7,184776.13,2,1,1,56962.49,Allemagne,Homme,1
9939,804,77,3,153582.39,4,0,1,102676.84,Allemagne,Femme,0
9940,581,26,0,195007.53,1,1,1,55039.31,France,Homme,0
9941,638,19,9,18582.22,4,1,1,61161.7,France,Homme,0
9942,562,72,6,79646.75,1,0,0,176520.57,France,Femme,1
9943,607,73,11,79829.21,1,1,1,159126.16,France,Homme,0
9944,367,47,10,82438.27,3,1,1,25232.9,France,Homme,0
9945,524,39,1,125619.97,4,1,1,74232.7,France,Homme,0
9946,766,63,2,70753.45,1,1,1,113407.63,France,Homme,1
9947,578,28,13,111095.9,2,0,1,26212.6,Allemagne,Femme,0
9948,575,72,8,91944.4,4,1,1,141386.68,Allemagne,Femme,0
9949,433,60,14,183824.01,4,1,1,86122.35,France,Homme,0
9950,640,34,12,150875.2,1,0,0,88478.02,Espagne,Femme,1
9951,784,53,8,163407.36,3,1,1,64085.56,France,Homme,0
9952,719,30,1,52645.97,3,0,1,76776.86,France,Homme,0
9953,595,24,2,81375.54,4,0,1,174412.63,Allemagne,Homme,1
9954,751,33,10,5291.36,4,1,1,160891.55,France,Femme,0
9955,459,50,11,27093.68,3,0,0,188117.8,Allemagne,Homme,1
9956,603,62,8,66263.56,3,1,1,144314.52,Espagne,Femme,0
9957,437,18,0,16365.93,2,1,1,121906.28,France,Femme,1
9958,421,28,1,150658.1,4,0,1,62962.41,Allemagne,Homme,1
9959,730,23,10,249532.53,4,1,0,138368.23,France,Homme,0
9960,379,37,1,25203.8,4,1,0,182639.25,France,Femme,0
9961,521,52,9,205307.55,3,1,1,27795.64,France,Femme,0
9962,658,61,13,29704.06,1,1,1,96967.99,Allemagne,Femme,0
9963,743,54,2,167478.5,2,1,0,42631.73,France,Femme,1
9964,692,58,9,160789.4,3,0,0,164964.05,France,Femme,0
9965,785,43,2,225679.23,3,0,1,128608.17,France,Femme,0
9966,526,75,9,28486.4,2,1,1,177735.12,France,Homme,0
9967,488,29,12,78861.12,4,0,1,26673.52,France,Femme,0
9968,543,79,1,22694.94,1,1,1,182560.18,Allemagne,Homme,1
9969,535,47,7,101845.83,2,1,1,27431.37,Espagne,Homme,0
9970,567,45,7,227898.29,1,0,0,68207.07,France,Femme,1
9971,513,44,7,195380.79,4,0,1,43890.66,Allemagne,Femme,0
9972,510,59,1,180725.03,1,0,1,41896.35,Espagne,Homme,1
9973,780,36,14,133256.88,4,1,1,46758.93,France,Homme,0
9974,362,22,12,220871.44,3,1,1,103840.31,France,Homme,1
9975,645,75,8,112360.45,4,0,1,160107.02,Espagne,Femme,0
9976,438,22,10,37421.42,2,0,1,181181.3,Espagne,Homme,1
9977,673,58,6,209396.31,2,1,1,119872.31,France,Homme,0
9978,391,44,11,69909.58,4,0,1,44184.04,Allemagne,Femme,0
9979,752,45,4,13408.39,4,1,1,29650.27,Allemagne,Femme,1
9980,559,43,6,31509.51,3,1,1,106413.98,Allemagne,Femme,0
9981,578,44,7,152264.73,3,1,1,156595.34,Espagne,Femme,0
9982,699,69,8,151770.49,4,1,1,129729.79,Allemagne,Homme,0
9983,624,66,1,65045.79,1,1,0,122814.59,Allemagne,Femme,0
9984,791,59,5,181795.04,3,1,1,23908.71,Espagne,Femme,1
9985,628,38,8,193410.04,2,0,0,91135.9,France,Femme,1
9986,600,18,12,230125.66,3,1,1,116821.02,Allemagne,Femme,1
9987,659,71,5,146234.37,3,1,1,125683.94,Allemagne,Homme,1
9988,557,45,1,194855.84,3,0,1,15889.49,Espagne,Femme,0
9989,670,65,0,188274.92,3,0,1,51917.67,Espagne,Homme,0
9990,489,75,11,64452.26,4,0,1,190710.41,Allemagne,Homme,1
9991,629,75,2,77556.48,3,0,1,109099.11,France,Homme,0
9992,383,32,10,119620.6,1,1,1,145173.81,Allemagne,Femme,1
9993,658,72,4,4759.74,3,0,1,72014.55,Allemagne,Femme,1
9994,741,34,6,74349.44,3,1,1,123293.82,Allemagne,Homme,0
9995,367,43,9,118470.72,2,1,1,80946.45,France,Femme,0
9996,406,37,9,27017.32,3,1,1,69937.39,France,Homme,0
9997,461,42,2,31568.97,2,1,1,91108.63,France,Homme,1
9998,354,30,8,115809.18,2,1,0,100068.17,France,Femme,1
9999,759,50,9,182741.26,4,0,1,76262.36,Allemagne,Femme,0
10000,763,42,11,208437.23,2,0,1,62728.08,Espagne,Femme,0
